repository,condition,queryId,track,query,status,hitAt1,hitAt5,mrrAt10,ndcgAt10,rankedPaths,expected,error
chi,codebase-memory,chi-def-01,explicit-symbol,Where is Chain implemented?,success,1,1,1,1,"[""chain.go""]","{""filePath"":""chain.go"",""expectedRoute"":""definition"",""expectedOutcome"":""results""}",
chi,codebase-memory,chi-def-02,explicit-symbol,Where is NewRouteContext implemented?,success,1,1,1,1,"[""context.go""]","{""filePath"":""context.go"",""expectedRoute"":""definition"",""expectedOutcome"":""results""}",
chi,codebase-memory,chi-def-03,explicit-symbol,Where is BasicAuth implemented?,success,1,1,1,1,"[""middleware/basic_auth.go""]","{""filePath"":""middleware/basic_auth.go"",""expectedRoute"":""definition"",""expectedOutcome"":""results""}",
chi,codebase-memory,chi-def-04,explicit-symbol,Where is CleanPath implemented?,success,1,1,1,1,"[""middleware/clean_path.go""]","{""filePath"":""middleware/clean_path.go"",""expectedRoute"":""definition"",""expectedOutcome"":""results""}",
chi,codebase-memory,chi-def-05,explicit-symbol,Where is Heartbeat implemented?,success,1,1,1,1,"[""middleware/heartbeat.go""]","{""filePath"":""middleware/heartbeat.go"",""expectedRoute"":""definition"",""expectedOutcome"":""results""}",
chi,codebase-memory,chi-def-06,explicit-symbol,Where is NoCache implemented?,success,1,1,1,1,"[""middleware/nocache.go""]","{""filePath"":""middleware/nocache.go"",""expectedRoute"":""definition"",""expectedOutcome"":""results""}",
chi,codebase-memory,chi-nl-01,natural-language,"Where are request-handler panics logged and converted to an internal-server-error response, except that the HTTP abort sentinel is rethrown and upgrade requests are not given that status?",unsupported,,,,,[],"{""filePath"":""middleware/recoverer.go"",""expectedRoute"":""search"",""expectedOutcome"":""results""}",
chi,codebase-memory,chi-nl-02,natural-language,"Where is an incoming request identifier preserved when present, while a missing one is synthesized from a process prefix and an atomic sequence number and stored in the request context?",unsupported,,,,,[],"{""filePath"":""middleware/request_id.go"",""expectedRoute"":""search"",""expectedOutcome"":""results""}",
chi,codebase-memory,chi-nl-03,natural-language,"Where does request admission first try an immediate processing slot, otherwise wait within a bounded backlog until a timeout or cancellation, and reject immediately when overall capacity is exhausted?",unsupported,,,,,[],"{""filePath"":""middleware/throttle.go"",""expectedRoute"":""search"",""expectedOutcome"":""results""}",
chi,codebase-memory,chi-nl-04,natural-language,"Where is a request given a deadline-bearing context and, after its handler returns, sent a gateway-timeout status only if that context exceeded its deadline?",unsupported,,,,,[],"{""filePath"":""middleware/timeout.go"",""expectedRoute"":""search"",""expectedOutcome"":""results""}",
chi,codebase-memory,chi-nl-05,natural-language,"Where are trailing-slash redirects hardened by converting backslashes to forward slashes, forcing a single leading slash, and preserving the URL query string?",unsupported,,,,,[],"{""filePath"":""middleware/strip.go"",""expectedRoute"":""search"",""expectedOutcome"":""results""}",
chi,codegraph,chi-def-01,explicit-symbol,Where is Chain implemented?,success,1,1,1,1,"[""chain.go"",""middleware/value.go"",""mux.go"",""middleware/client_ip.go"",""middleware/client_ip_bench_test.go"",""middleware/client_ip_test.go""]","{""filePath"":""chain.go"",""expectedRoute"":""definition"",""expectedOutcome"":""results""}",
chi,codegraph,chi-def-02,explicit-symbol,Where is NewRouteContext implemented?,success,1,1,1,1,"[""context.go"",""mux.go""]","{""filePath"":""context.go"",""expectedRoute"":""definition"",""expectedOutcome"":""results""}",
chi,codegraph,chi-def-03,explicit-symbol,Where is BasicAuth implemented?,success,1,1,1,1,"[""middleware/basic_auth.go""]","{""filePath"":""middleware/basic_auth.go"",""expectedRoute"":""definition"",""expectedOutcome"":""results""}",
chi,codegraph,chi-def-04,explicit-symbol,Where is CleanPath implemented?,success,1,1,1,1,"[""middleware/clean_path.go""]","{""filePath"":""middleware/clean_path.go"",""expectedRoute"":""definition"",""expectedOutcome"":""results""}",
chi,codegraph,chi-def-05,explicit-symbol,Where is Heartbeat implemented?,success,1,1,1,1,"[""middleware/heartbeat.go"",""middleware/heartbeat_test.go""]","{""filePath"":""middleware/heartbeat.go"",""expectedRoute"":""definition"",""expectedOutcome"":""results""}",
chi,codegraph,chi-def-06,explicit-symbol,Where is NoCache implemented?,success,1,1,1,1,"[""middleware/nocache.go""]","{""filePath"":""middleware/nocache.go"",""expectedRoute"":""definition"",""expectedOutcome"":""results""}",
chi,codegraph,chi-nl-01,natural-language,"Where are request-handler panics logged and converted to an internal-server-error response, except that the HTTP abort sentinel is rethrown and upgrade requests are not given that status?",success,0,0,0,0,"[""chi.go"",""_examples/versions/data/errors.go"",""_examples/fileserver/main.go"",""mux.go"",""pattern_test.go"",""context.go""]","{""filePath"":""middleware/recoverer.go"",""expectedRoute"":""search"",""expectedOutcome"":""results""}",
chi,codegraph,chi-nl-02,natural-language,"Where is an incoming request identifier preserved when present, while a missing one is synthesized from a process prefix and an atomic sequence number and stored in the request context?",success,1,1,1,1,"[""middleware/request_id.go"",""context.go"",""_examples/versions/main.go"",""_examples/todos-resource/main.go"",""_examples/custom-method/main.go"",""_examples/limits/main.go"",""_examples/graceful/main.go"",""_examples/rest/main.go"",""_examples/hello-world/main.go"",""tree.go""]","{""filePath"":""middleware/request_id.go"",""expectedRoute"":""search"",""expectedOutcome"":""results""}",
chi,codegraph,chi-nl-03,natural-language,"Where does request admission first try an immediate processing slot, otherwise wait within a bounded backlog until a timeout or cancellation, and reject immediately when overall capacity is exhausted?",success,0,0,0,0,"[""middleware/timeout.go"",""middleware/request_id.go"",""middleware/request_size.go"",""_examples/limits/main.go"",""context.go"",""_examples/versions/main.go"",""_examples/todos-resource/main.go"",""_examples/custom-method/main.go"",""_examples/graceful/main.go"",""_examples/rest/main.go""]","{""filePath"":""middleware/throttle.go"",""expectedRoute"":""search"",""expectedOutcome"":""results""}",
chi,codegraph,chi-nl-04,natural-language,"Where is a request given a deadline-bearing context and, after its handler returns, sent a gateway-timeout status only if that context exceeded its deadline?",success,0,0,0,0,"[""context.go"",""middleware/wrap_writer.go"",""tree.go"",""mux_test.go"",""mux.go"",""tree_test.go""]","{""filePath"":""middleware/timeout.go"",""expectedRoute"":""search"",""expectedOutcome"":""results""}",
chi,codegraph,chi-nl-05,natural-language,"Where are trailing-slash redirects hardened by converting backslashes to forward slashes, forcing a single leading slash, and preserving the URL query string?",success,1,1,1,1,"[""middleware/strip.go"",""chi.go"",""middleware/strip_test.go"",""mux.go""]","{""filePath"":""middleware/strip.go"",""expectedRoute"":""search"",""expectedOutcome"":""results""}",
chi,grepai,chi-def-01,explicit-symbol,Where is Chain implemented?,success,1,1,1,1,"[""chain.go"",""tree.go"",""middleware/strip.go"",""_examples/rest/routes.json"",""chi.go"",""mux.go"",""_examples/router-walk/main.go"",""middleware/throttle.go"",""middleware/middleware.go"",""context.go""]","{""filePath"":""chain.go"",""expectedRoute"":""definition"",""expectedOutcome"":""results""}",
chi,grepai,chi-def-02,explicit-symbol,Where is NewRouteContext implemented?,success,0,1,0.2,0.38685280723454163,"[""chi.go"",""middleware/clean_path.go"",""middleware/path_rewrite.go"",""middleware/get_head.go"",""context.go"",""middleware/supress_notfound.go"",""middleware/url_format.go"",""tree.go"",""middleware/page_route.go"",""mux.go""]","{""filePath"":""context.go"",""expectedRoute"":""definition"",""expectedOutcome"":""results""}",
chi,grepai,chi-def-03,explicit-symbol,Where is BasicAuth implemented?,success,1,1,1,1,"[""middleware/basic_auth.go"",""middleware/heartbeat.go"",""middleware/wrap_writer.go"",""middleware/value.go"",""_examples/pathvalue/main.go"",""chi.go"",""_examples/custom-method/main.go"",""_examples/hello-world/main.go"",""_examples/rest/routes.json"",""middleware/strip.go""]","{""filePath"":""middleware/basic_auth.go"",""expectedRoute"":""definition"",""expectedOutcome"":""results""}",
chi,grepai,chi-def-04,explicit-symbol,Where is CleanPath implemented?,success,1,1,1,1,"[""middleware/clean_path.go"","".github/workflows/ci.yml"",""_examples/fileserver/main.go"",""chi.go"",""middleware/get_head.go"",""context.go"",""middleware/supress_notfound.go"",""middleware/recoverer.go"",""mux.go"",""middleware/strip.go""]","{""filePath"":""middleware/clean_path.go"",""expectedRoute"":""definition"",""expectedOutcome"":""results""}",
chi,grepai,chi-def-05,explicit-symbol,Where is Heartbeat implemented?,success,1,1,1,1,"[""middleware/heartbeat.go"",""_examples/fileserver/data/notes.txt"",""_examples/limits/main.go"",""middleware/throttle.go"",""_examples/graceful/main.go"",""middleware/route_headers.go"",""middleware/middleware.go"","".github/workflows/ci.yml"",""context.go"",""middleware/request_id.go""]","{""filePath"":""middleware/heartbeat.go"",""expectedRoute"":""definition"",""expectedOutcome"":""results""}",
chi,grepai,chi-def-06,explicit-symbol,Where is NoCache implemented?,success,1,1,1,1,"[""middleware/nocache.go"",""middleware/compress.go"",""_examples/rest/routes.json"",""tree.go"",""middleware/strip.go"",""chi.go"",""chain.go"",""middleware/recoverer.go"",""middleware/supress_notfound.go"",""_examples/rest/main.go""]","{""filePath"":""middleware/nocache.go"",""expectedRoute"":""definition"",""expectedOutcome"":""results""}",
chi,grepai,chi-nl-01,natural-language,"Where are request-handler panics logged and converted to an internal-server-error response, except that the HTTP abort sentinel is rethrown and upgrade requests are not given that status?",success,0,1,0.2,0.38685280723454163,"[""middleware/throttle.go"",""middleware/path_rewrite.go"",""middleware/maybe.go"",""middleware/value.go"",""middleware/recoverer.go"",""_examples/todos-resource/users.go"",""_examples/hello-world/main.go"",""middleware/timeout.go"",""middleware/compress.go"",""middleware/content_encoding.go""]","{""filePath"":""middleware/recoverer.go"",""expectedRoute"":""search"",""expectedOutcome"":""results""}",
chi,grepai,chi-nl-02,natural-language,"Where is an incoming request identifier preserved when present, while a missing one is synthesized from a process prefix and an atomic sequence number and stored in the request context?",success,1,1,1,1,"[""middleware/request_id.go"",""_examples/hello-world/main.go"",""middleware/strip.go"",""_examples/pathvalue/main.go"",""middleware/logger.go"",""_examples/rest/main.go"",""_examples/rest/routes.json"",""context.go"",""middleware/value.go"",""middleware/path_rewrite.go""]","{""filePath"":""middleware/request_id.go"",""expectedRoute"":""search"",""expectedOutcome"":""results""}",
chi,grepai,chi-nl-03,natural-language,"Where does request admission first try an immediate processing slot, otherwise wait within a bounded backlog until a timeout or cancellation, and reject immediately when overall capacity is exhausted?",success,1,1,1,1,"[""middleware/throttle.go"",""_examples/limits/main.go"",""middleware/timeout.go"",""middleware/request_size.go"",""mux.go"",""middleware/request_id.go"",""middleware/maybe.go"",""_examples/todos-resource/users.go"",""middleware/compress.go"",""_examples/hello-world/main.go""]","{""filePath"":""middleware/throttle.go"",""expectedRoute"":""search"",""expectedOutcome"":""results""}",
chi,grepai,chi-nl-04,natural-language,"Where is a request given a deadline-bearing context and, after its handler returns, sent a gateway-timeout status only if that context exceeded its deadline?",success,1,1,1,1,"[""middleware/timeout.go"",""_examples/limits/main.go"",""middleware/throttle.go"",""middleware/request_id.go"",""middleware/sunset.go"",""middleware/nocache.go"",""middleware/maybe.go"",""middleware/logger.go"",""_examples/graceful/main.go"",""_examples/hello-world/main.go""]","{""filePath"":""middleware/timeout.go"",""expectedRoute"":""search"",""expectedOutcome"":""results""}",
chi,grepai,chi-nl-05,natural-language,"Where are trailing-slash redirects hardened by converting backslashes to forward slashes, forcing a single leading slash, and preserving the URL query string?",success,1,1,1,1,"[""middleware/strip.go"",""middleware/path_rewrite.go"",""_examples/fileserver/main.go"",""context.go"",""_examples/rest/routes.json"",""middleware/clean_path.go"",""_examples/graceful/main.go"",""middleware/url_format.go"",""_examples/rest/main.go"",""_examples/todos-resource/users.go""]","{""filePath"":""middleware/strip.go"",""expectedRoute"":""search"",""expectedOutcome"":""results""}",
chi,literal-unindexed,chi-def-01,explicit-symbol,Where is Chain implemented?,success,1,1,1,1,"[""chain.go"",""middleware/client_ip_test.go"",""mux.go"",""mux_test.go"",""tree.go""]","{""filePath"":""chain.go"",""expectedRoute"":""definition"",""expectedOutcome"":""results""}",
chi,literal-unindexed,chi-def-02,explicit-symbol,Where is NewRouteContext implemented?,success,1,1,1,1,"[""context.go"",""middleware/get_head.go"",""mux.go"",""mux_test.go"",""tree_test.go""]","{""filePath"":""context.go"",""expectedRoute"":""definition"",""expectedOutcome"":""results""}",
chi,literal-unindexed,chi-def-03,explicit-symbol,Where is BasicAuth implemented?,success,0,1,0.5,0.6309297535714575,"[""README.md"",""middleware/basic_auth.go"",""middleware/basic_auth_test.go""]","{""filePath"":""middleware/basic_auth.go"",""expectedRoute"":""definition"",""expectedOutcome"":""results""}",
chi,literal-unindexed,chi-def-04,explicit-symbol,Where is CleanPath implemented?,success,0,1,0.3333333333333333,0.5,"[""CHANGELOG.md"",""README.md"",""middleware/clean_path.go"",""middleware/clean_path_test.go""]","{""filePath"":""middleware/clean_path.go"",""expectedRoute"":""definition"",""expectedOutcome"":""results""}",
chi,literal-unindexed,chi-def-05,explicit-symbol,Where is Heartbeat implemented?,success,0,1,0.5,0.6309297535714575,"[""README.md"",""middleware/heartbeat.go"",""middleware/heartbeat_test.go""]","{""filePath"":""middleware/heartbeat.go"",""expectedRoute"":""definition"",""expectedOutcome"":""results""}",
chi,literal-unindexed,chi-def-06,explicit-symbol,Where is NoCache implemented?,success,0,1,0.5,0.6309297535714575,"[""README.md"",""middleware/nocache.go"",""middleware/profiler.go""]","{""filePath"":""middleware/nocache.go"",""expectedRoute"":""definition"",""expectedOutcome"":""results""}",
chi,literal-unindexed,chi-nl-01,natural-language,"Where are request-handler panics logged and converted to an internal-server-error response, except that the HTTP abort sentinel is rethrown and upgrade requests are not given that status?",success,0,0,0,0,[],"{""filePath"":""middleware/recoverer.go"",""expectedRoute"":""search"",""expectedOutcome"":""results""}",
chi,literal-unindexed,chi-nl-02,natural-language,"Where is an incoming request identifier preserved when present, while a missing one is synthesized from a process prefix and an atomic sequence number and stored in the request context?",success,0,0,0,0,[],"{""filePath"":""middleware/request_id.go"",""expectedRoute"":""search"",""expectedOutcome"":""results""}",
chi,literal-unindexed,chi-nl-03,natural-language,"Where does request admission first try an immediate processing slot, otherwise wait within a bounded backlog until a timeout or cancellation, and reject immediately when overall capacity is exhausted?",success,0,0,0,0,[],"{""filePath"":""middleware/throttle.go"",""expectedRoute"":""search"",""expectedOutcome"":""results""}",
chi,literal-unindexed,chi-nl-04,natural-language,"Where is a request given a deadline-bearing context and, after its handler returns, sent a gateway-timeout status only if that context exceeded its deadline?",success,0,0,0,0,[],"{""filePath"":""middleware/timeout.go"",""expectedRoute"":""search"",""expectedOutcome"":""results""}",
chi,literal-unindexed,chi-nl-05,natural-language,"Where are trailing-slash redirects hardened by converting backslashes to forward slashes, forcing a single leading slash, and preserving the URL query string?",success,0,0,0,0,[],"{""filePath"":""middleware/strip.go"",""expectedRoute"":""search"",""expectedOutcome"":""results""}",
chi,ocbi-hybrid,chi-def-01,explicit-symbol,Where is Chain implemented?,success,1,1,1,1,"[""chain.go""]","{""filePath"":""chain.go"",""expectedRoute"":""definition"",""expectedOutcome"":""results""}",
chi,ocbi-hybrid,chi-def-02,explicit-symbol,Where is NewRouteContext implemented?,success,1,1,1,1,"[""context.go""]","{""filePath"":""context.go"",""expectedRoute"":""definition"",""expectedOutcome"":""results""}",
chi,ocbi-hybrid,chi-def-03,explicit-symbol,Where is BasicAuth implemented?,success,1,1,1,1,"[""middleware/basic_auth.go""]","{""filePath"":""middleware/basic_auth.go"",""expectedRoute"":""definition"",""expectedOutcome"":""results""}",
chi,ocbi-hybrid,chi-def-04,explicit-symbol,Where is CleanPath implemented?,success,1,1,1,1,"[""middleware/clean_path.go""]","{""filePath"":""middleware/clean_path.go"",""expectedRoute"":""definition"",""expectedOutcome"":""results""}",
chi,ocbi-hybrid,chi-def-05,explicit-symbol,Where is Heartbeat implemented?,success,1,1,1,1,"[""middleware/heartbeat.go""]","{""filePath"":""middleware/heartbeat.go"",""expectedRoute"":""definition"",""expectedOutcome"":""results""}",
chi,ocbi-hybrid,chi-def-06,explicit-symbol,Where is NoCache implemented?,success,1,1,1,1,"[""middleware/nocache.go""]","{""filePath"":""middleware/nocache.go"",""expectedRoute"":""definition"",""expectedOutcome"":""results""}",
chi,ocbi-hybrid,chi-nl-01,natural-language,"Where are request-handler panics logged and converted to an internal-server-error response, except that the HTTP abort sentinel is rethrown and upgrade requests are not given that status?",success,0,1,0.5,0.6309297535714575,"[""middleware/recoverer_test.go"",""middleware/recoverer.go"",""middleware/logger.go"",""tree.go"",""middleware/middleware_test.go"",""middleware/supress_notfound.go"",""middleware/throttle.go"",""middleware/wrap_writer_test.go"",""middleware/compress.go"",""middleware/request_id.go""]","{""filePath"":""middleware/recoverer.go"",""expectedRoute"":""search"",""expectedOutcome"":""results""}",
chi,ocbi-hybrid,chi-nl-02,natural-language,"Where is an incoming request identifier preserved when present, while a missing one is synthesized from a process prefix and an atomic sequence number and stored in the request context?",success,1,1,1,1,"[""middleware/request_id.go"",""middleware/wrap_writer.go"",""_examples/rest/main.go"",""middleware/strip.go"",""middleware/logger.go"",""_examples/versions/data/errors.go"",""middleware/request_size.go"",""context.go"",""mux.go"",""middleware/recoverer.go""]","{""filePath"":""middleware/request_id.go"",""expectedRoute"":""search"",""expectedOutcome"":""results""}",
chi,ocbi-hybrid,chi-nl-03,natural-language,"Where does request admission first try an immediate processing slot, otherwise wait within a bounded backlog until a timeout or cancellation, and reject immediately when overall capacity is exhausted?",success,1,1,1,1,"[""middleware/throttle.go"",""middleware/throttle_test.go"",""middleware/timeout.go"",""_examples/limits/main.go"",""middleware/request_id.go"",""middleware/request_size.go"",""_examples/rest/main.go"",""middleware/compress.go"",""context.go"",""README.md""]","{""filePath"":""middleware/throttle.go"",""expectedRoute"":""search"",""expectedOutcome"":""results""}",
chi,ocbi-hybrid,chi-nl-04,natural-language,"Where is a request given a deadline-bearing context and, after its handler returns, sent a gateway-timeout status only if that context exceeded its deadline?",success,0,1,0.5,0.6309297535714575,"[""middleware/compress.go"",""middleware/timeout.go"",""middleware/request_id.go"",""middleware/route_headers.go"",""_examples/limits/main.go"",""chain.go"",""middleware/wrap_writer.go"",""middleware/throttle.go"",""mux.go"",""middleware/logger.go""]","{""filePath"":""middleware/timeout.go"",""expectedRoute"":""search"",""expectedOutcome"":""results""}",
chi,ocbi-hybrid,chi-nl-05,natural-language,"Where are trailing-slash redirects hardened by converting backslashes to forward slashes, forcing a single leading slash, and preserving the URL query string?",success,1,1,1,1,"[""middleware/strip.go"",""middleware/strip_test.go"",""context_test.go"",""_examples/rest/main.go"",""middleware/clean_path.go"",""mux_test.go"",""mux.go"",""middleware/client_ip_example_test.go"",""middleware/client_ip_test.go"",""middleware/request_id.go""]","{""filePath"":""middleware/strip.go"",""expectedRoute"":""search"",""expectedOutcome"":""results""}",
chi,ocbi-structural,chi-def-01,explicit-symbol,Where is Chain implemented?,success,1,1,1,1,"[""chain.go""]","{""filePath"":""chain.go"",""expectedRoute"":""definition"",""expectedOutcome"":""results""}",
chi,ocbi-structural,chi-def-02,explicit-symbol,Where is NewRouteContext implemented?,success,1,1,1,1,"[""context.go""]","{""filePath"":""context.go"",""expectedRoute"":""definition"",""expectedOutcome"":""results""}",
chi,ocbi-structural,chi-def-03,explicit-symbol,Where is BasicAuth implemented?,success,1,1,1,1,"[""middleware/basic_auth.go""]","{""filePath"":""middleware/basic_auth.go"",""expectedRoute"":""definition"",""expectedOutcome"":""results""}",
chi,ocbi-structural,chi-def-04,explicit-symbol,Where is CleanPath implemented?,success,1,1,1,1,"[""middleware/clean_path.go""]","{""filePath"":""middleware/clean_path.go"",""expectedRoute"":""definition"",""expectedOutcome"":""results""}",
chi,ocbi-structural,chi-def-05,explicit-symbol,Where is Heartbeat implemented?,success,1,1,1,1,"[""middleware/heartbeat.go""]","{""filePath"":""middleware/heartbeat.go"",""expectedRoute"":""definition"",""expectedOutcome"":""results""}",
chi,ocbi-structural,chi-def-06,explicit-symbol,Where is NoCache implemented?,success,1,1,1,1,"[""middleware/nocache.go""]","{""filePath"":""middleware/nocache.go"",""expectedRoute"":""definition"",""expectedOutcome"":""results""}",
chi,ocbi-structural,chi-nl-01,natural-language,"Where are request-handler panics logged and converted to an internal-server-error response, except that the HTTP abort sentinel is rethrown and upgrade requests are not given that status?",success,1,1,1,1,"[""middleware/recoverer.go"",""tree.go"",""middleware/middleware_test.go"",""middleware/supress_notfound.go"",""middleware/throttle.go"",""middleware/wrap_writer_test.go"",""middleware/request_id.go"",""middleware/content_charset.go"",""middleware/wrap_writer.go"",""middleware/content_charset_test.go""]","{""filePath"":""middleware/recoverer.go"",""expectedRoute"":""search"",""expectedOutcome"":""results""}",
chi,ocbi-structural,chi-nl-02,natural-language,"Where is an incoming request identifier preserved when present, while a missing one is synthesized from a process prefix and an atomic sequence number and stored in the request context?",success,1,1,1,1,"[""middleware/request_id.go"",""context.go"",""middleware/request_size.go"",""_examples/versions/data/errors.go"",""_examples/rest/main.go"",""middleware/logger.go"",""_examples/versions/presenter/v3/article.go"",""_examples/versions/presenter/v1/article.go"",""_examples/versions/presenter/v2/article.go"",""mux.go""]","{""filePath"":""middleware/request_id.go"",""expectedRoute"":""search"",""expectedOutcome"":""results""}",
chi,ocbi-structural,chi-nl-03,natural-language,"Where does request admission first try an immediate processing slot, otherwise wait within a bounded backlog until a timeout or cancellation, and reject immediately when overall capacity is exhausted?",success,1,1,1,1,"[""middleware/throttle.go"",""middleware/throttle_test.go"",""_examples/limits/main.go"",""_examples/rest/main.go"",""middleware/request_id.go"",""middleware/compress.go"",""context.go"",""README.md"",""middleware/client_ip.go"",""middleware/client_ip_test.go""]","{""filePath"":""middleware/throttle.go"",""expectedRoute"":""search"",""expectedOutcome"":""results""}",
chi,ocbi-structural,chi-nl-04,natural-language,"Where is a request given a deadline-bearing context and, after its handler returns, sent a gateway-timeout status only if that context exceeded its deadline?",success,0,0,0,0,"[""chain.go"",""middleware/compress.go"",""middleware/route_headers.go"",""middleware/request_id.go"",""context.go"",""mux.go"",""middleware/logger.go"",""middleware/throttle.go"",""middleware/request_size.go"",""tree.go""]","{""filePath"":""middleware/timeout.go"",""expectedRoute"":""search"",""expectedOutcome"":""results""}",
chi,ocbi-structural,chi-nl-05,natural-language,"Where are trailing-slash redirects hardened by converting backslashes to forward slashes, forcing a single leading slash, and preserving the URL query string?",success,1,1,1,1,"[""middleware/strip.go"",""middleware/strip_test.go"",""context_test.go"",""_examples/rest/main.go"",""middleware/clean_path.go"",""mux.go"",""middleware/client_ip_example_test.go"",""mux_test.go"",""middleware/client_ip_test.go"",""middleware/request_id.go""]","{""filePath"":""middleware/strip.go"",""expectedRoute"":""search"",""expectedOutcome"":""results""}",
chi,plain-file-bm25,chi-def-01,explicit-symbol,Where is Chain implemented?,success,1,1,1,1,"[""chain.go"",""middleware/value.go"",""mux.go"",""middleware/client_ip.go"",""middleware/client_ip_bench_test.go"",""middleware/client_ip_test.go"",""tree.go"",""middleware/client_ip_example_test.go"",""README.md"",""_examples/rest/main.go""]","{""filePath"":""chain.go"",""expectedRoute"":""definition"",""expectedOutcome"":""results""}",
chi,plain-file-bm25,chi-def-02,explicit-symbol,Where is NewRouteContext implemented?,success,0,1,0.5,0.6309297535714575,"[""middleware/get_head.go"",""context.go"",""tree_test.go"",""mux.go"",""mux_test.go""]","{""filePath"":""context.go"",""expectedRoute"":""definition"",""expectedOutcome"":""results""}",
chi,plain-file-bm25,chi-def-03,explicit-symbol,Where is BasicAuth implemented?,success,1,1,1,1,"[""middleware/basic_auth.go"",""middleware/basic_auth_test.go"",""README.md""]","{""filePath"":""middleware/basic_auth.go"",""expectedRoute"":""definition"",""expectedOutcome"":""results""}",
chi,plain-file-bm25,chi-def-04,explicit-symbol,Where is CleanPath implemented?,success,1,1,1,1,"[""middleware/clean_path.go"",""middleware/clean_path_test.go"",""README.md"",""CHANGELOG.md""]","{""filePath"":""middleware/clean_path.go"",""expectedRoute"":""definition"",""expectedOutcome"":""results""}",
chi,plain-file-bm25,chi-def-05,explicit-symbol,Where is Heartbeat implemented?,success,0,1,0.5,0.6309297535714575,"[""middleware/heartbeat_test.go"",""middleware/heartbeat.go"",""README.md""]","{""filePath"":""middleware/heartbeat.go"",""expectedRoute"":""definition"",""expectedOutcome"":""results""}",
chi,plain-file-bm25,chi-def-06,explicit-symbol,Where is NoCache implemented?,success,1,1,1,1,"[""middleware/nocache.go"",""middleware/profiler.go"",""README.md""]","{""filePath"":""middleware/nocache.go"",""expectedRoute"":""definition"",""expectedOutcome"":""results""}",
chi,plain-file-bm25,chi-nl-01,natural-language,"Where are request-handler panics logged and converted to an internal-server-error response, except that the HTTP abort sentinel is rethrown and upgrade requests are not given that status?",success,1,1,1,1,"[""middleware/recoverer.go"",""middleware/client_ip.go"",""_examples/rest/routes.json"",""_examples/rest/main.go"",""middleware/wrap_writer.go"",""middleware/middleware_test.go"",""README.md"",""middleware/compress.go"",""middleware/throttle.go"",""CHANGELOG.md""]","{""filePath"":""middleware/recoverer.go"",""expectedRoute"":""search"",""expectedOutcome"":""results""}",
chi,plain-file-bm25,chi-nl-02,natural-language,"Where is an incoming request identifier preserved when present, while a missing one is synthesized from a process prefix and an atomic sequence number and stored in the request context?",success,1,1,1,1,"[""middleware/request_id.go"",""middleware/client_ip.go"",""middleware/client_ip_test.go"",""CHANGELOG.md"",""README.md"",""middleware/throttle.go"",""tree.go"",""_examples/rest/routes.json"",""middleware/route_headers_test.go"",""middleware/wrap_writer.go""]","{""filePath"":""middleware/request_id.go"",""expectedRoute"":""search"",""expectedOutcome"":""results""}",
chi,plain-file-bm25,chi-nl-03,natural-language,"Where does request admission first try an immediate processing slot, otherwise wait within a bounded backlog until a timeout or cancellation, and reject immediately when overall capacity is exhausted?",success,1,1,1,1,"[""middleware/throttle.go"",""middleware/throttle_test.go"",""_examples/limits/main.go"",""middleware/client_ip.go"",""middleware/timeout.go"",""middleware/compress.go"",""middleware/client_ip_test.go"",""README.md"",""middleware/request_id.go"",""_examples/rest/routes.json""]","{""filePath"":""middleware/throttle.go"",""expectedRoute"":""search"",""expectedOutcome"":""results""}",
chi,plain-file-bm25,chi-nl-04,natural-language,"Where is a request given a deadline-bearing context and, after its handler returns, sent a gateway-timeout status only if that context exceeded its deadline?",success,1,1,1,1,"[""middleware/timeout.go"",""_examples/rest/main.go"",""middleware/client_ip.go"",""context.go"",""middleware/logger.go"",""_examples/rest/routes.json"",""README.md"",""middleware/wrap_writer.go"",""middleware/request_id.go"",""_examples/limits/main.go""]","{""filePath"":""middleware/timeout.go"",""expectedRoute"":""search"",""expectedOutcome"":""results""}",
chi,plain-file-bm25,chi-nl-05,natural-language,"Where are trailing-slash redirects hardened by converting backslashes to forward slashes, forcing a single leading slash, and preserving the URL query string?",success,1,1,1,1,"[""middleware/strip.go"",""chi.go"",""context_test.go"",""middleware/strip_test.go"",""CHANGELOG.md"",""README.md"",""middleware/client_ip_example_test.go"",""mux.go"",""middleware/clean_path.go"",""middleware/client_ip_test.go""]","{""filePath"":""middleware/strip.go"",""expectedRoute"":""search"",""expectedOutcome"":""results""}",
dry-types,codebase-memory,dry-types-def-01,explicit-symbol,Where is to_date implemented?,success,1,1,1,1,"[""lib/dry/types/coercions.rb""]","{""filePath"":""lib/dry/types/coercions.rb"",""expectedRoute"":""definition"",""expectedOutcome"":""results""}",
dry-types,codebase-memory,dry-types-def-02,explicit-symbol,Where is build_keys implemented?,success,1,1,1,1,"[""lib/dry/types/hash.rb""]","{""filePath"":""lib/dry/types/hash.rb"",""expectedRoute"":""definition"",""expectedOutcome"":""results""}",
dry-types,codebase-memory,dry-types-def-03,explicit-symbol,Where is map_value implemented?,success,1,1,1,1,"[""lib/dry/types/enum.rb""]","{""filePath"":""lib/dry/types/enum.rb"",""expectedRoute"":""definition"",""expectedOutcome"":""results""}",
dry-types,codebase-memory,dry-types-def-04,explicit-symbol,Where is compile_fn implemented?,success,1,1,1,1,"[""lib/dry/types/compiler.rb""]","{""filePath"":""lib/dry/types/compiler.rb"",""expectedRoute"":""definition"",""expectedOutcome"":""results""}",
dry-types,codebase-memory,dry-types-def-05,explicit-symbol,Where is registry_tree implemented?,success,1,1,1,1,"[""lib/dry/types/module.rb""]","{""filePath"":""lib/dry/types/module.rb"",""expectedRoute"":""definition"",""expectedOutcome"":""results""}",
dry-types,codebase-memory,dry-types-def-06,explicit-symbol,Where is infer_predicate implemented?,success,1,1,1,1,"[""lib/dry/types/predicate_inferrer.rb""]","{""filePath"":""lib/dry/types/predicate_inferrer.rb"",""expectedRoute"":""definition"",""expectedOutcome"":""results""}",
dry-types,codebase-memory,dry-types-nl-01,natural-language,"Where does a typed-array conversion try every element, omit missing-value sentinel results from the output, and on failure attach the first element error to the partially converted array?",unsupported,,,,,[],"{""filePath"":""lib/dry/types/array/member.rb"",""expectedRoute"":""search"",""expectedOutcome"":""results""}",
dry-types,codebase-memory,dry-types-nl-02,natural-language,"Where does a default-value wrapper substitute its fallback for missing input or a missing result from the wrapped conversion, evaluating a callable fallback with the wrapped type as its argument?",unsupported,,,,,[],"{""filePath"":""lib/dry/types/default.rb"",""expectedRoute"":""search"",""expectedOutcome"":""results""}",
dry-types,codebase-memory,dry-types-nl-03,natural-language,"Where does a conversion wrapper turn a coercion error from its conversion function into a failure carrying the original input, optionally yielding that failure, while successful conversions continue through the wrapped type?",unsupported,,,,,[],"{""filePath"":""lib/dry/types/constructor.rb"",""expectedRoute"":""search"",""expectedOutcome"":""results""}",
dry-types,codebase-memory,dry-types-nl-04,natural-language,"Where are missing dictionary fields filled from enabled defaults, while a required field without a default triggers a block failure or missing-field error unless omission is explicitly permitted?",unsupported,,,,,[],"{""filePath"":""lib/dry/types/schema.rb"",""expectedRoute"":""search"",""expectedOutcome"":""results""}",
dry-types,codebase-memory,dry-types-nl-05,natural-language,"Where does typed-dictionary conversion detect collisions after key coercion, gather key or value errors across entries, and report an aggregate failure against the original input rather than return the partial output?",unsupported,,,,,[],"{""filePath"":""lib/dry/types/map.rb"",""expectedRoute"":""search"",""expectedOutcome"":""results""}",
dry-types,codebase-memory,dry-types-nl-06,natural-language,"Where does a choice between two types try the left alternative first and attempt the right only on failure, propagating the right-hand error when neither alternative accepts the input?",unsupported,,,,,[],"{""filePath"":""lib/dry/types/sum.rb"",""expectedRoute"":""search"",""expectedOutcome"":""results""}",
dry-types,codegraph,dry-types-def-01,explicit-symbol,Where is to_date implemented?,success,1,1,1,1,"[""lib/dry/types/coercions.rb""]","{""filePath"":""lib/dry/types/coercions.rb"",""expectedRoute"":""definition"",""expectedOutcome"":""results""}",
dry-types,codegraph,dry-types-def-02,explicit-symbol,Where is build_keys implemented?,success,1,1,1,1,"[""lib/dry/types/hash.rb""]","{""filePath"":""lib/dry/types/hash.rb"",""expectedRoute"":""definition"",""expectedOutcome"":""results""}",
dry-types,codegraph,dry-types-def-03,explicit-symbol,Where is map_value implemented?,success,1,1,1,1,"[""lib/dry/types/enum.rb"",""lib/dry/types/map.rb""]","{""filePath"":""lib/dry/types/enum.rb"",""expectedRoute"":""definition"",""expectedOutcome"":""results""}",
dry-types,codegraph,dry-types-def-04,explicit-symbol,Where is compile_fn implemented?,success,1,1,1,1,"[""lib/dry/types/compiler.rb""]","{""filePath"":""lib/dry/types/compiler.rb"",""expectedRoute"":""definition"",""expectedOutcome"":""results""}",
dry-types,codegraph,dry-types-def-05,explicit-symbol,Where is registry_tree implemented?,success,1,1,1,1,"[""lib/dry/types/module.rb""]","{""filePath"":""lib/dry/types/module.rb"",""expectedRoute"":""definition"",""expectedOutcome"":""results""}",
dry-types,codegraph,dry-types-def-06,explicit-symbol,Where is infer_predicate implemented?,success,1,1,1,1,"[""lib/dry/types/predicate_inferrer.rb""]","{""filePath"":""lib/dry/types/predicate_inferrer.rb"",""expectedRoute"":""definition"",""expectedOutcome"":""results""}",
dry-types,codegraph,dry-types-nl-01,natural-language,"Where does a typed-array conversion try every element, omit missing-value sentinel results from the output, and on failure attach the first element error to the partially converted array?",success,0,1,0.5,0.6309297535714575,"[""lib/dry/types/errors.rb"",""lib/dry/types/array/member.rb"",""lib/dry/types/array.rb"",""lib/dry/types/nominal.rb"",""lib/dry/types/builder.rb"",""lib/dry/types/meta.rb"",""lib/dry/types/printable.rb"",""lib/dry/types/type.rb"",""lib/dry/types/options.rb"",""lib/dry/types/schema.rb""]","{""filePath"":""lib/dry/types/array/member.rb"",""expectedRoute"":""search"",""expectedOutcome"":""results""}",
dry-types,codegraph,dry-types-nl-02,natural-language,"Where does a default-value wrapper substitute its fallback for missing input or a missing result from the wrapped conversion, evaluating a callable fallback with the wrapped type as its argument?",success,1,1,1,1,"[""lib/dry/types/default.rb"",""lib/dry/types/constructor/wrapper.rb"",""lib/dry/types/extensions/maybe.rb""]","{""filePath"":""lib/dry/types/default.rb"",""expectedRoute"":""search"",""expectedOutcome"":""results""}",
dry-types,codegraph,dry-types-nl-03,natural-language,"Where does a conversion wrapper turn a coercion error from its conversion function into a failure carrying the original input, optionally yielding that failure, while successful conversions continue through the wrapped type?",success,0,0,0,0,"[""lib/dry/types/errors.rb"",""lib/dry/types/schema.rb"",""lib/dry/types/map.rb"",""lib/dry/types/array/member.rb"",""lib/dry/types/nominal.rb"",""lib/dry/types/constructor/function.rb"",""lib/dry/types/coercions.rb""]","{""filePath"":""lib/dry/types/constructor.rb"",""expectedRoute"":""search"",""expectedOutcome"":""results""}",
dry-types,codegraph,dry-types-nl-04,natural-language,"Where are missing dictionary fields filled from enabled defaults, while a required field without a default triggers a block failure or missing-field error unless omission is explicitly permitted?",success,0,1,0.3333333333333333,0.5,"[""lib/dry/types/errors.rb"",""lib/dry/types/nominal.rb"",""lib/dry/types/schema.rb"",""lib/dry/types/constructor.rb"",""lib/dry/types/map.rb"",""lib/dry/types/array/member.rb"",""lib/dry/types/result.rb""]","{""filePath"":""lib/dry/types/schema.rb"",""expectedRoute"":""search"",""expectedOutcome"":""results""}",
dry-types,codegraph,dry-types-nl-05,natural-language,"Where does typed-dictionary conversion detect collisions after key coercion, gather key or value errors across entries, and report an aggregate failure against the original input rather than return the partial output?",success,0,1,0.2,0.38685280723454163,"[""lib/dry/types/errors.rb"",""lib/dry/types/composition.rb"",""lib/dry/types/nominal.rb"",""lib/dry/types/schema.rb"",""lib/dry/types/map.rb"",""lib/dry/types/array/member.rb"",""lib/dry/types/constructor/function.rb"",""lib/dry/types/coercions.rb"",""lib/dry/types/constructor/wrapper.rb"",""lib/dry/types/intersection.rb""]","{""filePath"":""lib/dry/types/map.rb"",""expectedRoute"":""search"",""expectedOutcome"":""results""}",
dry-types,codegraph,dry-types-nl-06,natural-language,"Where does a choice between two types try the left alternative first and attempt the right only on failure, propagating the right-hand error when neither alternative accepts the input?",success,0,0,0.14285714285714285,0.3333333333333333,"[""lib/dry/types/result.rb"",""lib/dry/types/composition.rb"",""lib/dry/types/nominal.rb"",""lib/dry/types/extensions/monads.rb"",""lib/dry/types/intersection.rb"",""lib/dry/types/constructor/wrapper.rb"",""lib/dry/types/sum.rb"",""lib/dry/types/constructor.rb"",""lib/dry/types/schema.rb"",""lib/dry/types/map.rb""]","{""filePath"":""lib/dry/types/sum.rb"",""expectedRoute"":""search"",""expectedOutcome"":""results""}",
dry-types,grepai,dry-types-def-01,explicit-symbol,Where is to_date implemented?,success,0,1,0.2,0.38685280723454163,"[""benchmarks/profile_valid_input.rb"",""repo-sync.yml"",""lib/dry/types/coercions/json.rb"",""lib/dry/types/constrained.rb"",""lib/dry/types/coercions.rb"",""benchmarks/profile_invalid_input.rb"",""spec/dry/types/predicate_registry_spec.rb"",""benchmarks/profile_lax_schema_valid.rb"",""lib/dry/types/any.rb"","".rubocop.yml""]","{""filePath"":""lib/dry/types/coercions.rb"",""expectedRoute"":""definition"",""expectedOutcome"":""results""}",
dry-types,grepai,dry-types-def-02,explicit-symbol,Where is build_keys implemented?,success,0,1,0.5,0.6309297535714575,"[""lib/dry/types/schema.rb"",""lib/dry/types/hash.rb"",""spec/dry/types/hash_spec.rb"",""spec/dry/types/schema_spec.rb"",""lib/dry/types/predicate_registry.rb"",""lib/dry/types/constraints.rb"",""lib/dry/types/schema/key.rb"",""lib/dry/types/builder_methods.rb"",""spec/dry/types_spec.rb"",""lib/dry/types/builder.rb""]","{""filePath"":""lib/dry/types/hash.rb"",""expectedRoute"":""definition"",""expectedOutcome"":""results""}",
dry-types,grepai,dry-types-def-03,explicit-symbol,Where is map_value implemented?,success,0,1,0.3333333333333333,0.5,"[""lib/dry/types/coercions.rb"",""lib/dry/types/intersection.rb"",""lib/dry/types/enum.rb"",""spec/dry/types/map_spec.rb"",""lib/dry/types/module.rb"",""lib/dry/types/map.rb"",""lib/dry/types/printer.rb"",""lib/dry/types/implication.rb"",""lib/dry/types/schema.rb"",""spec/dry/types/predicate_inferrer_spec.rb""]","{""filePath"":""lib/dry/types/enum.rb"",""expectedRoute"":""definition"",""expectedOutcome"":""results""}",
dry-types,grepai,dry-types-def-04,explicit-symbol,Where is compile_fn implemented?,success,1,1,1,1,"[""lib/dry/types/compiler.rb"",""lib/dry/types/fn_container.rb"",""spec/dry/types/compiler_spec.rb"",""lib/dry/types/builder.rb"",""lib/dry/types/hash/constructor.rb"",""lib/dry/types/constructor/function.rb"",""spec/dry/types/constructor/function_spec.rb"",""lib/dry/types/spec/types.rb"",""lib/dry/types/array/constructor.rb"",""lib/dry/types/constraints.rb""]","{""filePath"":""lib/dry/types/compiler.rb"",""expectedRoute"":""definition"",""expectedOutcome"":""results""}",
dry-types,grepai,dry-types-def-05,explicit-symbol,Where is registry_tree implemented?,success,0,0,0.1111111111111111,0.3010299956639812,"[""spec/dry/types/predicate_registry_spec.rb"",""lib/dry/types/predicate_registry.rb"",""lib/dry/types/params.rb"",""lib/dry/types/core.rb"",""lib/dry/types/extensions/maybe.rb"",""lib/dry/types/primitive_inferrer.rb"",""lib/dry/types/extensions.rb"","".rubocop.yml"",""lib/dry/types/module.rb"",""lib/dry/types/fn_container.rb""]","{""filePath"":""lib/dry/types/module.rb"",""expectedRoute"":""definition"",""expectedOutcome"":""results""}",
dry-types,grepai,dry-types-def-06,explicit-symbol,Where is infer_predicate implemented?,success,1,1,1,1,"[""lib/dry/types/predicate_inferrer.rb"",""spec/dry/types/predicate_inferrer_spec.rb"",""spec/dry/types/primitive_inferrer_spec.rb"",""lib/dry/types/primitive_inferrer.rb"",""spec/dry/types/predicate_registry_spec.rb"",""lib/dry/types/predicate_registry.rb"",""spec/extensions/maybe/maybe_spec.rb"",""lib/dry/types/implication.rb"",""lib/dry/types/spec/types.rb"",""spec/dry/types/enum_spec.rb""]","{""filePath"":""lib/dry/types/predicate_inferrer.rb"",""expectedRoute"":""definition"",""expectedOutcome"":""results""}",
dry-types,grepai,dry-types-nl-01,natural-language,"Where does a typed-array conversion try every element, omit missing-value sentinel results from the output, and on failure attach the first element error to the partially converted array?",success,0,1,0.3333333333333333,0.5,"[""lib/dry/types/errors.rb"",""spec/dry/types/array_spec.rb"",""lib/dry/types/array/member.rb"",""lib/dry/types/coercions.rb"",""lib/dry/types/enum.rb"",""lib/dry/types/result.rb"",""spec/dry/types/errors_spec.rb"",""lib/dry/types/schema.rb"",""lib/dry/types/map.rb"",""spec/dry/types/lax_spec.rb""]","{""filePath"":""lib/dry/types/array/member.rb"",""expectedRoute"":""search"",""expectedOutcome"":""results""}",
dry-types,grepai,dry-types-nl-02,natural-language,"Where does a default-value wrapper substitute its fallback for missing input or a missing result from the wrapped conversion, evaluating a callable fallback with the wrapped type as its argument?",success,0,1,0.3333333333333333,0.5,"[""spec/dry/types/builder_spec.rb"",""lib/dry/types/builder.rb"",""lib/dry/types/default.rb"",""lib/dry/types/constructor/wrapper.rb"",""spec/dry/types/constructor/function_spec.rb"",""spec/dry/types_spec.rb"",""lib/dry/types/constructor/function.rb"",""spec/dry/types/constructor/wrapper_spec.rb"",""spec/dry/types/default_spec.rb"",""spec/dry/types/constructor_spec.rb""]","{""filePath"":""lib/dry/types/default.rb"",""expectedRoute"":""search"",""expectedOutcome"":""results""}",
dry-types,grepai,dry-types-nl-03,natural-language,"Where does a conversion wrapper turn a coercion error from its conversion function into a failure carrying the original input, optionally yielding that failure, while successful conversions continue through the wrapped type?",success,0,0,0.125,0.31546487678572877,"[""lib/dry/types/coercions/params.rb"",""lib/dry/types/coercions/json.rb"",""lib/dry/types/constrained/coercible.rb"",""spec/dry/types/compiler_spec.rb"",""lib/dry/types/coercions.rb"",""spec/dry/types/errors_spec.rb"",""lib/dry/types/map.rb"",""lib/dry/types/constructor.rb"",""spec/dry/types/types/params_spec.rb"",""spec/dry/types/core_spec.rb""]","{""filePath"":""lib/dry/types/constructor.rb"",""expectedRoute"":""search"",""expectedOutcome"":""results""}",
dry-types,grepai,dry-types-nl-04,natural-language,"Where are missing dictionary fields filled from enabled defaults, while a required field without a default triggers a block failure or missing-field error unless omission is explicitly permitted?",success,0,1,0.25,0.43067655807339306,"[""spec/dry/types/default_spec.rb"",""lib/dry/types/schema/key.rb"",""spec/dry/types/implication_spec.rb"",""lib/dry/types/schema.rb"",""lib/dry/types/nominal.rb"",""lib/dry/types/default.rb"",""spec/dry/types/constrained_spec.rb"",""spec/dry/types/module_spec.rb"",""spec/extensions/maybe/default_spec.rb"",""benchmarks/setup.rb""]","{""filePath"":""lib/dry/types/schema.rb"",""expectedRoute"":""search"",""expectedOutcome"":""results""}",
dry-types,grepai,dry-types-nl-05,natural-language,"Where does typed-dictionary conversion detect collisions after key coercion, gather key or value errors across entries, and report an aggregate failure against the original input rather than return the partial output?",success,0,1,0.3333333333333333,0.5,"[""lib/dry/types/coercions/json.rb"",""lib/dry/types/schema.rb"",""lib/dry/types/map.rb"",""lib/dry/types/errors.rb"",""lib/dry/types/coercions/params.rb"",""lib/dry/types/coercions.rb"",""lib/dry/types/intersection.rb"",""spec/dry/types/errors_spec.rb"",""lib/dry/types/constrained/coercible.rb"",""spec/extensions/monads/result_spec.rb""]","{""filePath"":""lib/dry/types/map.rb"",""expectedRoute"":""search"",""expectedOutcome"":""results""}",
dry-types,grepai,dry-types-nl-06,natural-language,"Where does a choice between two types try the left alternative first and attempt the right only on failure, propagating the right-hand error when neither alternative accepts the input?",success,0,0,0,0,"[""lib/dry/types/map.rb"",""spec/dry/types/implication_spec.rb"",""lib/dry/types/enum.rb"",""lib/dry/types/type.rb"",""lib/dry/types/constrained/coercible.rb"",""lib/dry/types/implication.rb"",""lib/dry/types/constructor.rb"",""lib/dry/types/default.rb"",""lib/dry/types/intersection.rb"",""lib/dry/types/builder.rb""]","{""filePath"":""lib/dry/types/sum.rb"",""expectedRoute"":""search"",""expectedOutcome"":""results""}",
dry-types,literal-unindexed,dry-types-def-01,explicit-symbol,Where is to_date implemented?,success,1,1,1,1,"[""lib/dry/types/coercions.rb"",""lib/dry/types/json.rb"",""lib/dry/types/params.rb"",""spec/dry/types/default_spec.rb""]","{""filePath"":""lib/dry/types/coercions.rb"",""expectedRoute"":""definition"",""expectedOutcome"":""results""}",
dry-types,literal-unindexed,dry-types-def-02,explicit-symbol,Where is build_keys implemented?,success,1,1,1,1,"[""lib/dry/types/hash.rb"",""lib/dry/types/schema.rb""]","{""filePath"":""lib/dry/types/hash.rb"",""expectedRoute"":""definition"",""expectedOutcome"":""results""}",
dry-types,literal-unindexed,dry-types-def-03,explicit-symbol,Where is map_value implemented?,success,1,1,1,1,"[""lib/dry/types/enum.rb""]","{""filePath"":""lib/dry/types/enum.rb"",""expectedRoute"":""definition"",""expectedOutcome"":""results""}",
dry-types,literal-unindexed,dry-types-def-04,explicit-symbol,Where is compile_fn implemented?,success,1,1,1,1,"[""lib/dry/types/compiler.rb""]","{""filePath"":""lib/dry/types/compiler.rb"",""expectedRoute"":""definition"",""expectedOutcome"":""results""}",
dry-types,literal-unindexed,dry-types-def-05,explicit-symbol,Where is registry_tree implemented?,success,1,1,1,1,"[""lib/dry/types/module.rb""]","{""filePath"":""lib/dry/types/module.rb"",""expectedRoute"":""definition"",""expectedOutcome"":""results""}",
dry-types,literal-unindexed,dry-types-def-06,explicit-symbol,Where is infer_predicate implemented?,success,0,1,0.5,0.6309297535714575,"[""CHANGELOG.md"",""lib/dry/types/predicate_inferrer.rb"",""spec/dry/types/predicate_inferrer_spec.rb""]","{""filePath"":""lib/dry/types/predicate_inferrer.rb"",""expectedRoute"":""definition"",""expectedOutcome"":""results""}",
dry-types,literal-unindexed,dry-types-nl-01,natural-language,"Where does a typed-array conversion try every element, omit missing-value sentinel results from the output, and on failure attach the first element error to the partially converted array?",success,0,0,0,0,[],"{""filePath"":""lib/dry/types/array/member.rb"",""expectedRoute"":""search"",""expectedOutcome"":""results""}",
dry-types,literal-unindexed,dry-types-nl-02,natural-language,"Where does a default-value wrapper substitute its fallback for missing input or a missing result from the wrapped conversion, evaluating a callable fallback with the wrapped type as its argument?",success,0,0,0,0,[],"{""filePath"":""lib/dry/types/default.rb"",""expectedRoute"":""search"",""expectedOutcome"":""results""}",
dry-types,literal-unindexed,dry-types-nl-03,natural-language,"Where does a conversion wrapper turn a coercion error from its conversion function into a failure carrying the original input, optionally yielding that failure, while successful conversions continue through the wrapped type?",success,0,0,0,0,[],"{""filePath"":""lib/dry/types/constructor.rb"",""expectedRoute"":""search"",""expectedOutcome"":""results""}",
dry-types,literal-unindexed,dry-types-nl-04,natural-language,"Where are missing dictionary fields filled from enabled defaults, while a required field without a default triggers a block failure or missing-field error unless omission is explicitly permitted?",success,0,0,0,0,[],"{""filePath"":""lib/dry/types/schema.rb"",""expectedRoute"":""search"",""expectedOutcome"":""results""}",
dry-types,literal-unindexed,dry-types-nl-05,natural-language,"Where does typed-dictionary conversion detect collisions after key coercion, gather key or value errors across entries, and report an aggregate failure against the original input rather than return the partial output?",success,0,0,0,0,[],"{""filePath"":""lib/dry/types/map.rb"",""expectedRoute"":""search"",""expectedOutcome"":""results""}",
dry-types,literal-unindexed,dry-types-nl-06,natural-language,"Where does a choice between two types try the left alternative first and attempt the right only on failure, propagating the right-hand error when neither alternative accepts the input?",success,0,0,0,0,[],"{""filePath"":""lib/dry/types/sum.rb"",""expectedRoute"":""search"",""expectedOutcome"":""results""}",
dry-types,ocbi-hybrid,dry-types-def-01,explicit-symbol,Where is to_date implemented?,success,0,0,0,0,[],"{""filePath"":""lib/dry/types/coercions.rb"",""expectedRoute"":""definition"",""expectedOutcome"":""results""}",
dry-types,ocbi-hybrid,dry-types-def-02,explicit-symbol,Where is build_keys implemented?,success,0,0,0,0,[],"{""filePath"":""lib/dry/types/hash.rb"",""expectedRoute"":""definition"",""expectedOutcome"":""results""}",
dry-types,ocbi-hybrid,dry-types-def-03,explicit-symbol,Where is map_value implemented?,success,0,0,0,0,[],"{""filePath"":""lib/dry/types/enum.rb"",""expectedRoute"":""definition"",""expectedOutcome"":""results""}",
dry-types,ocbi-hybrid,dry-types-def-04,explicit-symbol,Where is compile_fn implemented?,success,0,0,0,0,[],"{""filePath"":""lib/dry/types/compiler.rb"",""expectedRoute"":""definition"",""expectedOutcome"":""results""}",
dry-types,ocbi-hybrid,dry-types-def-05,explicit-symbol,Where is registry_tree implemented?,success,0,0,0,0,[],"{""filePath"":""lib/dry/types/module.rb"",""expectedRoute"":""definition"",""expectedOutcome"":""results""}",
dry-types,ocbi-hybrid,dry-types-def-06,explicit-symbol,Where is infer_predicate implemented?,success,0,0,0,0,[],"{""filePath"":""lib/dry/types/predicate_inferrer.rb"",""expectedRoute"":""definition"",""expectedOutcome"":""results""}",
dry-types,ocbi-hybrid,dry-types-nl-01,natural-language,"Where does a typed-array conversion try every element, omit missing-value sentinel results from the output, and on failure attach the first element error to the partially converted array?",success,0,0,0.16666666666666666,0.3562071871080222,"[""lib/dry/types/errors.rb"",""lib/dry/types/builder.rb"",""lib/dry/types.rb"",""lib/dry/types/coercions/params.rb"",""lib/dry/types/intersection.rb"",""lib/dry/types/array/member.rb"",""spec/dry/types/lax_spec.rb"",""lib/dry/types/composition.rb"",""lib/dry/types/constrained.rb"",""lib/dry/types/sum.rb""]","{""filePath"":""lib/dry/types/array/member.rb"",""expectedRoute"":""search"",""expectedOutcome"":""results""}",
dry-types,ocbi-hybrid,dry-types-nl-02,natural-language,"Where does a default-value wrapper substitute its fallback for missing input or a missing result from the wrapped conversion, evaluating a callable fallback with the wrapped type as its argument?",success,0,1,0.5,0.6309297535714575,"[""lib/dry/types/builder.rb"",""lib/dry/types/default.rb"",""lib/dry/types/schema.rb"",""CHANGELOG.md"",""lib/dry/types/decorator.rb"",""lib/dry/types.rb"",""spec/dry/types/lax_spec.rb"",""spec/dry/types/builder_spec.rb"",""spec/dry/types/constructor/wrapper_spec.rb"",""spec/dry/types/enum_spec.rb""]","{""filePath"":""lib/dry/types/default.rb"",""expectedRoute"":""search"",""expectedOutcome"":""results""}",
dry-types,ocbi-hybrid,dry-types-nl-03,natural-language,"Where does a conversion wrapper turn a coercion error from its conversion function into a failure carrying the original input, optionally yielding that failure, while successful conversions continue through the wrapped type?",success,0,1,0.5,0.6309297535714575,"[""spec/dry/types/constructor/function_spec.rb"",""lib/dry/types/constructor.rb"",""lib/dry/types/errors.rb"",""lib/dry/types/extensions/monads.rb"",""lib/dry/types/coercions/params.rb"",""lib/dry/types/constrained.rb"",""lib/dry/types/coercions/json.rb"",""spec/dry/types/nominal_spec.rb"",""lib/dry/types/nominal.rb"",""lib/dry/types/constructor/wrapper.rb""]","{""filePath"":""lib/dry/types/constructor.rb"",""expectedRoute"":""search"",""expectedOutcome"":""results""}",
dry-types,ocbi-hybrid,dry-types-nl-04,natural-language,"Where are missing dictionary fields filled from enabled defaults, while a required field without a default triggers a block failure or missing-field error unless omission is explicitly permitted?",success,0,1,0.5,0.6309297535714575,"[""lib/dry/types/errors.rb"",""lib/dry/types/schema.rb"",""lib/dry/types/decorator.rb"",""lib/dry/types.rb"",""lib/dry/types/builder.rb"",""lib/dry/types/array/member.rb"",""CHANGELOG.md"",""lib/dry/types/default.rb"",""lib/dry/types/nominal.rb"",""spec/dry/types/default_spec.rb""]","{""filePath"":""lib/dry/types/schema.rb"",""expectedRoute"":""search"",""expectedOutcome"":""results""}",
dry-types,ocbi-hybrid,dry-types-nl-05,natural-language,"Where does typed-dictionary conversion detect collisions after key coercion, gather key or value errors across entries, and report an aggregate failure against the original input rather than return the partial output?",success,0,1,0.5,0.6309297535714575,"[""lib/dry/types/errors.rb"",""lib/dry/types/map.rb"",""lib/dry/types/builder.rb"",""CHANGELOG.md"",""lib/dry/types/schema.rb"",""lib/dry/types/constructor.rb"",""lib/dry/types/coercions/json.rb"",""spec/dry/types/nominal_spec.rb"",""lib/dry/types/coercions/params.rb"",""spec/dry/types/constructor/function_spec.rb""]","{""filePath"":""lib/dry/types/map.rb"",""expectedRoute"":""search"",""expectedOutcome"":""results""}",
dry-types,ocbi-hybrid,dry-types-nl-06,natural-language,"Where does a choice between two types try the left alternative first and attempt the right only on failure, propagating the right-hand error when neither alternative accepts the input?",success,0,1,0.5,0.6309297535714575,"[""lib/dry/types/composition.rb"",""lib/dry/types/sum.rb"",""lib/dry/types/intersection.rb"",""lib/dry/types/decorator.rb"",""lib/dry/types/builder.rb"",""lib/dry/types/implication.rb"",""lib/dry/types/errors.rb"",""lib/dry/types/default.rb"",""lib/dry/types/schema.rb"",""spec/dry/types/default_spec.rb""]","{""filePath"":""lib/dry/types/sum.rb"",""expectedRoute"":""search"",""expectedOutcome"":""results""}",
dry-types,ocbi-structural,dry-types-def-01,explicit-symbol,Where is to_date implemented?,success,0,0,0,0,[],"{""filePath"":""lib/dry/types/coercions.rb"",""expectedRoute"":""definition"",""expectedOutcome"":""results""}",
dry-types,ocbi-structural,dry-types-def-02,explicit-symbol,Where is build_keys implemented?,success,0,0,0,0,[],"{""filePath"":""lib/dry/types/hash.rb"",""expectedRoute"":""definition"",""expectedOutcome"":""results""}",
dry-types,ocbi-structural,dry-types-def-03,explicit-symbol,Where is map_value implemented?,success,0,0,0,0,[],"{""filePath"":""lib/dry/types/enum.rb"",""expectedRoute"":""definition"",""expectedOutcome"":""results""}",
dry-types,ocbi-structural,dry-types-def-04,explicit-symbol,Where is compile_fn implemented?,success,0,0,0,0,[],"{""filePath"":""lib/dry/types/compiler.rb"",""expectedRoute"":""definition"",""expectedOutcome"":""results""}",
dry-types,ocbi-structural,dry-types-def-05,explicit-symbol,Where is registry_tree implemented?,success,0,0,0,0,[],"{""filePath"":""lib/dry/types/module.rb"",""expectedRoute"":""definition"",""expectedOutcome"":""results""}",
dry-types,ocbi-structural,dry-types-def-06,explicit-symbol,Where is infer_predicate implemented?,success,0,0,0,0,[],"{""filePath"":""lib/dry/types/predicate_inferrer.rb"",""expectedRoute"":""definition"",""expectedOutcome"":""results""}",
dry-types,ocbi-structural,dry-types-nl-01,natural-language,"Where does a typed-array conversion try every element, omit missing-value sentinel results from the output, and on failure attach the first element error to the partially converted array?",success,0,1,0.5,0.6309297535714575,"[""lib/dry/types/builder.rb"",""lib/dry/types/array/member.rb"",""lib/dry/types/intersection.rb"",""spec/dry/types/lax_spec.rb"",""lib/dry/types/constrained.rb"",""lib/dry/types/sum.rb"",""spec/dry/types/array_spec.rb"",""lib/dry/types/constructor/wrapper.rb"",""spec/dry/types/nominal_spec.rb"",""CHANGELOG.md""]","{""filePath"":""lib/dry/types/array/member.rb"",""expectedRoute"":""search"",""expectedOutcome"":""results""}",
dry-types,ocbi-structural,dry-types-nl-02,natural-language,"Where does a default-value wrapper substitute its fallback for missing input or a missing result from the wrapped conversion, evaluating a callable fallback with the wrapped type as its argument?",success,0,0,0,0,"[""lib/dry/types/builder.rb"",""lib/dry/types/schema.rb"",""CHANGELOG.md"",""lib/dry/types.rb"",""spec/dry/types/lax_spec.rb"",""spec/dry/types/builder_spec.rb"",""lib/dry/types/schema/key.rb"",""spec/dry/types/enum_spec.rb"",""spec/dry/types/default_spec.rb"",""spec/extensions/maybe/maybe_spec.rb""]","{""filePath"":""lib/dry/types/default.rb"",""expectedRoute"":""search"",""expectedOutcome"":""results""}",
dry-types,ocbi-structural,dry-types-nl-03,natural-language,"Where does a conversion wrapper turn a coercion error from its conversion function into a failure carrying the original input, optionally yielding that failure, while successful conversions continue through the wrapped type?",success,1,1,1,1,"[""lib/dry/types/constructor.rb"",""lib/dry/types/extensions/monads.rb"",""lib/dry/types/constrained.rb"",""spec/dry/types/nominal_spec.rb"",""lib/dry/types/constructor/wrapper.rb"",""lib/dry/types/constructor/function.rb"",""CHANGELOG.md"",""lib/dry/types/array/member.rb"",""spec/dry/types/default_spec.rb"",""spec/dry/types/enum_spec.rb""]","{""filePath"":""lib/dry/types/constructor.rb"",""expectedRoute"":""search"",""expectedOutcome"":""results""}",
dry-types,ocbi-structural,dry-types-nl-04,natural-language,"Where are missing dictionary fields filled from enabled defaults, while a required field without a default triggers a block failure or missing-field error unless omission is explicitly permitted?",success,1,1,1,1,"[""lib/dry/types/schema.rb"",""lib/dry/types/array/member.rb"",""lib/dry/types/builder.rb"",""CHANGELOG.md"",""lib/dry/types/nominal.rb"",""lib/dry/types/constructor.rb"",""spec/dry/types/module_spec.rb"",""lib/dry/types/schema/key.rb"",""lib/dry/types/constructor/function.rb"",""spec/dry/types/default_spec.rb""]","{""filePath"":""lib/dry/types/schema.rb"",""expectedRoute"":""search"",""expectedOutcome"":""results""}",
dry-types,ocbi-structural,dry-types-nl-05,natural-language,"Where does typed-dictionary conversion detect collisions after key coercion, gather key or value errors across entries, and report an aggregate failure against the original input rather than return the partial output?",success,0,1,0.5,0.6309297535714575,"[""lib/dry/types/builder.rb"",""lib/dry/types/map.rb"",""lib/dry/types/constructor.rb"",""CHANGELOG.md"",""spec/dry/types/nominal_spec.rb"",""lib/dry/types/schema.rb"",""lib/dry/types/constructor/wrapper.rb"",""CONTRIBUTING.md"",""spec/dry/types/map_spec.rb"",""CODE_OF_CONDUCT.md""]","{""filePath"":""lib/dry/types/map.rb"",""expectedRoute"":""search"",""expectedOutcome"":""results""}",
dry-types,ocbi-structural,dry-types-nl-06,natural-language,"Where does a choice between two types try the left alternative first and attempt the right only on failure, propagating the right-hand error when neither alternative accepts the input?",success,1,1,1,1,"[""lib/dry/types/sum.rb"",""lib/dry/types/intersection.rb"",""lib/dry/types/builder.rb"",""lib/dry/types/implication.rb"",""lib/dry/types/predicate_inferrer.rb"",""spec/dry/types/default_spec.rb"",""lib/dry/types/composition.rb"",""spec/dry/types/nominal_spec.rb"",""spec/dry/types/enum_spec.rb"",""CHANGELOG.md""]","{""filePath"":""lib/dry/types/sum.rb"",""expectedRoute"":""search"",""expectedOutcome"":""results""}",
dry-types,plain-file-bm25,dry-types-def-01,explicit-symbol,Where is to_date implemented?,success,0,1,0.25,0.43067655807339306,"[""spec/dry/types/types/json_spec.rb"",""lib/dry/types/json.rb"",""lib/dry/types/params.rb"",""lib/dry/types/coercions.rb"",""spec/dry/types/types/params_spec.rb"",""spec/dry/types/core_spec.rb"",""spec/dry/types/predicate_inferrer_spec.rb"",""lib/dry/types/core.rb"",""lib/dry/types/coercions/json.rb"",""lib/dry/types/predicate_inferrer.rb""]","{""filePath"":""lib/dry/types/coercions.rb"",""expectedRoute"":""definition"",""expectedOutcome"":""results""}",
dry-types,plain-file-bm25,dry-types-def-02,explicit-symbol,Where is build_keys implemented?,success,1,1,1,1,"[""lib/dry/types/hash.rb"",""lib/dry/types/compiler.rb"",""lib/dry/types/schema.rb"",""lib/dry/types/builder_methods.rb"",""lib/dry/types/errors.rb"",""spec/dry/types/schema_spec.rb"","".github/workflows/rubocop.yml"",""lib/dry/types/constraints.rb"",""lib/dry/types/array.rb"",""spec/dry/types/hash_spec.rb""]","{""filePath"":""lib/dry/types/hash.rb"",""expectedRoute"":""definition"",""expectedOutcome"":""results""}",
dry-types,plain-file-bm25,dry-types-def-03,explicit-symbol,Where is map_value implemented?,success,0,1,0.3333333333333333,0.5,"[""spec/dry/types/map_spec.rb"",""lib/dry/types/builder_methods.rb"",""lib/dry/types/enum.rb"",""lib/dry/types/hash.rb"",""lib/dry/types/printer.rb"",""lib/dry/types/module.rb"",""lib/dry/types/schema.rb"",""lib/dry/types/map.rb"",""lib/dry/types/intersection.rb"",""lib/dry/types/compiler.rb""]","{""filePath"":""lib/dry/types/enum.rb"",""expectedRoute"":""definition"",""expectedOutcome"":""results""}",
dry-types,plain-file-bm25,dry-types-def-04,explicit-symbol,Where is compile_fn implemented?,success,1,1,1,1,"[""lib/dry/types/compiler.rb""]","{""filePath"":""lib/dry/types/compiler.rb"",""expectedRoute"":""definition"",""expectedOutcome"":""results""}",
dry-types,plain-file-bm25,dry-types-def-05,explicit-symbol,Where is registry_tree implemented?,success,1,1,1,1,"[""lib/dry/types/module.rb"",""lib/dry/types/compiler.rb"",""spec/dry/types/predicate_registry_spec.rb"",""lib/dry/types/predicate_inferrer.rb"",""spec/dry/types/module_spec.rb"",""lib/dry/types/predicate_registry.rb"",""spec/dry/types/implication_spec.rb"",""spec/dry/types/intersection_spec.rb"",""spec/dry/types/sum_spec.rb""]","{""filePath"":""lib/dry/types/module.rb"",""expectedRoute"":""definition"",""expectedOutcome"":""results""}",
dry-types,plain-file-bm25,dry-types-def-06,explicit-symbol,Where is infer_predicate implemented?,success,1,1,1,1,"[""lib/dry/types/predicate_inferrer.rb"",""spec/dry/types/predicate_inferrer_spec.rb"",""spec/dry/types/predicate_registry_spec.rb"",""lib/dry/types/predicate_registry.rb"",""spec/dry/types/to_ast_spec.rb"",""lib/dry/types/primitive_inferrer.rb"",""lib/dry/types/constraints.rb"",""spec/dry/types/compiler_spec.rb"",""CHANGELOG.md"",""spec/dry/types/map_spec.rb""]","{""filePath"":""lib/dry/types/predicate_inferrer.rb"",""expectedRoute"":""definition"",""expectedOutcome"":""results""}",
dry-types,plain-file-bm25,dry-types-nl-01,natural-language,"Where does a typed-array conversion try every element, omit missing-value sentinel results from the output, and on failure attach the first element error to the partially converted array?",success,0,1,0.3333333333333333,0.5,"[""spec/dry/types/lax_spec.rb"",""lib/dry/types/schema.rb"",""lib/dry/types/array/member.rb"",""lib/dry/types/builder.rb"",""CHANGELOG.md"",""lib/dry/types/sum.rb"",""spec/dry/types/array_spec.rb"",""lib/dry/types/map.rb"",""lib/dry/types/constructor.rb"",""spec/dry/types/schema_spec.rb""]","{""filePath"":""lib/dry/types/array/member.rb"",""expectedRoute"":""search"",""expectedOutcome"":""results""}",
dry-types,plain-file-bm25,dry-types-nl-02,natural-language,"Where does a default-value wrapper substitute its fallback for missing input or a missing result from the wrapped conversion, evaluating a callable fallback with the wrapped type as its argument?",success,0,0,0,0,"[""lib/dry/types/schema.rb"",""spec/dry/types/lax_spec.rb"",""CHANGELOG.md"",""spec/dry/types/constructor_spec.rb"",""spec/dry/types/schema_spec.rb"",""lib/dry/types/builder.rb"",""lib/dry/types.rb"",""lib/dry/types/spec/types.rb"",""lib/dry/types/constructor.rb"",""spec/dry/types_spec.rb""]","{""filePath"":""lib/dry/types/default.rb"",""expectedRoute"":""search"",""expectedOutcome"":""results""}",
dry-types,plain-file-bm25,dry-types-nl-03,natural-language,"Where does a conversion wrapper turn a coercion error from its conversion function into a failure carrying the original input, optionally yielding that failure, while successful conversions continue through the wrapped type?",success,1,1,1,1,"[""lib/dry/types/constructor.rb"",""lib/dry/types/builder.rb"",""CHANGELOG.md"",""lib/dry/types/constructor/wrapper.rb"",""spec/dry/types/constructor_spec.rb"",""lib/dry/types/constructor/function.rb"",""lib/dry/types/sum.rb"",""spec/dry/types/lax_spec.rb"",""spec/dry/types/intersection_spec.rb"",""spec/extensions/maybe/maybe_spec.rb""]","{""filePath"":""lib/dry/types/constructor.rb"",""expectedRoute"":""search"",""expectedOutcome"":""results""}",
dry-types,plain-file-bm25,dry-types-nl-04,natural-language,"Where are missing dictionary fields filled from enabled defaults, while a required field without a default triggers a block failure or missing-field error unless omission is explicitly permitted?",success,1,1,1,1,"[""lib/dry/types/schema.rb"",""CHANGELOG.md"",""spec/dry/types/schema_spec.rb"",""lib/dry/types/constructor.rb"",""lib/dry/types/builder.rb"","".github/workflows/pr-comments.yml"",""lib/dry/types.rb"",""lib/dry/types/decorator.rb"",""lib/dry/types/errors.rb"",""spec/dry/types/default_spec.rb""]","{""filePath"":""lib/dry/types/schema.rb"",""expectedRoute"":""search"",""expectedOutcome"":""results""}",
dry-types,plain-file-bm25,dry-types-nl-05,natural-language,"Where does typed-dictionary conversion detect collisions after key coercion, gather key or value errors across entries, and report an aggregate failure against the original input rather than return the partial output?",success,0,1,0.2,0.38685280723454163,"[""lib/dry/types/builder.rb"",""spec/dry/types/lax_spec.rb"",""CHANGELOG.md"",""lib/dry/types/schema.rb"",""lib/dry/types/map.rb"",""spec/dry/types/map_spec.rb"",""lib/dry/types/errors.rb"",""lib/dry/types/constructor.rb"",""spec/dry/types/schema_spec.rb"",""CODE_OF_CONDUCT.md""]","{""filePath"":""lib/dry/types/map.rb"",""expectedRoute"":""search"",""expectedOutcome"":""results""}",
dry-types,plain-file-bm25,dry-types-nl-06,natural-language,"Where does a choice between two types try the left alternative first and attempt the right only on failure, propagating the right-hand error when neither alternative accepts the input?",success,1,1,1,1,"[""lib/dry/types/sum.rb"",""spec/dry/types/sum_spec.rb"",""spec/dry/types/intersection_spec.rb"",""spec/dry/types/implication_spec.rb"",""spec/dry/types/constructor_spec.rb"",""lib/dry/types/composition.rb"",""CHANGELOG.md"",""lib/dry/types/builder.rb"",""lib/dry/types/intersection.rb"",""lib/dry/types/map.rb""]","{""filePath"":""lib/dry/types/sum.rb"",""expectedRoute"":""search"",""expectedOutcome"":""results""}",
flask,codebase-memory,flask-def-01,explicit-symbol,Where is find_best_app implemented?,success,1,1,1,1,"[""src/flask/cli.py""]","{""filePath"":""src/flask/cli.py"",""expectedRoute"":""definition"",""expectedOutcome"":""results""}",
flask,codebase-memory,flask-def-02,explicit-symbol,Where is has_level_handler implemented?,success,1,1,1,1,"[""src/flask/logging.py""]","{""filePath"":""src/flask/logging.py"",""expectedRoute"":""definition"",""expectedOutcome"":""results""}",
flask,codebase-memory,flask-def-03,explicit-symbol,Where is copy_current_request_context implemented?,success,1,1,1,1,"[""src/flask/ctx.py""]","{""filePath"":""src/flask/ctx.py"",""expectedRoute"":""definition"",""expectedOutcome"":""results""}",
flask,codebase-memory,flask-def-04,explicit-symbol,Where is _split_blueprint_path implemented?,success,1,1,1,1,"[""src/flask/helpers.py""]","{""filePath"":""src/flask/helpers.py"",""expectedRoute"":""definition"",""expectedOutcome"":""results""}",
flask,codebase-memory,flask-def-05,explicit-symbol,Where is setupmethod implemented?,success,1,1,1,1,"[""src/flask/sansio/scaffold.py""]","{""filePath"":""src/flask/sansio/scaffold.py"",""expectedRoute"":""definition"",""expectedOutcome"":""results""}",
flask,codebase-memory,flask-def-06,explicit-symbol,Where is _default implemented?,success,1,1,1,1,"[""src/flask/json/provider.py""]","{""filePath"":""src/flask/json/provider.py"",""expectedRoute"":""definition"",""expectedOutcome"":""results""}",
flask,codebase-memory,flask-nl-01,natural-language,"Where are prefixed environment variables loaded in sorted order, values left as strings if conversion fails, and double-underscore-separated keys used to populate nested configuration dictionaries?",unsupported,,,,,[],"{""filePath"":""src/flask/config.py"",""expectedRoute"":""search"",""expectedOutcome"":""results""}",
flask,codebase-memory,flask-nl-02,natural-language,"Where does saving a cookie-backed session add a cookie-related cache-variation header when it was accessed, delete the cookie only when an empty session was modified, and otherwise refrain from writing an untouched empty session?",unsupported,,,,,[],"{""filePath"":""src/flask/sessions.py"",""expectedRoute"":""search"",""expectedOutcome"":""results""}",
flask,codebase-memory,flask-nl-03,natural-language,"Where do class-based HTTP views choose the method handler from the request verb, fall back from a missing HEAD handler to GET, and reject any remaining unimplemented verb before invoking the handler?",unsupported,,,,,[],"{""filePath"":""src/flask/views.py"",""expectedRoute"":""search"",""expectedOutcome"":""results""}",
flask,codebase-memory,flask-nl-04,natural-language,"Where does template lookup try the application loader before blueprint loaders, normally return the first successful source, but in diagnostic mode continue collecting every attempt while retaining the first success?",unsupported,,,,,[],"{""filePath"":""src/flask/templating.py"",""expectedRoute"":""search"",""expectedOutcome"":""results""}",
flask,codebase-memory,flask-nl-05,natural-language,Where is request form parsing followed by a debug-only diagnostic replacement of the uploaded-file mapping when the request is not multipart and no files were parsed?,unsupported,,,,,[],"{""filePath"":""src/flask/wrappers.py"",""expectedRoute"":""search"",""expectedOutcome"":""results""}",
flask,codegraph,flask-def-01,explicit-symbol,Where is find_best_app implemented?,success,1,1,1,1,"[""src/flask/cli.py"",""tests/test_cli.py""]","{""filePath"":""src/flask/cli.py"",""expectedRoute"":""definition"",""expectedOutcome"":""results""}",
flask,codegraph,flask-def-02,explicit-symbol,Where is has_level_handler implemented?,success,1,1,1,1,"[""src/flask/logging.py"",""tests/test_logging.py""]","{""filePath"":""src/flask/logging.py"",""expectedRoute"":""definition"",""expectedOutcome"":""results""}",
flask,codegraph,flask-def-03,explicit-symbol,Where is copy_current_request_context implemented?,success,1,1,1,1,"[""src/flask/ctx.py"",""src/flask/__init__.py""]","{""filePath"":""src/flask/ctx.py"",""expectedRoute"":""definition"",""expectedOutcome"":""results""}",
flask,codegraph,flask-def-04,explicit-symbol,Where is _split_blueprint_path implemented?,success,1,1,1,1,"[""src/flask/helpers.py"",""src/flask/sansio/app.py"",""src/flask/wrappers.py""]","{""filePath"":""src/flask/helpers.py"",""expectedRoute"":""definition"",""expectedOutcome"":""results""}",
flask,codegraph,flask-def-05,explicit-symbol,Where is setupmethod implemented?,success,1,1,1,1,"[""src/flask/sansio/scaffold.py"",""src/flask/sansio/app.py"",""src/flask/sansio/blueprints.py""]","{""filePath"":""src/flask/sansio/scaffold.py"",""expectedRoute"":""definition"",""expectedOutcome"":""results""}",
flask,codegraph,flask-def-06,explicit-symbol,Where is _default implemented?,success,1,1,1,1,"[""src/flask/json/provider.py"",""src/flask/templating.py"",""src/flask/sansio/blueprints.py"",""src/flask/app.py"",""src/flask/sansio/app.py"",""src/flask/sansio/scaffold.py"",""docs/conf.py"",""src/flask/helpers.py"",""src/flask/config.py"",""src/flask/ctx.py""]","{""filePath"":""src/flask/json/provider.py"",""expectedRoute"":""definition"",""expectedOutcome"":""results""}",
flask,codegraph,flask-nl-01,natural-language,"Where are prefixed environment variables loaded in sorted order, values left as strings if conversion fails, and double-underscore-separated keys used to populate nested configuration dictionaries?",success,0,1,0.3333333333333333,0.5,"[""src/flask/json/provider.py"",""src/flask/json/__init__.py"",""src/flask/config.py"",""src/flask/cli.py"",""tests/test_json.py"",""tests/test_config.py"",""examples/celery/src/task_app/__init__.py""]","{""filePath"":""src/flask/config.py"",""expectedRoute"":""search"",""expectedOutcome"":""results""}",
flask,codegraph,flask-nl-02,natural-language,"Where does saving a cookie-backed session add a cookie-related cache-variation header when it was accessed, delete the cookie only when an empty session was modified, and otherwise refrain from writing an untouched empty session?",success,1,1,1,1,"[""src/flask/sessions.py"",""tests/test_reqctx.py"",""src/flask/app.py""]","{""filePath"":""src/flask/sessions.py"",""expectedRoute"":""search"",""expectedOutcome"":""results""}",
flask,codegraph,flask-nl-03,natural-language,"Where do class-based HTTP views choose the method handler from the request verb, fall back from a missing HEAD handler to GET, and reject any remaining unimplemented verb before invoking the handler?",success,0,1,0.5,0.6309297535714575,"[""src/flask/testing.py"",""src/flask/views.py"",""examples/tutorial/tests/test_db.py"",""src/flask/cli.py"",""tests/test_cli.py"",""tests/test_testing.py"",""src/flask/app.py""]","{""filePath"":""src/flask/views.py"",""expectedRoute"":""search"",""expectedOutcome"":""results""}",
flask,codegraph,flask-nl-04,natural-language,"Where does template lookup try the application loader before blueprint loaders, normally return the first successful source, but in diagnostic mode continue collecting every attempt while retaining the first success?",success,0,1,0.3333333333333333,0.5,"[""src/flask/json/provider.py"",""src/flask/json/__init__.py"",""src/flask/templating.py"",""src/flask/cli.py"",""tests/test_json.py"",""tests/test_config.py"",""src/flask/sansio/app.py""]","{""filePath"":""src/flask/templating.py"",""expectedRoute"":""search"",""expectedOutcome"":""results""}",
flask,codegraph,flask-nl-05,natural-language,Where is request form parsing followed by a debug-only diagnostic replacement of the uploaded-file mapping when the request is not multipart and no files were parsed?,success,0,1,0.3333333333333333,0.5,"[""src/flask/cli.py"",""src/flask/ctx.py"",""src/flask/wrappers.py"",""src/flask/globals.py"",""tests/test_request.py"",""src/flask/app.py""]","{""filePath"":""src/flask/wrappers.py"",""expectedRoute"":""search"",""expectedOutcome"":""results""}",
flask,grepai,flask-def-01,explicit-symbol,Where is find_best_app implemented?,success,0,1,0.3333333333333333,0.5,"[""src/flask/wrappers.py"",""examples/celery/src/task_app/__init__.py"",""src/flask/cli.py"",""src/flask/testing.py"",""examples/tutorial/flaskr/__init__.py"",""src/flask/globals.py"",""examples/tutorial/flaskr/db.py"",""src/flask/ctx.py"",""docs/conf.py"",""src/flask/app.py""]","{""filePath"":""src/flask/cli.py"",""expectedRoute"":""definition"",""expectedOutcome"":""results""}",
flask,grepai,flask-def-02,explicit-symbol,Where is has_level_handler implemented?,success,1,1,1,1,"[""src/flask/logging.py"",""tests/type_check/typing_error_handler.py"",""examples/celery/src/task_app/templates/index.html"",""examples/celery/src/task_app/views.py"",""src/flask/app.py"",""src/flask/sansio/app.py"",""examples/celery/src/task_app/tasks.py"",""src/flask/helpers.py"",""src/flask/globals.py"",""src/flask/sansio/scaffold.py""]","{""filePath"":""src/flask/logging.py"",""expectedRoute"":""definition"",""expectedOutcome"":""results""}",
flask,grepai,flask-def-03,explicit-symbol,Where is copy_current_request_context implemented?,success,1,1,1,1,"[""src/flask/ctx.py"",""src/flask/templating.py"",""src/flask/globals.py"",""src/flask/app.py"",""src/flask/testing.py"",""tests/templates/context_template.html"",""examples/celery/requirements.txt"",""examples/celery/src/task_app/views.py"",""tests/type_check/typing_app_decorators.py"",""src/flask/helpers.py""]","{""filePath"":""src/flask/ctx.py"",""expectedRoute"":""definition"",""expectedOutcome"":""results""}",
flask,grepai,flask-def-04,explicit-symbol,Where is _split_blueprint_path implemented?,success,0,0,0.14285714285714285,0.3333333333333333,"[""src/flask/sansio/blueprints.py"",""src/flask/blueprints.py"",""src/flask/sansio/app.py"",""src/flask/cli.py"",""src/flask/wrappers.py"",""src/flask/debughelpers.py"",""src/flask/helpers.py"",""src/flask/sansio/scaffold.py"",""tests/type_check/typing_route.py"",""examples/celery/src/task_app/views.py""]","{""filePath"":""src/flask/helpers.py"",""expectedRoute"":""definition"",""expectedOutcome"":""results""}",
flask,grepai,flask-def-05,explicit-symbol,Where is setupmethod implemented?,success,0,0,0.14285714285714285,0.3333333333333333,"[""src/flask/sansio/blueprints.py"",""examples/tutorial/flaskr/schema.sql"","".github/workflows/pre-commit.yaml"",""docs/conf.py"",""examples/celery/src/task_app/tasks.py"",""tests/conftest.py"",""src/flask/sansio/scaffold.py"","".devcontainer/on-create-command.sh"",""tests/static/config.toml"","".devcontainer/devcontainer.json""]","{""filePath"":""src/flask/sansio/scaffold.py"",""expectedRoute"":""definition"",""expectedOutcome"":""results""}",
flask,grepai,flask-def-06,explicit-symbol,Where is _default implemented?,success,0,0,0,0,"[""src/flask/sansio/blueprints.py"",""src/flask/cli.py"",""examples/celery/src/task_app/__init__.py"",""src/flask/ctx.py"",""src/flask/__main__.py"",""src/flask/sansio/app.py"",""pyproject.toml"",""src/flask/wrappers.py"","".pre-commit-config.yaml"",""src/flask/globals.py""]","{""filePath"":""src/flask/json/provider.py"",""expectedRoute"":""definition"",""expectedOutcome"":""results""}",
flask,grepai,flask-nl-01,natural-language,"Where are prefixed environment variables loaded in sorted order, values left as strings if conversion fails, and double-underscore-separated keys used to populate nested configuration dictionaries?",success,1,1,1,1,"[""src/flask/config.py"",""src/flask/cli.py"",""src/flask/app.py"",""src/flask/json/tag.py"",""examples/celery/src/task_app/__init__.py"",""src/flask/sansio/app.py"",""src/flask/ctx.py"",""examples/celery/src/task_app/templates/index.html"",""examples/celery/src/task_app/views.py"",""examples/celery/src/task_app/tasks.py""]","{""filePath"":""src/flask/config.py"",""expectedRoute"":""search"",""expectedOutcome"":""results""}",
flask,grepai,flask-nl-02,natural-language,"Where does saving a cookie-backed session add a cookie-related cache-variation header when it was accessed, delete the cookie only when an empty session was modified, and otherwise refrain from writing an untouched empty session?",success,1,1,1,1,"[""src/flask/sessions.py"",""src/flask/ctx.py"",""examples/celery/src/task_app/tasks.py"",""src/flask/helpers.py"",""src/flask/app.py"",""examples/celery/src/task_app/__init__.py"",""src/flask/wrappers.py"",""src/flask/testing.py"",""src/flask/sansio/app.py"",""examples/celery/src/task_app/templates/index.html""]","{""filePath"":""src/flask/sessions.py"",""expectedRoute"":""search"",""expectedOutcome"":""results""}",
flask,grepai,flask-nl-03,natural-language,"Where do class-based HTTP views choose the method handler from the request verb, fall back from a missing HEAD handler to GET, and reject any remaining unimplemented verb before invoking the handler?",success,1,1,1,1,"[""src/flask/views.py"",""examples/celery/src/task_app/views.py"",""src/flask/app.py"",""src/flask/sansio/app.py"",""src/flask/helpers.py"",""src/flask/sansio/scaffold.py"",""src/flask/ctx.py"",""src/flask/wrappers.py"",""src/flask/debughelpers.py"",""examples/celery/src/task_app/templates/index.html""]","{""filePath"":""src/flask/views.py"",""expectedRoute"":""search"",""expectedOutcome"":""results""}",
flask,grepai,flask-nl-04,natural-language,"Where does template lookup try the application loader before blueprint loaders, normally return the first successful source, but in diagnostic mode continue collecting every attempt while retaining the first success?",success,0,1,0.2,0.38685280723454163,"[""src/flask/debughelpers.py"",""src/flask/sansio/blueprints.py"",""examples/celery/src/task_app/__init__.py"",""examples/celery/src/task_app/templates/index.html"",""src/flask/templating.py"",""src/flask/sansio/app.py"",""src/flask/sansio/scaffold.py"",""tests/type_check/typing_route.py"",""examples/celery/src/task_app/views.py"",""examples/celery/pyproject.toml""]","{""filePath"":""src/flask/templating.py"",""expectedRoute"":""search"",""expectedOutcome"":""results""}",
flask,grepai,flask-nl-05,natural-language,Where is request form parsing followed by a debug-only diagnostic replacement of the uploaded-file mapping when the request is not multipart and no files were parsed?,success,0,1,0.25,0.43067655807339306,"[""src/flask/debughelpers.py"",""examples/celery/src/task_app/views.py"",""src/flask/json/provider.py"",""src/flask/wrappers.py"",""src/flask/app.py"",""src/flask/sansio/scaffold.py"",""src/flask/ctx.py"",""src/flask/sansio/app.py"",""src/flask/helpers.py"",""examples/celery/src/task_app/templates/index.html""]","{""filePath"":""src/flask/wrappers.py"",""expectedRoute"":""search"",""expectedOutcome"":""results""}",
flask,literal-unindexed,flask-def-01,explicit-symbol,Where is find_best_app implemented?,success,1,1,1,1,"[""src/flask/cli.py"",""tests/test_cli.py""]","{""filePath"":""src/flask/cli.py"",""expectedRoute"":""definition"",""expectedOutcome"":""results""}",
flask,literal-unindexed,flask-def-02,explicit-symbol,Where is has_level_handler implemented?,success,1,1,1,1,"[""src/flask/logging.py"",""tests/test_logging.py""]","{""filePath"":""src/flask/logging.py"",""expectedRoute"":""definition"",""expectedOutcome"":""results""}",
flask,literal-unindexed,flask-def-03,explicit-symbol,Where is copy_current_request_context implemented?,success,0,1,0.2,0.38685280723454163,"[""CHANGES.rst"",""docs/api.rst"",""docs/gevent.rst"",""src/flask/__init__.py"",""src/flask/ctx.py"",""tests/test_reqctx.py""]","{""filePath"":""src/flask/ctx.py"",""expectedRoute"":""definition"",""expectedOutcome"":""results""}",
flask,literal-unindexed,flask-def-04,explicit-symbol,Where is _split_blueprint_path implemented?,success,1,1,1,1,"[""src/flask/helpers.py"",""src/flask/sansio/app.py"",""src/flask/wrappers.py""]","{""filePath"":""src/flask/helpers.py"",""expectedRoute"":""definition"",""expectedOutcome"":""results""}",
flask,literal-unindexed,flask-def-05,explicit-symbol,Where is setupmethod implemented?,success,0,1,0.3333333333333333,0.5,"[""src/flask/sansio/app.py"",""src/flask/sansio/blueprints.py"",""src/flask/sansio/scaffold.py""]","{""filePath"":""src/flask/sansio/scaffold.py"",""expectedRoute"":""definition"",""expectedOutcome"":""results""}",
flask,literal-unindexed,flask-def-06,explicit-symbol,Where is _default implemented?,success,0,0,0,0,"[""CHANGES.rst"",""docs/conf.py"",""docs/patterns/celery.rst"",""docs/patterns/urlprocessors.rst"",""examples/celery/src/task_app/__init__.py"",""pyproject.toml"",""src/flask/app.py"",""src/flask/blueprints.py"",""src/flask/cli.py"",""src/flask/json/__init__.py""]","{""filePath"":""src/flask/json/provider.py"",""expectedRoute"":""definition"",""expectedOutcome"":""results""}",
flask,literal-unindexed,flask-nl-01,natural-language,"Where are prefixed environment variables loaded in sorted order, values left as strings if conversion fails, and double-underscore-separated keys used to populate nested configuration dictionaries?",success,0,0,0,0,[],"{""filePath"":""src/flask/config.py"",""expectedRoute"":""search"",""expectedOutcome"":""results""}",
flask,literal-unindexed,flask-nl-02,natural-language,"Where does saving a cookie-backed session add a cookie-related cache-variation header when it was accessed, delete the cookie only when an empty session was modified, and otherwise refrain from writing an untouched empty session?",success,0,0,0,0,[],"{""filePath"":""src/flask/sessions.py"",""expectedRoute"":""search"",""expectedOutcome"":""results""}",
flask,literal-unindexed,flask-nl-03,natural-language,"Where do class-based HTTP views choose the method handler from the request verb, fall back from a missing HEAD handler to GET, and reject any remaining unimplemented verb before invoking the handler?",success,0,0,0,0,[],"{""filePath"":""src/flask/views.py"",""expectedRoute"":""search"",""expectedOutcome"":""results""}",
flask,literal-unindexed,flask-nl-04,natural-language,"Where does template lookup try the application loader before blueprint loaders, normally return the first successful source, but in diagnostic mode continue collecting every attempt while retaining the first success?",success,0,0,0,0,[],"{""filePath"":""src/flask/templating.py"",""expectedRoute"":""search"",""expectedOutcome"":""results""}",
flask,literal-unindexed,flask-nl-05,natural-language,Where is request form parsing followed by a debug-only diagnostic replacement of the uploaded-file mapping when the request is not multipart and no files were parsed?,success,0,0,0,0,[],"{""filePath"":""src/flask/wrappers.py"",""expectedRoute"":""search"",""expectedOutcome"":""results""}",
flask,ocbi-hybrid,flask-def-01,explicit-symbol,Where is find_best_app implemented?,success,1,1,1,1,"[""src/flask/cli.py""]","{""filePath"":""src/flask/cli.py"",""expectedRoute"":""definition"",""expectedOutcome"":""results""}",
flask,ocbi-hybrid,flask-def-02,explicit-symbol,Where is has_level_handler implemented?,success,1,1,1,1,"[""src/flask/logging.py""]","{""filePath"":""src/flask/logging.py"",""expectedRoute"":""definition"",""expectedOutcome"":""results""}",
flask,ocbi-hybrid,flask-def-03,explicit-symbol,Where is copy_current_request_context implemented?,success,1,1,1,1,"[""src/flask/ctx.py""]","{""filePath"":""src/flask/ctx.py"",""expectedRoute"":""definition"",""expectedOutcome"":""results""}",
flask,ocbi-hybrid,flask-def-04,explicit-symbol,Where is _split_blueprint_path implemented?,success,1,1,1,1,"[""src/flask/helpers.py""]","{""filePath"":""src/flask/helpers.py"",""expectedRoute"":""definition"",""expectedOutcome"":""results""}",
flask,ocbi-hybrid,flask-def-05,explicit-symbol,Where is setupmethod implemented?,success,1,1,1,1,"[""src/flask/sansio/scaffold.py""]","{""filePath"":""src/flask/sansio/scaffold.py"",""expectedRoute"":""definition"",""expectedOutcome"":""results""}",
flask,ocbi-hybrid,flask-def-06,explicit-symbol,Where is _default implemented?,success,1,1,1,1,"[""src/flask/json/provider.py""]","{""filePath"":""src/flask/json/provider.py"",""expectedRoute"":""definition"",""expectedOutcome"":""results""}",
flask,ocbi-hybrid,flask-nl-01,natural-language,"Where are prefixed environment variables loaded in sorted order, values left as strings if conversion fails, and double-underscore-separated keys used to populate nested configuration dictionaries?",success,1,1,1,1,"[""src/flask/config.py"",""docs/config.rst"",""src/flask/json/provider.py"",""src/flask/cli.py"",""docs/cli.rst"",""tests/test_config.py"",""docs/tutorial/factory.rst"",""src/flask/app.py"",""docs/templating.rst"",""docs/extensiondev.rst""]","{""filePath"":""src/flask/config.py"",""expectedRoute"":""search"",""expectedOutcome"":""results""}",
flask,ocbi-hybrid,flask-nl-02,natural-language,"Where does saving a cookie-backed session add a cookie-related cache-variation header when it was accessed, delete the cookie only when an empty session was modified, and otherwise refrain from writing an untouched empty session?",success,1,1,1,1,"[""src/flask/sessions.py"",""docs/config.rst"",""CHANGES.rst"",""docs/api.rst"",""tests/test_basic.py"",""docs/web-security.rst"",""docs/patterns/deferredcallbacks.rst"",""src/flask/ctx.py"",""tests/test_testing.py"",""docs/testing.rst""]","{""filePath"":""src/flask/sessions.py"",""expectedRoute"":""search"",""expectedOutcome"":""results""}",
flask,ocbi-hybrid,flask-nl-03,natural-language,"Where do class-based HTTP views choose the method handler from the request verb, fall back from a missing HEAD handler to GET, and reject any remaining unimplemented verb before invoking the handler?",success,1,1,1,1,"[""src/flask/views.py"",""CHANGES.rst"",""src/flask/app.py"",""tests/test_signals.py"",""docs/async-await.rst"",""src/flask/wrappers.py"",""docs/views.rst"",""docs/errorhandling.rst"",""docs/logging.rst"",""src/flask/sansio/app.py""]","{""filePath"":""src/flask/views.py"",""expectedRoute"":""search"",""expectedOutcome"":""results""}",
flask,ocbi-hybrid,flask-nl-04,natural-language,"Where does template lookup try the application loader before blueprint loaders, normally return the first successful source, but in diagnostic mode continue collecting every attempt while retaining the first success?",success,0,1,0.3333333333333333,0.5,"[""src/flask/sansio/blueprints.py"",""src/flask/debughelpers.py"",""src/flask/templating.py"",""src/flask/sansio/scaffold.py"",""src/flask/helpers.py"",""src/flask/sansio/app.py"",""src/flask/app.py"",""src/flask/blueprints.py"",""src/flask/cli.py"",""examples/celery/src/task_app/templates/index.html""]","{""filePath"":""src/flask/templating.py"",""expectedRoute"":""search"",""expectedOutcome"":""results""}",
flask,ocbi-hybrid,flask-nl-05,natural-language,Where is request form parsing followed by a debug-only diagnostic replacement of the uploaded-file mapping when the request is not multipart and no files were parsed?,success,1,1,1,1,"[""src/flask/wrappers.py"",""src/flask/debughelpers.py"",""src/flask/helpers.py"",""src/flask/config.py"",""src/flask/sansio/app.py"",""src/flask/cli.py"",""src/flask/app.py"",""src/flask/ctx.py"",""examples/tutorial/flaskr/blog.py"",""src/flask/globals.py""]","{""filePath"":""src/flask/wrappers.py"",""expectedRoute"":""search"",""expectedOutcome"":""results""}",
flask,ocbi-structural,flask-def-01,explicit-symbol,Where is find_best_app implemented?,success,1,1,1,1,"[""src/flask/cli.py""]","{""filePath"":""src/flask/cli.py"",""expectedRoute"":""definition"",""expectedOutcome"":""results""}",
flask,ocbi-structural,flask-def-02,explicit-symbol,Where is has_level_handler implemented?,success,1,1,1,1,"[""src/flask/logging.py""]","{""filePath"":""src/flask/logging.py"",""expectedRoute"":""definition"",""expectedOutcome"":""results""}",
flask,ocbi-structural,flask-def-03,explicit-symbol,Where is copy_current_request_context implemented?,success,1,1,1,1,"[""src/flask/ctx.py""]","{""filePath"":""src/flask/ctx.py"",""expectedRoute"":""definition"",""expectedOutcome"":""results""}",
flask,ocbi-structural,flask-def-04,explicit-symbol,Where is _split_blueprint_path implemented?,success,1,1,1,1,"[""src/flask/helpers.py""]","{""filePath"":""src/flask/helpers.py"",""expectedRoute"":""definition"",""expectedOutcome"":""results""}",
flask,ocbi-structural,flask-def-05,explicit-symbol,Where is setupmethod implemented?,success,1,1,1,1,"[""src/flask/sansio/scaffold.py""]","{""filePath"":""src/flask/sansio/scaffold.py"",""expectedRoute"":""definition"",""expectedOutcome"":""results""}",
flask,ocbi-structural,flask-def-06,explicit-symbol,Where is _default implemented?,success,1,1,1,1,"[""src/flask/json/provider.py""]","{""filePath"":""src/flask/json/provider.py"",""expectedRoute"":""definition"",""expectedOutcome"":""results""}",
flask,ocbi-structural,flask-nl-01,natural-language,"Where are prefixed environment variables loaded in sorted order, values left as strings if conversion fails, and double-underscore-separated keys used to populate nested configuration dictionaries?",success,1,1,1,1,"[""src/flask/config.py"",""docs/config.rst"",""src/flask/sansio/scaffold.py"",""src/flask/sansio/app.py"",""docs/cli.rst"",""tests/test_config.py"",""docs/patterns/mongoengine.rst"",""CHANGES.rst"",""tests/test_json.py"",""src/flask/json/provider.py""]","{""filePath"":""src/flask/config.py"",""expectedRoute"":""search"",""expectedOutcome"":""results""}",
flask,ocbi-structural,flask-nl-02,natural-language,"Where does saving a cookie-backed session add a cookie-related cache-variation header when it was accessed, delete the cookie only when an empty session was modified, and otherwise refrain from writing an untouched empty session?",success,1,1,1,1,"[""src/flask/sessions.py"",""CHANGES.rst"",""docs/config.rst"",""tests/test_basic.py"",""docs/api.rst"",""docs/web-security.rst"",""src/flask/ctx.py"",""src/flask/app.py"",""tests/test_reqctx.py"",""src/flask/helpers.py""]","{""filePath"":""src/flask/sessions.py"",""expectedRoute"":""search"",""expectedOutcome"":""results""}",
flask,ocbi-structural,flask-nl-03,natural-language,"Where do class-based HTTP views choose the method handler from the request verb, fall back from a missing HEAD handler to GET, and reject any remaining unimplemented verb before invoking the handler?",success,1,1,1,1,"[""src/flask/views.py"",""CHANGES.rst"",""src/flask/app.py"",""docs/async-await.rst"",""tests/test_signals.py"",""src/flask/wrappers.py"",""docs/errorhandling.rst"",""docs/logging.rst"",""src/flask/sansio/app.py"",""docs/views.rst""]","{""filePath"":""src/flask/views.py"",""expectedRoute"":""search"",""expectedOutcome"":""results""}",
flask,ocbi-structural,flask-nl-04,natural-language,"Where does template lookup try the application loader before blueprint loaders, normally return the first successful source, but in diagnostic mode continue collecting every attempt while retaining the first success?",success,0,1,0.3333333333333333,0.5,"[""src/flask/sansio/blueprints.py"",""src/flask/blueprints.py"",""src/flask/templating.py"",""src/flask/debughelpers.py""]","{""filePath"":""src/flask/templating.py"",""expectedRoute"":""search"",""expectedOutcome"":""results""}",
flask,ocbi-structural,flask-nl-05,natural-language,Where is request form parsing followed by a debug-only diagnostic replacement of the uploaded-file mapping when the request is not multipart and no files were parsed?,success,1,1,1,1,"[""src/flask/wrappers.py"",""src/flask/debughelpers.py"",""src/flask/ctx.py"",""src/flask/helpers.py"",""src/flask/cli.py"",""src/flask/config.py"",""src/flask/app.py"",""src/flask/sansio/app.py"",""examples/tutorial/flaskr/auth.py"",""examples/tutorial/flaskr/blog.py""]","{""filePath"":""src/flask/wrappers.py"",""expectedRoute"":""search"",""expectedOutcome"":""results""}",
flask,plain-file-bm25,flask-def-01,explicit-symbol,Where is find_best_app implemented?,success,0,1,0.5,0.6309297535714575,"[""tests/test_cli.py"",""src/flask/cli.py"",""docs/extensiondev.rst"",""docs/blueprints.rst"",""docs/async-await.rst"",""docs/extensions.rst"",""docs/tutorial/deploy.rst"",""src/flask/logging.py"",""src/flask/sansio/scaffold.py"",""docs/patterns/favicon.rst""]","{""filePath"":""src/flask/cli.py"",""expectedRoute"":""definition"",""expectedOutcome"":""results""}",
flask,plain-file-bm25,flask-def-02,explicit-symbol,Where is has_level_handler implemented?,success,0,1,0.5,0.6309297535714575,"[""tests/test_logging.py"",""src/flask/logging.py"",""docs/logging.rst"",""docs/errorhandling.rst"",""src/flask/wrappers.py"",""docs/blueprints.rst"",""CHANGES.rst"",""src/flask/sansio/app.py"",""docs/config.rst"",""src/flask/sansio/scaffold.py""]","{""filePath"":""src/flask/logging.py"",""expectedRoute"":""definition"",""expectedOutcome"":""results""}",
flask,plain-file-bm25,flask-def-03,explicit-symbol,Where is copy_current_request_context implemented?,success,0,1,0.5,0.6309297535714575,"[""src/flask/__init__.py"",""src/flask/ctx.py"",""tests/test_reqctx.py"",""src/flask/testing.py"",""docs/gevent.rst"",""docs/api.rst"",""docs/appcontext.rst"",""tests/test_appctx.py"",""src/flask/globals.py"",""src/flask/app.py""]","{""filePath"":""src/flask/ctx.py"",""expectedRoute"":""definition"",""expectedOutcome"":""results""}",
flask,plain-file-bm25,flask-def-04,explicit-symbol,Where is _split_blueprint_path implemented?,success,0,1,0.25,0.43067655807339306,"[""src/flask/sansio/app.py"",""src/flask/sansio/scaffold.py"",""src/flask/wrappers.py"",""src/flask/helpers.py"",""docs/patterns/appdispatch.rst"",""tests/test_async.py"",""docs/blueprints.rst"",""src/flask/sansio/blueprints.py"",""tests/test_cli.py"",""examples/tutorial/flaskr/__init__.py""]","{""filePath"":""src/flask/helpers.py"",""expectedRoute"":""definition"",""expectedOutcome"":""results""}",
flask,plain-file-bm25,flask-def-05,explicit-symbol,Where is setupmethod implemented?,success,0,1,0.5,0.6309297535714575,"[""src/flask/sansio/blueprints.py"",""src/flask/sansio/scaffold.py"",""src/flask/sansio/app.py""]","{""filePath"":""src/flask/sansio/scaffold.py"",""expectedRoute"":""definition"",""expectedOutcome"":""results""}",
flask,plain-file-bm25,flask-def-06,explicit-symbol,Where is _default implemented?,success,0,0,0.14285714285714285,0.3333333333333333,"[""docs/logging.rst"",""docs/config.rst"",""src/flask/sessions.py"",""src/flask/cli.py"",""docs/patterns/appdispatch.rst"",""pyproject.toml"",""src/flask/json/provider.py"",""src/flask/json/__init__.py"",""src/flask/views.py"",""docs/deploying/gunicorn.rst""]","{""filePath"":""src/flask/json/provider.py"",""expectedRoute"":""definition"",""expectedOutcome"":""results""}",
flask,plain-file-bm25,flask-nl-01,natural-language,"Where are prefixed environment variables loaded in sorted order, values left as strings if conversion fails, and double-underscore-separated keys used to populate nested configuration dictionaries?",success,1,1,1,1,"[""src/flask/config.py"",""docs/config.rst"",""docs/cli.rst"",""CHANGES.rst"",""src/flask/cli.py"",""docs/patterns/mongoengine.rst"",""docs/templating.rst"",""src/flask/sansio/app.py"",""src/flask/app.py"",""docs/tutorial/views.rst""]","{""filePath"":""src/flask/config.py"",""expectedRoute"":""search"",""expectedOutcome"":""results""}",
flask,plain-file-bm25,flask-nl-02,natural-language,"Where does saving a cookie-backed session add a cookie-related cache-variation header when it was accessed, delete the cookie only when an empty session was modified, and otherwise refrain from writing an untouched empty session?",success,1,1,1,1,"[""src/flask/sessions.py"",""CHANGES.rst"",""docs/config.rst"",""docs/web-security.rst"",""src/flask/helpers.py"",""tests/test_basic.py"",""src/flask/ctx.py"",""docs/api.rst"",""src/flask/app.py"",""docs/tutorial/views.rst""]","{""filePath"":""src/flask/sessions.py"",""expectedRoute"":""search"",""expectedOutcome"":""results""}",
flask,plain-file-bm25,flask-nl-03,natural-language,"Where do class-based HTTP views choose the method handler from the request verb, fall back from a missing HEAD handler to GET, and reject any remaining unimplemented verb before invoking the handler?",success,1,1,1,1,"[""src/flask/views.py"",""src/flask/app.py"",""src/flask/sansio/scaffold.py"",""CHANGES.rst"",""tests/test_basic.py"",""docs/errorhandling.rst"",""docs/logging.rst"",""src/flask/sansio/app.py"",""docs/lifecycle.rst"",""src/flask/sansio/blueprints.py""]","{""filePath"":""src/flask/views.py"",""expectedRoute"":""search"",""expectedOutcome"":""results""}",
flask,plain-file-bm25,flask-nl-04,natural-language,"Where does template lookup try the application loader before blueprint loaders, normally return the first successful source, but in diagnostic mode continue collecting every attempt while retaining the first success?",success,1,1,1,1,"[""src/flask/templating.py"",""src/flask/debughelpers.py"",""CHANGES.rst"",""docs/blueprints.rst"",""src/flask/sansio/scaffold.py"",""src/flask/sansio/app.py"",""src/flask/app.py"",""src/flask/helpers.py"",""docs/design.rst"",""src/flask/cli.py""]","{""filePath"":""src/flask/templating.py"",""expectedRoute"":""search"",""expectedOutcome"":""results""}",
flask,plain-file-bm25,flask-nl-05,natural-language,Where is request form parsing followed by a debug-only diagnostic replacement of the uploaded-file mapping when the request is not multipart and no files were parsed?,success,0,0,0.14285714285714285,0.3333333333333333,"[""docs/patterns/fileuploads.rst"",""src/flask/debughelpers.py"",""docs/config.rst"",""docs/web-security.rst"",""docs/quickstart.rst"",""CHANGES.rst"",""src/flask/wrappers.py"",""src/flask/app.py"",""src/flask/sansio/app.py"",""docs/cli.rst""]","{""filePath"":""src/flask/wrappers.py"",""expectedRoute"":""search"",""expectedOutcome"":""results""}",
guard-clauses,codebase-memory,guard-clauses-def-01,explicit-symbol,Where is Empty implemented?,success,0,0,0,0,[],"{""filePath"":""src/GuardClauses/GuardAgainstEmptyOrWhiteSpaceExtensions.cs"",""expectedRoute"":""definition"",""expectedOutcome"":""results""}",
guard-clauses,codebase-memory,guard-clauses-def-02,explicit-symbol,Where is InvalidFormat implemented?,success,1,1,1,1,"[""src/GuardClauses/GuardAgainstInvalidFormatExtensions.cs""]","{""filePath"":""src/GuardClauses/GuardAgainstInvalidFormatExtensions.cs"",""expectedRoute"":""definition"",""expectedOutcome"":""results""}",
guard-clauses,codebase-memory,guard-clauses-def-03,explicit-symbol,Where is ExpressionAsync implemented?,success,1,1,1,1,"[""src/GuardClauses/GuardAgainstExpressionExtensions.cs""]","{""filePath"":""src/GuardClauses/GuardAgainstExpressionExtensions.cs"",""expectedRoute"":""definition"",""expectedOutcome"":""results""}",
guard-clauses,codebase-memory,guard-clauses-def-04,explicit-symbol,Where is StringTooShort implemented?,success,1,1,1,1,"[""src/GuardClauses/GuardAgainstStringLengthExtensions.cs""]","{""filePath"":""src/GuardClauses/GuardAgainstStringLengthExtensions.cs"",""expectedRoute"":""definition"",""expectedOutcome"":""results""}",
guard-clauses,codebase-memory,guard-clauses-def-05,explicit-symbol,Where is NotFound implemented?,success,1,1,1,1,"[""src/GuardClauses/GuardAgainstNotFoundExtensions.cs""]","{""filePath"":""src/GuardClauses/GuardAgainstNotFoundExtensions.cs"",""expectedRoute"":""definition"",""expectedOutcome"":""results""}",
guard-clauses,codebase-memory,guard-clauses-def-06,explicit-symbol,Where is Negative implemented?,success,1,1,1,1,"[""src/GuardClauses/GuardAgainstNegativeExtensions.cs""]","{""filePath"":""src/GuardClauses/GuardAgainstNegativeExtensions.cs"",""expectedRoute"":""definition"",""expectedOutcome"":""results""}",
guard-clauses,codebase-memory,guard-clauses-nl-01,natural-language,"Where does a missing-input check choose whether to include a custom error message based on whether it is empty, while letting a supplied exception override the built-in one?",unsupported,,,,,[],"{""filePath"":""src/GuardClauses/GuardAgainstNullExtensions.cs"",""expectedRoute"":""search"",""expectedOutcome"":""results""}",
guard-clauses,codebase-memory,guard-clauses-nl-02,natural-language,"Where is a numeric value rejected by comparing it with the default value of its type through the default equality comparer, while valid values are returned unchanged?",unsupported,,,,,[],"{""filePath"":""src/GuardClauses/GuardAgainstZeroExtensions.cs"",""expectedRoute"":""search"",""expectedOutcome"":""results""}",
guard-clauses,codebase-memory,guard-clauses-nl-03,natural-language,"Where does an inclusive range check first reject missing arguments and inverted bounds, then allow values equal to either endpoint while rejecting values below or above the interval?",unsupported,,,,,[],"{""filePath"":""src/GuardClauses/GuardAgainstOutOfRangeExtensions.cs"",""expectedRoute"":""search"",""expectedOutcome"":""results""}",
guard-clauses,codebase-memory,guard-clauses-nl-04,natural-language,"Where is the shared entry object for validation extensions initialized once through a getter-only static property, with direct construction prevented by a private constructor?",unsupported,,,,,[],"{""filePath"":""src/GuardClauses/Guard.cs"",""expectedRoute"":""search"",""expectedOutcome"":""results""}",
guard-clauses,codebase-memory,guard-clauses-nl-05,natural-language,"Where is the message for a missing queried object composed from its descriptive name and lookup key, with another constructor retaining the underlying exception as its cause?",unsupported,,,,,[],"{""filePath"":""src/GuardClauses/Exceptions/NotFoundException.cs"",""expectedRoute"":""search"",""expectedOutcome"":""results""}",
guard-clauses,codegraph,guard-clauses-def-01,explicit-symbol,Where is Empty implemented?,success,1,1,1,1,"[""src/GuardClauses/GuardAgainstEmptyOrWhiteSpaceExtensions.cs"",""src/GuardClauses/GuardAgainstNullExtensions.cs"",""src/GuardClauses/ThirdParty/JetBrains.Annotations.cs""]","{""filePath"":""src/GuardClauses/GuardAgainstEmptyOrWhiteSpaceExtensions.cs"",""expectedRoute"":""definition"",""expectedOutcome"":""results""}",
guard-clauses,codegraph,guard-clauses-def-02,explicit-symbol,Where is InvalidFormat implemented?,success,1,1,1,1,"[""src/GuardClauses/GuardAgainstInvalidFormatExtensions.cs""]","{""filePath"":""src/GuardClauses/GuardAgainstInvalidFormatExtensions.cs"",""expectedRoute"":""definition"",""expectedOutcome"":""results""}",
guard-clauses,codegraph,guard-clauses-def-03,explicit-symbol,Where is ExpressionAsync implemented?,success,1,1,1,1,"[""src/GuardClauses/GuardAgainstExpressionExtensions.cs""]","{""filePath"":""src/GuardClauses/GuardAgainstExpressionExtensions.cs"",""expectedRoute"":""definition"",""expectedOutcome"":""results""}",
guard-clauses,codegraph,guard-clauses-def-04,explicit-symbol,Where is StringTooShort implemented?,success,1,1,1,1,"[""src/GuardClauses/GuardAgainstStringLengthExtensions.cs""]","{""filePath"":""src/GuardClauses/GuardAgainstStringLengthExtensions.cs"",""expectedRoute"":""definition"",""expectedOutcome"":""results""}",
guard-clauses,codegraph,guard-clauses-def-05,explicit-symbol,Where is NotFound implemented?,success,1,1,1,1,"[""src/GuardClauses/GuardAgainstNotFoundExtensions.cs"",""src/GuardClauses/Exceptions/NotFoundException.cs""]","{""filePath"":""src/GuardClauses/GuardAgainstNotFoundExtensions.cs"",""expectedRoute"":""definition"",""expectedOutcome"":""results""}",
guard-clauses,codegraph,guard-clauses-def-06,explicit-symbol,Where is Negative implemented?,success,1,1,1,1,"[""src/GuardClauses/GuardAgainstNegativeExtensions.cs"",""src/GuardClauses/GuardAgainstStringLengthExtensions.cs"",""src/GuardClauses/GuardAgainstOutOfRangeExtensions.cs"",""src/GuardClauses/GuardAgainstExpressionExtensions.cs""]","{""filePath"":""src/GuardClauses/GuardAgainstNegativeExtensions.cs"",""expectedRoute"":""definition"",""expectedOutcome"":""results""}",
guard-clauses,codegraph,guard-clauses-nl-01,natural-language,"Where does a missing-input check choose whether to include a custom error message based on whether it is empty, while letting a supplied exception override the built-in one?",success,0,0,0,0,"[""src/GuardClauses/Exceptions/NotFoundException.cs"",""src/GuardClauses/ThirdParty/JetBrains.Annotations.cs"",""src/GuardClauses/GuardAgainstNotFoundExtensions.cs""]","{""filePath"":""src/GuardClauses/GuardAgainstNullExtensions.cs"",""expectedRoute"":""search"",""expectedOutcome"":""results""}",
guard-clauses,codegraph,guard-clauses-nl-02,natural-language,"Where is a numeric value rejected by comparing it with the default value of its type through the default equality comparer, while valid values are returned unchanged?",success,0,0,0,0,"[""src/GuardClauses/ThirdParty/JetBrains.Annotations.cs""]","{""filePath"":""src/GuardClauses/GuardAgainstZeroExtensions.cs"",""expectedRoute"":""search"",""expectedOutcome"":""results""}",
guard-clauses,codegraph,guard-clauses-nl-03,natural-language,"Where does an inclusive range check first reject missing arguments and inverted bounds, then allow values equal to either endpoint while rejecting values below or above the interval?",success,0,1,0.5,0.6309297535714575,"[""src/GuardClauses/ThirdParty/JetBrains.Annotations.cs"",""src/GuardClauses/GuardAgainstOutOfRangeExtensions.cs"",""src/GuardClauses/Guard.cs""]","{""filePath"":""src/GuardClauses/GuardAgainstOutOfRangeExtensions.cs"",""expectedRoute"":""search"",""expectedOutcome"":""results""}",
guard-clauses,codegraph,guard-clauses-nl-04,natural-language,"Where is the shared entry object for validation extensions initialized once through a getter-only static property, with direct construction prevented by a private constructor?",success,0,0,0,0,"[""src/GuardClauses/GuardAgainstEmptyOrWhiteSpaceExtensions.cs"",""src/GuardClauses/GuardAgainstExpressionExtensions.cs"",""src/GuardClauses/GuardAgainstExpressionExtensionsDeprecated.cs""]","{""filePath"":""src/GuardClauses/Guard.cs"",""expectedRoute"":""search"",""expectedOutcome"":""results""}",
guard-clauses,codegraph,guard-clauses-nl-05,natural-language,"Where is the message for a missing queried object composed from its descriptive name and lookup key, with another constructor retaining the underlying exception as its cause?",success,1,1,1,1,"[""src/GuardClauses/Exceptions/NotFoundException.cs"",""src/GuardClauses/GuardAgainstNotFoundExtensions.cs""]","{""filePath"":""src/GuardClauses/Exceptions/NotFoundException.cs"",""expectedRoute"":""search"",""expectedOutcome"":""results""}",
guard-clauses,grepai,guard-clauses-def-01,explicit-symbol,Where is Empty implemented?,success,0,1,0.2,0.38685280723454163,"["".github/stale.yaml"",""test/GuardClauses.UnitTests/GuardAgainstNullOrEmpty.cs"",""src/GuardClauses/GuardAgainstNullExtensions.cs"","".github/ISSUE_TEMPLATE/config.yml"",""src/GuardClauses/GuardAgainstEmptyOrWhiteSpaceExtensions.cs"",""test/GuardClauses.UnitTests/GuardAgainstNotFound.cs"","".github/dependabot.yml"",""test/GuardClauses.UnitTests/GuardAgainstOutOfRangeForEnumerableDouble.cs"",""src/GuardClauses/Exceptions/NotFoundException.cs"",""test/GuardClauses.UnitTests/GuardAgainstNullOrWhiteSpace.cs""]","{""filePath"":""src/GuardClauses/GuardAgainstEmptyOrWhiteSpaceExtensions.cs"",""expectedRoute"":""definition"",""expectedOutcome"":""results""}",
guard-clauses,grepai,guard-clauses-def-02,explicit-symbol,Where is InvalidFormat implemented?,success,0,1,0.3333333333333333,0.5,"[""test/GuardClauses.UnitTests/GuardAgainstInvalidFormatTests.cs"",""src/GuardClauses/GuardAgainstNullExtensions.cs"",""src/GuardClauses/GuardAgainstInvalidFormatExtensions.cs"",""src/GuardClauses/ValidatedNotNullAttribute.cs"",""test/GuardClauses.UnitTests/GuardAgainstNullOrOutOfRangeForNullableInt.cs"",""test/GuardClauses.UnitTests/GuardAgainstNullOrEmpty.cs"",""test/GuardClauses.UnitTests/GuardAgainstFooExtension.cs"",""test/GuardClauses.UnitTests/GuardAgainstNegative.cs"",""test/GuardClauses.UnitTests/GuardAgainstNegativeOrZero.cs"",""test/GuardClauses.UnitTests/GuardAgainstZero.cs""]","{""filePath"":""src/GuardClauses/GuardAgainstInvalidFormatExtensions.cs"",""expectedRoute"":""definition"",""expectedOutcome"":""results""}",
guard-clauses,grepai,guard-clauses-def-03,explicit-symbol,Where is ExpressionAsync implemented?,success,1,1,1,1,"[""src/GuardClauses/GuardAgainstExpressionExtensions.cs"",""src/GuardClauses/GuardAgainstExpressionExtensionsDeprecated.cs"",""src/GuardClauses/GuardAgainstNullExtensions.cs"",""src/GuardClauses/GuardAgainstInvalidFormatExtensions.cs"",""test/GuardClauses.UnitTests/GuardAgainstExpression.cs"",""test/GuardClauses.UnitTests/GuardAgainstNull.cs"",""src/GuardClauses/CompilerFixes/CallerArgumentExpressionAttribute.cs"",""src/GuardClauses/ThirdParty/JetBrains.Annotations.cs"",""test/GuardClauses.UnitTests/GuardAgainstExpressionDeprecated.cs"",""src/GuardClauses/GuardAgainstEmptyOrWhiteSpaceExtensions.cs""]","{""filePath"":""src/GuardClauses/GuardAgainstExpressionExtensions.cs"",""expectedRoute"":""definition"",""expectedOutcome"":""results""}",
guard-clauses,grepai,guard-clauses-def-04,explicit-symbol,Where is StringTooShort implemented?,success,0,0,0,0,"[""test/GuardClauses.UnitTests/GuardAgainstStringTooShort.cs"",""src/GuardClauses/GuardAgainstNotFoundExtensions.cs"",""test/GuardClauses.UnitTests/GuardAgainstStringTooLong.cs"",""test/GuardClauses.UnitTests/NamespaceSeparate/ExtendingGuard.cs"",""test/GuardClauses.UnitTests/GuardAgainstOutOfRangeForInvalidInput.cs"",""test/GuardClauses.UnitTests/GuardAgainstNullOrOutOfRangeForClassIComparable.cs"",""src/GuardClauses/GuardAgainstExpressionExtensionsDeprecated.cs"",""test/GuardClauses.UnitTests/GuardAgainstStringLengthOutOfRange.cs"",""test/GuardClauses.UnitTests/GuardAgainstNullOrOutOfSQLDateRange.cs"",""src/GuardClauses/GuardAgainstNullExtensions.cs""]","{""filePath"":""src/GuardClauses/GuardAgainstStringLengthExtensions.cs"",""expectedRoute"":""definition"",""expectedOutcome"":""results""}",
guard-clauses,grepai,guard-clauses-def-05,explicit-symbol,Where is NotFound implemented?,success,0,1,0.5,0.6309297535714575,"[""src/GuardClauses/Exceptions/NotFoundException.cs"",""src/GuardClauses/GuardAgainstNotFoundExtensions.cs"",""test/GuardClauses.UnitTests/GuardAgainstNotFound.cs"",""test/GuardClauses.UnitTests/GuardAgainstFooExtension.cs"","".github/stale.yaml"","".github/ISSUE_TEMPLATE/config.yml"",""test/GuardClauses.UnitTests/GuardAgainstOutOfRangeForTimeSpan.cs"",""test/GuardClauses.UnitTests/GuardAgainstNullOrOutOfRangeForInt.cs"",""src/GuardClauses/ValidatedNotNullAttribute.cs"",""src/GuardClauses/GuardAgainstNullExtensions.cs""]","{""filePath"":""src/GuardClauses/GuardAgainstNotFoundExtensions.cs"",""expectedRoute"":""definition"",""expectedOutcome"":""results""}",
guard-clauses,grepai,guard-clauses-def-06,explicit-symbol,Where is Negative implemented?,success,0,1,0.5,0.6309297535714575,"[""test/GuardClauses.UnitTests/GuardAgainstNegative.cs"",""src/GuardClauses/GuardAgainstNegativeExtensions.cs"",""test/GuardClauses.UnitTests/GuardAgainstNegativeOrZero.cs"",""src/GuardClauses/ValidatedNotNullAttribute.cs"","".github/stale.yaml"","".github/dependabot.yml"","".github/workflows/comment-on-pr.yml"",""src/GuardClauses/CompilerFixes/CallerArgumentExpressionAttribute.cs"",""src/GuardClauses/ThirdParty/JetBrains.Annotations.cs"",""src/GuardClauses/GuardAgainstZeroExtensions.cs""]","{""filePath"":""src/GuardClauses/GuardAgainstNegativeExtensions.cs"",""expectedRoute"":""definition"",""expectedOutcome"":""results""}",
guard-clauses,grepai,guard-clauses-nl-01,natural-language,"Where does a missing-input check choose whether to include a custom error message based on whether it is empty, while letting a supplied exception override the built-in one?",success,0,1,0.5,0.6309297535714575,"[""src/GuardClauses/GuardAgainstEmptyOrWhiteSpaceExtensions.cs"",""src/GuardClauses/GuardAgainstNullExtensions.cs"",""src/GuardClauses/GuardAgainstZeroExtensions.cs"",""src/GuardClauses/GuardAgainstInvalidFormatExtensions.cs"",""test/GuardClauses.UnitTests/GuardAgainstNullOrEmpty.cs"",""test/GuardClauses.UnitTests/GuardAgainstOutOfRangeForEnum.cs"",""src/GuardClauses/GuardAgainstNegativeExtensions.cs"",""test/GuardClauses.UnitTests/GuardAgainstNegativeOrZero.cs"",""test/GuardClauses.UnitTests/GuardAgainstInvalidFormatTests.cs"",""src/GuardClauses/GuardAgainstOutOfRangeExtensions.cs""]","{""filePath"":""src/GuardClauses/GuardAgainstNullExtensions.cs"",""expectedRoute"":""search"",""expectedOutcome"":""results""}",
guard-clauses,grepai,guard-clauses-nl-02,natural-language,"Where is a numeric value rejected by comparing it with the default value of its type through the default equality comparer, while valid values are returned unchanged?",success,0,0,0,0,"[""test/GuardClauses.UnitTests/GuardAgainstNullOrOutOfRangeForNullableInt.cs"",""test/GuardClauses.UnitTests/GuardAgainstNegative.cs"",""test/GuardClauses.UnitTests/GuardAgainstNull.cs"",""test/GuardClauses.UnitTests/GuardAgainstOutOfRangeForDecimal.cs"",""test/GuardClauses.UnitTests/GuardAgainstStringTooLong.cs"",""test/GuardClauses.UnitTests/GuardAgainstInvalidFormatTests.cs"",""test/GuardClauses.UnitTests/GuardAgainstNegativeOrZero.cs"",""test/GuardClauses.UnitTests/GuardAgainstZero.cs"",""test/GuardClauses.UnitTests/GuardAgainstOutOfRangeForEnum.cs"",""test/GuardClauses.UnitTests/GuardAgainstNullOrOutOfRangeForClassIComparable.cs""]","{""filePath"":""src/GuardClauses/GuardAgainstZeroExtensions.cs"",""expectedRoute"":""search"",""expectedOutcome"":""results""}",
guard-clauses,grepai,guard-clauses-nl-03,natural-language,"Where does an inclusive range check first reject missing arguments and inverted bounds, then allow values equal to either endpoint while rejecting values below or above the interval?",success,0,0,0,0,"[""test/GuardClauses.UnitTests/GuardAgainstOutOfRangeForDecimal.cs"",""test/GuardClauses.UnitTests/GuardAgainstNullOrOutOfRangeForInt.cs"",""test/GuardClauses.UnitTests/GuardAgainstOutOfRangeForDouble.cs"",""test/GuardClauses.UnitTests/GuardAgainstOutOfRangeForEnumerableLong.cs"",""test/GuardClauses.UnitTests/GuardAgainstNullOrOutOfRangeForNullableInt.cs"",""test/GuardClauses.UnitTests/GuardAgainstOutOfRangeForEnumerableShort.cs"",""test/GuardClauses.UnitTests/GuardAgainstOutOfRangeForEnumerableDouble.cs"",""test/GuardClauses.UnitTests/GuardAgainstOutOfRangeForEnumerableDecimal.cs"",""test/GuardClauses.UnitTests/GuardAgainstOutOfRangeForEnumerableTimeSpan.cs"",""test/GuardClauses.UnitTests/GuardAgainstOutOfRangeForEnumerableFloat.cs""]","{""filePath"":""src/GuardClauses/GuardAgainstOutOfRangeExtensions.cs"",""expectedRoute"":""search"",""expectedOutcome"":""results""}",
guard-clauses,grepai,guard-clauses-nl-04,natural-language,"Where is the shared entry object for validation extensions initialized once through a getter-only static property, with direct construction prevented by a private constructor?",success,0,0,0.125,0.31546487678572877,"[""src/GuardClauses/GuardAgainstEmptyOrWhiteSpaceExtensions.cs"",""src/GuardClauses/ValidatedNotNullAttribute.cs"",""src/GuardClauses/GuardAgainstZeroExtensions.cs"",""src/GuardClauses/GuardAgainstInvalidFormatExtensions.cs"",""src/GuardClauses/GuardAgainstExpressionExtensions.cs"",""src/GuardClauses/GuardAgainstNegativeExtensions.cs"",""src/GuardClauses/GuardAgainstNullExtensions.cs"",""src/GuardClauses/Guard.cs"",""src/GuardClauses/GuardAgainstExpressionExtensionsDeprecated.cs"",""src/GuardClauses/ThirdParty/JetBrains.Annotations.cs""]","{""filePath"":""src/GuardClauses/Guard.cs"",""expectedRoute"":""search"",""expectedOutcome"":""results""}",
guard-clauses,grepai,guard-clauses-nl-05,natural-language,"Where is the message for a missing queried object composed from its descriptive name and lookup key, with another constructor retaining the underlying exception as its cause?",success,0,1,0.5,0.6309297535714575,"[""test/GuardClauses.UnitTests/GuardAgainstNotFound.cs"",""src/GuardClauses/Exceptions/NotFoundException.cs"",""test/GuardClauses.UnitTests/GuardAgainstDefault.cs"",""test/GuardClauses.UnitTests/GuardAgainstInvalidFormatTests.cs"",""test/GuardClauses.UnitTests/GuardAgainstFooExtension.cs"",""test/GuardClauses.UnitTests/GuardAgainstZero.cs"",""test/GuardClauses.UnitTests/GuardAgainstNullOrEmpty.cs"",""test/GuardClauses.UnitTests/GuardAgainstOutOfRangeForDateTime.cs"","".github/ISSUE_TEMPLATE/config.yml"",""test/GuardClauses.UnitTests/GuardAgainstOutOfRangeForStructIComparable.cs""]","{""filePath"":""src/GuardClauses/Exceptions/NotFoundException.cs"",""expectedRoute"":""search"",""expectedOutcome"":""results""}",
guard-clauses,literal-unindexed,guard-clauses-def-01,explicit-symbol,Where is Empty implemented?,success,0,1,0.5,0.6309297535714575,"[""README.md"",""src/GuardClauses/GuardAgainstEmptyOrWhiteSpaceExtensions.cs"",""src/GuardClauses/GuardAgainstNotFoundExtensions.cs"",""src/GuardClauses/GuardAgainstNullExtensions.cs"",""src/GuardClauses/GuardAgainstOutOfRangeExtensions.cs"",""src/GuardClauses/ThirdParty/JetBrains.Annotations.cs"",""test/GuardClauses.UnitTests/GuardAgainstExpression.cs"",""test/GuardClauses.UnitTests/GuardAgainstNotFound.cs"",""test/GuardClauses.UnitTests/GuardAgainstNull.cs"",""test/GuardClauses.UnitTests/GuardAgainstNullOrEmpty.cs""]","{""filePath"":""src/GuardClauses/GuardAgainstEmptyOrWhiteSpaceExtensions.cs"",""expectedRoute"":""definition"",""expectedOutcome"":""results""}",
guard-clauses,literal-unindexed,guard-clauses-def-02,explicit-symbol,Where is InvalidFormat implemented?,success,0,1,0.5,0.6309297535714575,"[""README.md"",""src/GuardClauses/GuardAgainstInvalidFormatExtensions.cs"",""test/GuardClauses.UnitTests/GuardAgainstInvalidFormatTests.cs""]","{""filePath"":""src/GuardClauses/GuardAgainstInvalidFormatExtensions.cs"",""expectedRoute"":""definition"",""expectedOutcome"":""results""}",
guard-clauses,literal-unindexed,guard-clauses-def-03,explicit-symbol,Where is ExpressionAsync implemented?,success,1,1,1,1,"[""src/GuardClauses/GuardAgainstExpressionExtensions.cs"",""src/GuardClauses/GuardAgainstExpressionExtensionsDeprecated.cs""]","{""filePath"":""src/GuardClauses/GuardAgainstExpressionExtensions.cs"",""expectedRoute"":""definition"",""expectedOutcome"":""results""}",
guard-clauses,literal-unindexed,guard-clauses-def-04,explicit-symbol,Where is StringTooShort implemented?,success,0,1,0.5,0.6309297535714575,"[""src/GuardClauses/GuardAgainstOutOfRangeExtensions.cs"",""src/GuardClauses/GuardAgainstStringLengthExtensions.cs"",""test/GuardClauses.UnitTests/GuardAgainstStringTooShort.cs""]","{""filePath"":""src/GuardClauses/GuardAgainstStringLengthExtensions.cs"",""expectedRoute"":""definition"",""expectedOutcome"":""results""}",
guard-clauses,literal-unindexed,guard-clauses-def-05,explicit-symbol,Where is NotFound implemented?,success,0,1,0.3333333333333333,0.5,"[""README.md"",""src/GuardClauses/Exceptions/NotFoundException.cs"",""src/GuardClauses/GuardAgainstNotFoundExtensions.cs"",""test/GuardClauses.UnitTests/GuardAgainstNotFound.cs""]","{""filePath"":""src/GuardClauses/GuardAgainstNotFoundExtensions.cs"",""expectedRoute"":""definition"",""expectedOutcome"":""results""}",
guard-clauses,literal-unindexed,guard-clauses-def-06,explicit-symbol,Where is Negative implemented?,success,0,1,0.5,0.6309297535714575,"[""README.md"",""src/GuardClauses/GuardAgainstNegativeExtensions.cs"",""src/GuardClauses/GuardAgainstOutOfRangeExtensions.cs"",""src/GuardClauses/GuardAgainstStringLengthExtensions.cs"",""src/GuardClauses/ThirdParty/JetBrains.Annotations.cs"",""test/GuardClauses.UnitTests/GuardAgainstNegative.cs"",""test/GuardClauses.UnitTests/GuardAgainstNegativeOrZero.cs""]","{""filePath"":""src/GuardClauses/GuardAgainstNegativeExtensions.cs"",""expectedRoute"":""definition"",""expectedOutcome"":""results""}",
guard-clauses,literal-unindexed,guard-clauses-nl-01,natural-language,"Where does a missing-input check choose whether to include a custom error message based on whether it is empty, while letting a supplied exception override the built-in one?",success,0,0,0,0,[],"{""filePath"":""src/GuardClauses/GuardAgainstNullExtensions.cs"",""expectedRoute"":""search"",""expectedOutcome"":""results""}",
guard-clauses,literal-unindexed,guard-clauses-nl-02,natural-language,"Where is a numeric value rejected by comparing it with the default value of its type through the default equality comparer, while valid values are returned unchanged?",success,0,0,0,0,[],"{""filePath"":""src/GuardClauses/GuardAgainstZeroExtensions.cs"",""expectedRoute"":""search"",""expectedOutcome"":""results""}",
guard-clauses,literal-unindexed,guard-clauses-nl-03,natural-language,"Where does an inclusive range check first reject missing arguments and inverted bounds, then allow values equal to either endpoint while rejecting values below or above the interval?",success,0,0,0,0,[],"{""filePath"":""src/GuardClauses/GuardAgainstOutOfRangeExtensions.cs"",""expectedRoute"":""search"",""expectedOutcome"":""results""}",
guard-clauses,literal-unindexed,guard-clauses-nl-04,natural-language,"Where is the shared entry object for validation extensions initialized once through a getter-only static property, with direct construction prevented by a private constructor?",success,0,0,0,0,[],"{""filePath"":""src/GuardClauses/Guard.cs"",""expectedRoute"":""search"",""expectedOutcome"":""results""}",
guard-clauses,literal-unindexed,guard-clauses-nl-05,natural-language,"Where is the message for a missing queried object composed from its descriptive name and lookup key, with another constructor retaining the underlying exception as its cause?",success,0,0,0,0,[],"{""filePath"":""src/GuardClauses/Exceptions/NotFoundException.cs"",""expectedRoute"":""search"",""expectedOutcome"":""results""}",
guard-clauses,ocbi-hybrid,guard-clauses-def-01,explicit-symbol,Where is Empty implemented?,success,1,1,1,1,"[""src/GuardClauses/GuardAgainstEmptyOrWhiteSpaceExtensions.cs""]","{""filePath"":""src/GuardClauses/GuardAgainstEmptyOrWhiteSpaceExtensions.cs"",""expectedRoute"":""definition"",""expectedOutcome"":""results""}",
guard-clauses,ocbi-hybrid,guard-clauses-def-02,explicit-symbol,Where is InvalidFormat implemented?,success,1,1,1,1,"[""src/GuardClauses/GuardAgainstInvalidFormatExtensions.cs""]","{""filePath"":""src/GuardClauses/GuardAgainstInvalidFormatExtensions.cs"",""expectedRoute"":""definition"",""expectedOutcome"":""results""}",
guard-clauses,ocbi-hybrid,guard-clauses-def-03,explicit-symbol,Where is ExpressionAsync implemented?,success,1,1,1,1,"[""src/GuardClauses/GuardAgainstExpressionExtensions.cs""]","{""filePath"":""src/GuardClauses/GuardAgainstExpressionExtensions.cs"",""expectedRoute"":""definition"",""expectedOutcome"":""results""}",
guard-clauses,ocbi-hybrid,guard-clauses-def-04,explicit-symbol,Where is StringTooShort implemented?,success,1,1,1,1,"[""src/GuardClauses/GuardAgainstStringLengthExtensions.cs""]","{""filePath"":""src/GuardClauses/GuardAgainstStringLengthExtensions.cs"",""expectedRoute"":""definition"",""expectedOutcome"":""results""}",
guard-clauses,ocbi-hybrid,guard-clauses-def-05,explicit-symbol,Where is NotFound implemented?,success,1,1,1,1,"[""src/GuardClauses/GuardAgainstNotFoundExtensions.cs""]","{""filePath"":""src/GuardClauses/GuardAgainstNotFoundExtensions.cs"",""expectedRoute"":""definition"",""expectedOutcome"":""results""}",
guard-clauses,ocbi-hybrid,guard-clauses-def-06,explicit-symbol,Where is Negative implemented?,success,1,1,1,1,"[""src/GuardClauses/GuardAgainstNegativeExtensions.cs""]","{""filePath"":""src/GuardClauses/GuardAgainstNegativeExtensions.cs"",""expectedRoute"":""definition"",""expectedOutcome"":""results""}",
guard-clauses,ocbi-hybrid,guard-clauses-nl-01,natural-language,"Where does a missing-input check choose whether to include a custom error message based on whether it is empty, while letting a supplied exception override the built-in one?",success,0,1,0.25,0.43067655807339306,"[""test/GuardClauses.UnitTests/GuardAgainstNullOrEmpty.cs"",""src/GuardClauses/GuardAgainstEmptyOrWhiteSpaceExtensions.cs"",""test/GuardClauses.UnitTests/GuardAgainstZero.cs"",""src/GuardClauses/GuardAgainstNullExtensions.cs"",""src/GuardClauses/GuardAgainstZeroExtensions.cs"",""src/GuardClauses/GuardAgainstInvalidFormatExtensions.cs"",""test/GuardClauses.UnitTests/GuardAgainstNullOrWhiteSpace.cs"",""src/GuardClauses/GuardAgainstNegativeExtensions.cs"",""src/GuardClauses/ThirdParty/JetBrains.Annotations.cs"",""test/GuardClauses.UnitTests/GuardAgainstNegativeOrZero.cs""]","{""filePath"":""src/GuardClauses/GuardAgainstNullExtensions.cs"",""expectedRoute"":""search"",""expectedOutcome"":""results""}",
guard-clauses,ocbi-hybrid,guard-clauses-nl-02,natural-language,"Where is a numeric value rejected by comparing it with the default value of its type through the default equality comparer, while valid values are returned unchanged?",success,0,0,0.16666666666666666,0.3562071871080222,"[""src/GuardClauses/GuardAgainstInvalidFormatExtensions.cs"",""src/GuardClauses/GuardAgainstNullExtensions.cs"",""src/GuardClauses/GuardAgainstOutOfRangeExtensions.cs"",""src/GuardClauses/ThirdParty/JetBrains.Annotations.cs"",""src/GuardClauses/ValidatedNotNullAttribute.cs"",""src/GuardClauses/GuardAgainstZeroExtensions.cs"",""src/GuardClauses/Exceptions/NotFoundException.cs"",""src/GuardClauses/GuardAgainstNegativeExtensions.cs"",""src/GuardClauses/GuardAgainstExpressionExtensions.cs"",""src/GuardClauses/GuardAgainstNotFoundExtensions.cs""]","{""filePath"":""src/GuardClauses/GuardAgainstZeroExtensions.cs"",""expectedRoute"":""search"",""expectedOutcome"":""results""}",
guard-clauses,ocbi-hybrid,guard-clauses-nl-03,natural-language,"Where does an inclusive range check first reject missing arguments and inverted bounds, then allow values equal to either endpoint while rejecting values below or above the interval?",success,0,1,0.25,0.43067655807339306,"[""test/GuardClauses.UnitTests/GuardAgainstOutOfRangeForEnumerableDouble.cs"",""test/GuardClauses.UnitTests/GuardAgainstOutOfRangeForEnumerableDecimal.cs"",""src/GuardClauses/ThirdParty/JetBrains.Annotations.cs"",""src/GuardClauses/GuardAgainstOutOfRangeExtensions.cs"",""test/GuardClauses.UnitTests/GuardAgainstOutOfRangeForEnumerableInt.cs"",""test/GuardClauses.UnitTests/GuardAgainstNullOrOutOfRangeForInt.cs"",""src/GuardClauses/ValidatedNotNullAttribute.cs"",""test/GuardClauses.UnitTests/GuardAgainstOutOfRangeForInt.cs"",""test/GuardClauses.UnitTests/GuardAgainstOutOfRangeForEnumerableFloat.cs"",""README.md""]","{""filePath"":""src/GuardClauses/GuardAgainstOutOfRangeExtensions.cs"",""expectedRoute"":""search"",""expectedOutcome"":""results""}",
guard-clauses,ocbi-hybrid,guard-clauses-nl-04,natural-language,"Where is the shared entry object for validation extensions initialized once through a getter-only static property, with direct construction prevented by a private constructor?",success,0,1,0.3333333333333333,0.5,"[""src/GuardClauses/GuardAgainstExpressionExtensionsDeprecated.cs"",""src/GuardClauses/GuardAgainstNotFoundExtensions.cs"",""src/GuardClauses/Guard.cs"",""src/GuardClauses/GuardAgainstExpressionExtensions.cs"",""src/GuardClauses/GuardAgainstZeroExtensions.cs"",""src/GuardClauses/GuardAgainstNullExtensions.cs"",""src/GuardClauses/GuardAgainstNegativeExtensions.cs"",""src/GuardClauses/GuardAgainstOutOfRangeExtensions.cs"",""src/GuardClauses/ValidatedNotNullAttribute.cs"",""src/GuardClauses/ThirdParty/JetBrains.Annotations.cs""]","{""filePath"":""src/GuardClauses/Guard.cs"",""expectedRoute"":""search"",""expectedOutcome"":""results""}",
guard-clauses,ocbi-hybrid,guard-clauses-nl-05,natural-language,"Where is the message for a missing queried object composed from its descriptive name and lookup key, with another constructor retaining the underlying exception as its cause?",success,1,1,1,1,"[""src/GuardClauses/Exceptions/NotFoundException.cs"",""src/GuardClauses/GuardAgainstNotFoundExtensions.cs"",""src/GuardClauses/GuardAgainstNullExtensions.cs"",""src/GuardClauses/GuardAgainstInvalidFormatExtensions.cs"",""src/GuardClauses/GuardAgainstExpressionExtensionsDeprecated.cs"",""src/GuardClauses/ThirdParty/JetBrains.Annotations.cs"",""src/GuardClauses/GuardAgainstExpressionExtensions.cs"",""src/GuardClauses/GuardAgainstNegativeExtensions.cs"",""src/GuardClauses/GuardAgainstZeroExtensions.cs"",""src/GuardClauses/GuardAgainstOutOfRangeExtensions.cs""]","{""filePath"":""src/GuardClauses/Exceptions/NotFoundException.cs"",""expectedRoute"":""search"",""expectedOutcome"":""results""}",
guard-clauses,ocbi-structural,guard-clauses-def-01,explicit-symbol,Where is Empty implemented?,success,1,1,1,1,"[""src/GuardClauses/GuardAgainstEmptyOrWhiteSpaceExtensions.cs""]","{""filePath"":""src/GuardClauses/GuardAgainstEmptyOrWhiteSpaceExtensions.cs"",""expectedRoute"":""definition"",""expectedOutcome"":""results""}",
guard-clauses,ocbi-structural,guard-clauses-def-02,explicit-symbol,Where is InvalidFormat implemented?,success,1,1,1,1,"[""src/GuardClauses/GuardAgainstInvalidFormatExtensions.cs""]","{""filePath"":""src/GuardClauses/GuardAgainstInvalidFormatExtensions.cs"",""expectedRoute"":""definition"",""expectedOutcome"":""results""}",
guard-clauses,ocbi-structural,guard-clauses-def-03,explicit-symbol,Where is ExpressionAsync implemented?,success,1,1,1,1,"[""src/GuardClauses/GuardAgainstExpressionExtensions.cs""]","{""filePath"":""src/GuardClauses/GuardAgainstExpressionExtensions.cs"",""expectedRoute"":""definition"",""expectedOutcome"":""results""}",
guard-clauses,ocbi-structural,guard-clauses-def-04,explicit-symbol,Where is StringTooShort implemented?,success,1,1,1,1,"[""src/GuardClauses/GuardAgainstStringLengthExtensions.cs""]","{""filePath"":""src/GuardClauses/GuardAgainstStringLengthExtensions.cs"",""expectedRoute"":""definition"",""expectedOutcome"":""results""}",
guard-clauses,ocbi-structural,guard-clauses-def-05,explicit-symbol,Where is NotFound implemented?,success,1,1,1,1,"[""src/GuardClauses/GuardAgainstNotFoundExtensions.cs""]","{""filePath"":""src/GuardClauses/GuardAgainstNotFoundExtensions.cs"",""expectedRoute"":""definition"",""expectedOutcome"":""results""}",
guard-clauses,ocbi-structural,guard-clauses-def-06,explicit-symbol,Where is Negative implemented?,success,1,1,1,1,"[""src/GuardClauses/GuardAgainstNegativeExtensions.cs""]","{""filePath"":""src/GuardClauses/GuardAgainstNegativeExtensions.cs"",""expectedRoute"":""definition"",""expectedOutcome"":""results""}",
guard-clauses,ocbi-structural,guard-clauses-nl-01,natural-language,"Where does a missing-input check choose whether to include a custom error message based on whether it is empty, while letting a supplied exception override the built-in one?",success,0,1,0.5,0.6309297535714575,"[""src/GuardClauses/GuardAgainstEmptyOrWhiteSpaceExtensions.cs"",""src/GuardClauses/GuardAgainstNullExtensions.cs"",""src/GuardClauses/GuardAgainstZeroExtensions.cs"",""src/GuardClauses/GuardAgainstNegativeExtensions.cs"",""src/GuardClauses/GuardAgainstOutOfRangeExtensions.cs"",""src/GuardClauses/GuardAgainstExpressionExtensions.cs"",""src/GuardClauses/ThirdParty/JetBrains.Annotations.cs"",""CONTRIBUTING.md"",""src/GuardClauses/GuardAgainstInvalidFormatExtensions.cs"",""src/GuardClauses/GuardAgainstStringLengthExtensions.cs""]","{""filePath"":""src/GuardClauses/GuardAgainstNullExtensions.cs"",""expectedRoute"":""search"",""expectedOutcome"":""results""}",
guard-clauses,ocbi-structural,guard-clauses-nl-02,natural-language,"Where is a numeric value rejected by comparing it with the default value of its type through the default equality comparer, while valid values are returned unchanged?",success,0,1,0.2,0.38685280723454163,"[""src/GuardClauses/GuardAgainstInvalidFormatExtensions.cs"",""src/GuardClauses/ValidatedNotNullAttribute.cs"",""src/GuardClauses/GuardAgainstOutOfRangeExtensions.cs"",""src/GuardClauses/GuardAgainstNullExtensions.cs"",""src/GuardClauses/GuardAgainstZeroExtensions.cs"",""src/GuardClauses/ThirdParty/JetBrains.Annotations.cs"",""src/GuardClauses/Exceptions/NotFoundException.cs"",""src/GuardClauses/GuardAgainstNegativeExtensions.cs"",""src/GuardClauses/GuardAgainstExpressionExtensions.cs"",""src/GuardClauses/GuardAgainstNotFoundExtensions.cs""]","{""filePath"":""src/GuardClauses/GuardAgainstZeroExtensions.cs"",""expectedRoute"":""search"",""expectedOutcome"":""results""}",
guard-clauses,ocbi-structural,guard-clauses-nl-03,natural-language,"Where does an inclusive range check first reject missing arguments and inverted bounds, then allow values equal to either endpoint while rejecting values below or above the interval?",success,1,1,1,1,"[""src/GuardClauses/GuardAgainstOutOfRangeExtensions.cs"",""src/GuardClauses/ThirdParty/JetBrains.Annotations.cs"",""src/GuardClauses/ValidatedNotNullAttribute.cs"",""test/GuardClauses.UnitTests/GuardAgainstExpressionDeprecated.cs"",""README.md"",""src/GuardClauses/GuardAgainstNullExtensions.cs"",""CONTRIBUTING.md"",""src/GuardClauses/GuardAgainstExpressionExtensionsDeprecated.cs"",""test/GuardClauses.UnitTests/GuardAgainstOutOfRangeForEnumerableTimeSpan.cs"",""src/GuardClauses/Exceptions/NotFoundException.cs""]","{""filePath"":""src/GuardClauses/GuardAgainstOutOfRangeExtensions.cs"",""expectedRoute"":""search"",""expectedOutcome"":""results""}",
guard-clauses,ocbi-structural,guard-clauses-nl-04,natural-language,"Where is the shared entry object for validation extensions initialized once through a getter-only static property, with direct construction prevented by a private constructor?",success,0,0,0,0,"[""src/GuardClauses/GuardAgainstExpressionExtensionsDeprecated.cs"",""src/GuardClauses/GuardAgainstZeroExtensions.cs"",""src/GuardClauses/GuardAgainstNegativeExtensions.cs"",""src/GuardClauses/GuardAgainstExpressionExtensions.cs"",""src/GuardClauses/GuardAgainstNullExtensions.cs"",""src/GuardClauses/GuardAgainstOutOfRangeExtensions.cs"",""src/GuardClauses/GuardAgainstStringLengthExtensions.cs"",""src/GuardClauses/GuardAgainstNotFoundExtensions.cs"",""src/GuardClauses/GuardAgainstInvalidFormatExtensions.cs"",""src/GuardClauses/GuardAgainstEmptyOrWhiteSpaceExtensions.cs""]","{""filePath"":""src/GuardClauses/Guard.cs"",""expectedRoute"":""search"",""expectedOutcome"":""results""}",
guard-clauses,ocbi-structural,guard-clauses-nl-05,natural-language,"Where is the message for a missing queried object composed from its descriptive name and lookup key, with another constructor retaining the underlying exception as its cause?",success,1,1,1,1,"[""src/GuardClauses/Exceptions/NotFoundException.cs"",""src/GuardClauses/GuardAgainstExpressionExtensionsDeprecated.cs"",""src/GuardClauses/GuardAgainstNotFoundExtensions.cs"",""src/GuardClauses/ThirdParty/JetBrains.Annotations.cs"",""src/GuardClauses/GuardAgainstExpressionExtensions.cs"",""src/GuardClauses/GuardAgainstStringLengthExtensions.cs"",""src/GuardClauses/GuardAgainstNullExtensions.cs"",""src/GuardClauses/GuardAgainstNegativeExtensions.cs"",""src/GuardClauses/GuardAgainstZeroExtensions.cs"",""src/GuardClauses/GuardAgainstOutOfRangeExtensions.cs""]","{""filePath"":""src/GuardClauses/Exceptions/NotFoundException.cs"",""expectedRoute"":""search"",""expectedOutcome"":""results""}",
guard-clauses,plain-file-bm25,guard-clauses-def-01,explicit-symbol,Where is Empty implemented?,success,0,1,0.5,0.6309297535714575,"[""test/GuardClauses.UnitTests/GuardAgainstNullOrEmpty.cs"",""src/GuardClauses/GuardAgainstEmptyOrWhiteSpaceExtensions.cs"",""src/GuardClauses/GuardAgainstNullExtensions.cs"",""test/GuardClauses.UnitTests/GuardAgainstNotFound.cs"",""test/GuardClauses.UnitTests/GuardAgainstNull.cs"",""test/GuardClauses.UnitTests/GuardAgainstNullOrWhiteSpace.cs"",""README.md"","".editorconfig"",""test/GuardClauses.UnitTests/GuardAgainstExpression.cs"",""src/GuardClauses/ThirdParty/JetBrains.Annotations.cs""]","{""filePath"":""src/GuardClauses/GuardAgainstEmptyOrWhiteSpaceExtensions.cs"",""expectedRoute"":""definition"",""expectedOutcome"":""results""}",
guard-clauses,plain-file-bm25,guard-clauses-def-02,explicit-symbol,Where is InvalidFormat implemented?,success,0,1,0.5,0.6309297535714575,"[""test/GuardClauses.UnitTests/GuardAgainstInvalidFormatTests.cs"",""src/GuardClauses/GuardAgainstInvalidFormatExtensions.cs"",""README.md""]","{""filePath"":""src/GuardClauses/GuardAgainstInvalidFormatExtensions.cs"",""expectedRoute"":""definition"",""expectedOutcome"":""results""}",
guard-clauses,plain-file-bm25,guard-clauses-def-03,explicit-symbol,Where is ExpressionAsync implemented?,success,0,1,0.5,0.6309297535714575,"[""src/GuardClauses/GuardAgainstExpressionExtensionsDeprecated.cs"",""src/GuardClauses/GuardAgainstExpressionExtensions.cs""]","{""filePath"":""src/GuardClauses/GuardAgainstExpressionExtensions.cs"",""expectedRoute"":""definition"",""expectedOutcome"":""results""}",
guard-clauses,plain-file-bm25,guard-clauses-def-04,explicit-symbol,Where is StringTooShort implemented?,success,0,1,0.5,0.6309297535714575,"[""test/GuardClauses.UnitTests/GuardAgainstStringTooShort.cs"",""src/GuardClauses/GuardAgainstStringLengthExtensions.cs"",""src/GuardClauses/GuardAgainstOutOfRangeExtensions.cs""]","{""filePath"":""src/GuardClauses/GuardAgainstStringLengthExtensions.cs"",""expectedRoute"":""definition"",""expectedOutcome"":""results""}",
guard-clauses,plain-file-bm25,guard-clauses-def-05,explicit-symbol,Where is NotFound implemented?,success,0,1,0.5,0.6309297535714575,"[""test/GuardClauses.UnitTests/GuardAgainstNotFound.cs"",""src/GuardClauses/GuardAgainstNotFoundExtensions.cs"",""README.md""]","{""filePath"":""src/GuardClauses/GuardAgainstNotFoundExtensions.cs"",""expectedRoute"":""definition"",""expectedOutcome"":""results""}",
guard-clauses,plain-file-bm25,guard-clauses-def-06,explicit-symbol,Where is Negative implemented?,success,0,1,0.5,0.6309297535714575,"[""test/GuardClauses.UnitTests/GuardAgainstNegative.cs"",""src/GuardClauses/GuardAgainstNegativeExtensions.cs"",""test/GuardClauses.UnitTests/GuardAgainstNegativeOrZero.cs"",""src/GuardClauses/GuardAgainstStringLengthExtensions.cs"",""src/GuardClauses/GuardAgainstExpressionExtensions.cs"",""src/GuardClauses/GuardAgainstOutOfRangeExtensions.cs"",""README.md""]","{""filePath"":""src/GuardClauses/GuardAgainstNegativeExtensions.cs"",""expectedRoute"":""definition"",""expectedOutcome"":""results""}",
guard-clauses,plain-file-bm25,guard-clauses-nl-01,natural-language,"Where does a missing-input check choose whether to include a custom error message based on whether it is empty, while letting a supplied exception override the built-in one?",success,0,1,0.3333333333333333,0.5,"[""src/GuardClauses/ThirdParty/JetBrains.Annotations.cs"",""CONTRIBUTING.md"",""src/GuardClauses/GuardAgainstNullExtensions.cs"",""src/GuardClauses/GuardAgainstEmptyOrWhiteSpaceExtensions.cs"",""src/GuardClauses/GuardAgainstOutOfRangeExtensions.cs"",""src/GuardClauses/GuardAgainstNegativeExtensions.cs"","".editorconfig"",""src/GuardClauses/GuardAgainstZeroExtensions.cs"",""README.md"",""src/GuardClauses/GuardAgainstExpressionExtensions.cs""]","{""filePath"":""src/GuardClauses/GuardAgainstNullExtensions.cs"",""expectedRoute"":""search"",""expectedOutcome"":""results""}",
guard-clauses,plain-file-bm25,guard-clauses-nl-02,natural-language,"Where is a numeric value rejected by comparing it with the default value of its type through the default equality comparer, while valid values are returned unchanged?",success,0,0,0.125,0.31546487678572877,"[""src/GuardClauses/ThirdParty/JetBrains.Annotations.cs"",""README.md"",""src/GuardClauses/GuardAgainstOutOfRangeExtensions.cs"",""src/GuardClauses/GuardAgainstNullExtensions.cs"","".github/workflows/publish.yml"",""src/GuardClauses/Exceptions/NotFoundException.cs"",""test/GuardClauses.UnitTests/GuardAgainstDefault.cs"",""src/GuardClauses/GuardAgainstZeroExtensions.cs"","".editorconfig"",""src/GuardClauses/GuardAgainstNegativeExtensions.cs""]","{""filePath"":""src/GuardClauses/GuardAgainstZeroExtensions.cs"",""expectedRoute"":""search"",""expectedOutcome"":""results""}",
guard-clauses,plain-file-bm25,guard-clauses-nl-03,natural-language,"Where does an inclusive range check first reject missing arguments and inverted bounds, then allow values equal to either endpoint while rejecting values below or above the interval?",success,0,1,0.5,0.6309297535714575,"[""src/GuardClauses/ThirdParty/JetBrains.Annotations.cs"",""src/GuardClauses/GuardAgainstOutOfRangeExtensions.cs"",""README.md"",""LICENSE"","".editorconfig"",""test/GuardClauses.UnitTests/GuardAgainstExpressionDeprecated.cs"",""src/GuardClauses/ValidatedNotNullAttribute.cs"",""azure-pipelines.yml.bak"",""src/GuardClauses/GuardAgainstExpressionExtensionsDeprecated.cs"",""CONTRIBUTING.md""]","{""filePath"":""src/GuardClauses/GuardAgainstOutOfRangeExtensions.cs"",""expectedRoute"":""search"",""expectedOutcome"":""results""}",
guard-clauses,plain-file-bm25,guard-clauses-nl-04,natural-language,"Where is the shared entry object for validation extensions initialized once through a getter-only static property, with direct construction prevented by a private constructor?",success,0,0,0.16666666666666666,0.3562071871080222,"[""src/GuardClauses/ThirdParty/JetBrains.Annotations.cs"",""README.md"","".editorconfig"",""src/GuardClauses/GuardAgainstExpressionExtensionsDeprecated.cs"","".gitignore"",""src/GuardClauses/Guard.cs"",""src/GuardClauses/GuardAgainstNullExtensions.cs"",""src/GuardClauses/GuardAgainstNotFoundExtensions.cs"",""src/GuardClauses/GuardAgainstExpressionExtensions.cs"",""src/GuardClauses/GuardAgainstOutOfRangeExtensions.cs""]","{""filePath"":""src/GuardClauses/Guard.cs"",""expectedRoute"":""search"",""expectedOutcome"":""results""}",
guard-clauses,plain-file-bm25,guard-clauses-nl-05,natural-language,"Where is the message for a missing queried object composed from its descriptive name and lookup key, with another constructor retaining the underlying exception as its cause?",success,1,1,1,1,"[""src/GuardClauses/Exceptions/NotFoundException.cs"",""src/GuardClauses/ThirdParty/JetBrains.Annotations.cs"",""README.md"",""src/GuardClauses/GuardAgainstNotFoundExtensions.cs"",""src/GuardClauses/GuardAgainstExpressionExtensionsDeprecated.cs"",""src/GuardClauses/GuardAgainstExpressionExtensions.cs"",""nuget.txt"","".github/workflows/publish.yml"",""LICENSE"",""src/GuardClauses/GuardAgainstStringLengthExtensions.cs""]","{""filePath"":""src/GuardClauses/Exceptions/NotFoundException.cs"",""expectedRoute"":""search"",""expectedOutcome"":""results""}",
guzzle,codebase-memory,guzzle-def-01,explicit-symbol,Where is headersFromLines implemented?,success,1,1,1,1,"[""src/Utils.php""]","{""filePath"":""src/Utils.php"",""expectedRoute"":""definition"",""expectedOutcome"":""results""}",
guzzle,codebase-memory,guzzle-def-02,explicit-symbol,Where is cookieDomainMatches implemented?,success,1,1,1,1,"[""src/HostIdentity.php""]","{""filePath"":""src/HostIdentity.php"",""expectedRoute"":""definition"",""expectedOutcome"":""results""}",
guzzle,codebase-memory,guzzle-def-03,explicit-symbol,Where is selectChallenge implemented?,success,1,1,1,1,"[""src/Auth/DigestAuth.php""]","{""filePath"":""src/Auth/DigestAuth.php"",""expectedRoute"":""definition"",""expectedOutcome"":""results""}",
guzzle,codebase-memory,guzzle-def-04,explicit-symbol,Where is normalizeConversionOption implemented?,success,1,1,1,1,"[""src/Idn.php""]","{""filePath"":""src/Idn.php"",""expectedRoute"":""definition"",""expectedOutcome"":""results""}",
guzzle,codebase-memory,guzzle-def-05,explicit-symbol,Where is findByName implemented?,success,1,1,1,1,"[""src/HandlerStack.php""]","{""filePath"":""src/HandlerStack.php"",""expectedRoute"":""definition"",""expectedOutcome"":""results""}",
guzzle,codebase-memory,guzzle-def-06,explicit-symbol,Where is getHandlerStat implemented?,success,1,1,1,1,"[""src/TransferStats.php""]","{""filePath"":""src/TransferStats.php"",""expectedRoute"":""definition"",""expectedOutcome"":""results""}",
guzzle,codebase-memory,guzzle-nl-01,natural-language,"Where does redirect handling strip authentication and cookie headers when the origin changes, and reduce an enabled referrer to its origin rather than leak the previous path or query?",unsupported,,,,,[],"{""filePath"":""src/RedirectMiddleware.php"",""expectedRoute"":""search"",""expectedOutcome"":""results""}",
guzzle,codebase-memory,guzzle-nl-02,natural-language,"Where is the request continuation handshake header added for an unknown-size, sufficiently large, or non-rewindable body, unless it is already present, explicitly disabled, or the protocol is not HTTP/1.1?",unsupported,,,,,[],"{""filePath"":""src/PrepareBodyMiddleware.php"",""expectedRoute"":""search"",""expectedOutcome"":""results""}",
guzzle,codebase-memory,guzzle-nl-03,natural-language,"Where are outgoing cookies filtered by domain, path, expiration, and secure transport, then accumulated only until either the header-byte limit or cookie-count limit is reached?",unsupported,,,,,[],"{""filePath"":""src/Cookie/CookieJar.php"",""expectedRoute"":""search"",""expectedOutcome"":""results""}",
guzzle,codebase-memory,guzzle-nl-04,natural-language,"Where are eligible cookies serialized with their host-only status, written under an exclusive lock, and then given a best-effort owner-only permission mode, with encoding or write failures reported?",unsupported,,,,,[],"{""filePath"":""src/Cookie/FileCookieJar.php"",""expectedRoute"":""search"",""expectedOutcome"":""results""}",
guzzle,codebase-memory,guzzle-nl-05,natural-language,"Where does a concurrent request batch collect both successes and failures under their original iterable keys, preserve user completion callbacks, wait for completion, and sort the returned outcomes by key?",unsupported,,,,,[],"{""filePath"":""src/Pool.php"",""expectedRoute"":""search"",""expectedOutcome"":""results""}",
guzzle,codegraph,guzzle-def-01,explicit-symbol,Where is headersFromLines implemented?,success,1,1,1,1,"[""src/Utils.php""]","{""filePath"":""src/Utils.php"",""expectedRoute"":""definition"",""expectedOutcome"":""results""}",
guzzle,codegraph,guzzle-def-02,explicit-symbol,Where is cookieDomainMatches implemented?,success,1,1,1,1,"[""src/HostIdentity.php""]","{""filePath"":""src/HostIdentity.php"",""expectedRoute"":""definition"",""expectedOutcome"":""results""}",
guzzle,codegraph,guzzle-def-03,explicit-symbol,Where is selectChallenge implemented?,success,1,1,1,1,"[""src/Auth/DigestAuth.php""]","{""filePath"":""src/Auth/DigestAuth.php"",""expectedRoute"":""definition"",""expectedOutcome"":""results""}",
guzzle,codegraph,guzzle-def-04,explicit-symbol,Where is normalizeConversionOption implemented?,success,1,1,1,1,"[""src/Idn.php""]","{""filePath"":""src/Idn.php"",""expectedRoute"":""definition"",""expectedOutcome"":""results""}",
guzzle,codegraph,guzzle-def-05,explicit-symbol,Where is findByName implemented?,success,1,1,1,1,"[""src/HandlerStack.php""]","{""filePath"":""src/HandlerStack.php"",""expectedRoute"":""definition"",""expectedOutcome"":""results""}",
guzzle,codegraph,guzzle-def-06,explicit-symbol,Where is getHandlerStat implemented?,success,1,1,1,1,"[""src/TransferStats.php""]","{""filePath"":""src/TransferStats.php"",""expectedRoute"":""definition"",""expectedOutcome"":""results""}",
guzzle,codegraph,guzzle-nl-01,natural-language,"Where does redirect handling strip authentication and cookie headers when the origin changes, and reduce an enabled referrer to its origin rather than leak the previous path or query?",success,0,0,0,0,"[""src/Cookie/SetCookie.php"",""src/Cookie/CookieJar.php"",""src/Cookie/CookieJarInterface.php"",""src/Cookie/SessionCookieJar.php"",""src/Cookie/FileCookieJar.php""]","{""filePath"":""src/RedirectMiddleware.php"",""expectedRoute"":""search"",""expectedOutcome"":""results""}",
guzzle,codegraph,guzzle-nl-02,natural-language,"Where is the request continuation handshake header added for an unknown-size, sufficiently large, or non-rewindable body, unless it is already present, explicitly disabled, or the protocol is not HTTP/1.1?",success,0,0,0,0,"[""src/Handler/TransferByteCounter.php"",""src/ClientTrait.php"",""src/Client.php"",""src/Handler/CurlFactory.php"",""src/Handler/EncodedBodyStream.php"",""src/RequestOptions.php""]","{""filePath"":""src/PrepareBodyMiddleware.php"",""expectedRoute"":""search"",""expectedOutcome"":""results""}",
guzzle,codegraph,guzzle-nl-03,natural-language,"Where are outgoing cookies filtered by domain, path, expiration, and secure transport, then accumulated only until either the header-byte limit or cookie-count limit is reached?",success,1,1,1,1,"[""src/Cookie/CookieJar.php"",""src/Handler/TransferByteCounter.php"",""src/Cookie/SetCookie.php"",""src/HostIdentity.php"",""src/Middleware.php""]","{""filePath"":""src/Cookie/CookieJar.php"",""expectedRoute"":""search"",""expectedOutcome"":""results""}",
guzzle,codegraph,guzzle-nl-04,natural-language,"Where are eligible cookies serialized with their host-only status, written under an exclusive lock, and then given a best-effort owner-only permission mode, with encoding or write failures reported?",success,0,0,0,0,"[""src/Handler/EncodedBodyStream.php"",""src/Handler/HostValidator.php"",""src/HostIdentity.php"",""src/NonSerializableTrait.php"",""src/Handler/StreamHandler.php"",""src/Exception/RequestException.php"",""src/AuthMiddleware.php"",""src/Cookie/CookieJar.php"",""src/Handler/StreamTlsSessionCache.php""]","{""filePath"":""src/Cookie/FileCookieJar.php"",""expectedRoute"":""search"",""expectedOutcome"":""results""}",
guzzle,codegraph,guzzle-nl-05,natural-language,"Where does a concurrent request batch collect both successes and failures under their original iterable keys, preserve user completion callbacks, wait for completion, and sort the returned outcomes by key?",success,0,0,0,0,"[""src/Handler/StreamTlsSessionCache.php"",""src/Utils.php"",""src/Client.php"",""src/Handler/StreamHandler.php"",""src/Handler/EasyHandle.php"",""src/Handler/HeaderProcessor.php"",""src/RequestOptions.php""]","{""filePath"":""src/Pool.php"",""expectedRoute"":""search"",""expectedOutcome"":""results""}",
guzzle,grepai,guzzle-def-01,explicit-symbol,Where is headersFromLines implemented?,success,0,1,0.25,0.43067655807339306,"[""src/Handler/HeaderProcessor.php"",""src/Handler/CurlFactory.php"",""src/MessageFormatter.php"",""src/Utils.php"",""src/Handler/StreamHandler.php"",""src/PrepareBodyMiddleware.php"",""src/Handler/EasyHandle.php"",""src/RedirectMiddleware.php"",""src/TransportSharing.php"",""src/HostIdentity.php""]","{""filePath"":""src/Utils.php"",""expectedRoute"":""definition"",""expectedOutcome"":""results""}",
guzzle,grepai,guzzle-def-02,explicit-symbol,Where is cookieDomainMatches implemented?,success,0,1,0.3333333333333333,0.5,"[""src/Cookie/CookieJarInterface.php"",""src/Cookie/CookieJar.php"",""src/HostIdentity.php"",""src/Cookie/SetCookie.php"",""src/Cookie/FileCookieJar.php"",""src/Cookie/SessionCookieJar.php"",""src/RedirectMiddleware.php"",""src/Handler/HostValidator.php"",""src/Exception/TooManyRedirectsException.php"",""src/Middleware.php""]","{""filePath"":""src/HostIdentity.php"",""expectedRoute"":""definition"",""expectedOutcome"":""results""}",
guzzle,grepai,guzzle-def-03,explicit-symbol,Where is selectChallenge implemented?,success,0,0,0,0,"[""src/Auth/DigestChallenge.php"",""src/Handler/CurlMultiHandler.php"",""src/ClientTrait.php"",""src/Handler/MockHandler.php"",""src/Handler/CurlHandler.php"",""src/Handler/CurlFactory.php"",""src/RetryMiddleware.php"",""src/Handler/CurlFactoryInterface.php"",""src/Handler/EasyHandle.php"",""src/ProxySelection.php""]","{""filePath"":""src/Auth/DigestAuth.php"",""expectedRoute"":""definition"",""expectedOutcome"":""results""}",
guzzle,grepai,guzzle-def-04,explicit-symbol,Where is normalizeConversionOption implemented?,success,1,1,1,1,"[""src/Idn.php"",""src/Handler/CurlFactory.php"",""src/Client.php"",""src/Handler/CurlVersion.php"",""src/RedirectMiddleware.php"",""src/BodySummarizer.php"",""src/Utils.php"",""src/ProxyOptions.php"",""src/Handler/TlsVersion.php"",""src/AuthMiddleware.php""]","{""filePath"":""src/Idn.php"",""expectedRoute"":""definition"",""expectedOutcome"":""results""}",
guzzle,grepai,guzzle-def-05,explicit-symbol,Where is findByName implemented?,success,0,1,0.3333333333333333,0.5,"[""composer.json"",""src/Env.php"",""src/HandlerStack.php"",""src/HostIdentity.php"",""src/Cookie/SetCookie.php"",""src/Handler/EncodedBodyStream.php"",""src/BodySummarizer.php"",""src/Cookie/CookieJar.php"",""src/AuthMiddleware.php"",""src/Handler/ProxyEnv.php""]","{""filePath"":""src/HandlerStack.php"",""expectedRoute"":""definition"",""expectedOutcome"":""results""}",
guzzle,grepai,guzzle-def-06,explicit-symbol,Where is getHandlerStat implemented?,success,1,1,1,1,"[""src/TransferStats.php"",""src/Handler/CurlShareHandleState.php"",""src/Handler/CurlHandler.php"",""src/Handler/MockHandler.php"",""src/Handler/CurlFactory.php"",""src/Utils.php"",""src/Handler/CurlMultiHandler.php"",""src/Handler/EasyHandle.php"",""src/HandlerStack.php"",""src/Handler/StreamHandler.php""]","{""filePath"":""src/TransferStats.php"",""expectedRoute"":""definition"",""expectedOutcome"":""results""}",
guzzle,grepai,guzzle-nl-01,natural-language,"Where does redirect handling strip authentication and cookie headers when the origin changes, and reduce an enabled referrer to its origin rather than leak the previous path or query?",success,1,1,1,1,"[""src/RedirectMiddleware.php"",""src/Middleware.php"",""src/RequestOptions.php"",""src/Cookie/CookieJarInterface.php"",""src/Handler/StreamHandler.php"",""src/AuthMiddleware.php"",""src/HostIdentity.php"",""src/Exception/TooManyRedirectsException.php"",""src/Client.php"",""src/ClientTrait.php""]","{""filePath"":""src/RedirectMiddleware.php"",""expectedRoute"":""search"",""expectedOutcome"":""results""}",
guzzle,grepai,guzzle-nl-02,natural-language,"Where is the request continuation handshake header added for an unknown-size, sufficiently large, or non-rewindable body, unless it is already present, explicitly disabled, or the protocol is not HTTP/1.1?",success,0,1,0.3333333333333333,0.5,"[""src/Handler/RequestFraming.php"",""src/RequestOptions.php"",""src/PrepareBodyMiddleware.php"",""src/Handler/StreamHandler.php"",""src/Handler/CurlFactory.php"",""src/Handler/CurlMultiHandler.php"",""src/Handler/CurlFactoryInterface.php"",""src/Handler/CurlVersion.php"",""src/Handler/CurlShareHandleState.php"",""src/Client.php""]","{""filePath"":""src/PrepareBodyMiddleware.php"",""expectedRoute"":""search"",""expectedOutcome"":""results""}",
guzzle,grepai,guzzle-nl-03,natural-language,"Where are outgoing cookies filtered by domain, path, expiration, and secure transport, then accumulated only until either the header-byte limit or cookie-count limit is reached?",success,0,1,0.3333333333333333,0.5,"[""src/Cookie/CookieJarInterface.php"",""src/Cookie/SetCookie.php"",""src/Cookie/CookieJar.php"",""src/Cookie/FileCookieJar.php"",""src/HostIdentity.php"",""src/Cookie/SessionCookieJar.php"",""src/Handler/HostValidator.php"",""src/RequestOptions.php"",""src/Handler/StreamTlsSessionCache.php"",""src/Handler/RequestFraming.php""]","{""filePath"":""src/Cookie/CookieJar.php"",""expectedRoute"":""search"",""expectedOutcome"":""results""}",
guzzle,grepai,guzzle-nl-04,natural-language,"Where are eligible cookies serialized with their host-only status, written under an exclusive lock, and then given a best-effort owner-only permission mode, with encoding or write failures reported?",success,1,1,1,1,"[""src/Cookie/FileCookieJar.php"",""src/Cookie/SetCookie.php"",""src/Cookie/SessionCookieJar.php"",""src/Cookie/CookieJarInterface.php"",""src/Cookie/CookieJar.php"",""src/HostIdentity.php"",""src/Handler/HostValidator.php"",""src/Middleware.php"",""src/RequestOptions.php"",""src/AuthMiddleware.php""]","{""filePath"":""src/Cookie/FileCookieJar.php"",""expectedRoute"":""search"",""expectedOutcome"":""results""}",
guzzle,grepai,guzzle-nl-05,natural-language,"Where does a concurrent request batch collect both successes and failures under their original iterable keys, preserve user completion callbacks, wait for completion, and sort the returned outcomes by key?",success,0,1,0.5,0.6309297535714575,"[""src/RequestOptions.php"",""src/Pool.php"",""src/Middleware.php"",""src/Handler/CurlMultiHandler.php"",""src/Multiplexing.php"",""src/RetryMiddleware.php"",""src/RedirectMiddleware.php"",""src/Client.php"",""src/AuthMiddleware.php"",""src/Handler/CurlFactory.php""]","{""filePath"":""src/Pool.php"",""expectedRoute"":""search"",""expectedOutcome"":""results""}",
guzzle,literal-unindexed,guzzle-def-01,explicit-symbol,Where is headersFromLines implemented?,success,0,1,0.3333333333333333,0.5,"[""UPGRADING.md"",""src/Handler/HeaderProcessor.php"",""src/Utils.php""]","{""filePath"":""src/Utils.php"",""expectedRoute"":""definition"",""expectedOutcome"":""results""}",
guzzle,literal-unindexed,guzzle-def-02,explicit-symbol,Where is cookieDomainMatches implemented?,success,0,1,0.3333333333333333,0.5,"[""src/Cookie/CookieJar.php"",""src/Cookie/SetCookie.php"",""src/HostIdentity.php""]","{""filePath"":""src/HostIdentity.php"",""expectedRoute"":""definition"",""expectedOutcome"":""results""}",
guzzle,literal-unindexed,guzzle-def-03,explicit-symbol,Where is selectChallenge implemented?,success,1,1,1,1,"[""src/Auth/DigestAuth.php"",""src/AuthMiddleware.php""]","{""filePath"":""src/Auth/DigestAuth.php"",""expectedRoute"":""definition"",""expectedOutcome"":""results""}",
guzzle,literal-unindexed,guzzle-def-04,explicit-symbol,Where is normalizeConversionOption implemented?,success,0,1,0.5,0.6309297535714575,"[""src/Client.php"",""src/Idn.php"",""src/RedirectMiddleware.php""]","{""filePath"":""src/Idn.php"",""expectedRoute"":""definition"",""expectedOutcome"":""results""}",
guzzle,literal-unindexed,guzzle-def-05,explicit-symbol,Where is findByName implemented?,success,1,1,1,1,"[""src/HandlerStack.php""]","{""filePath"":""src/HandlerStack.php"",""expectedRoute"":""definition"",""expectedOutcome"":""results""}",
guzzle,literal-unindexed,guzzle-def-06,explicit-symbol,Where is getHandlerStat implemented?,success,0,1,0.5,0.6309297535714575,"[""src/Handler/CurlFactory.php"",""src/TransferStats.php""]","{""filePath"":""src/TransferStats.php"",""expectedRoute"":""definition"",""expectedOutcome"":""results""}",
guzzle,literal-unindexed,guzzle-nl-01,natural-language,"Where does redirect handling strip authentication and cookie headers when the origin changes, and reduce an enabled referrer to its origin rather than leak the previous path or query?",success,0,0,0,0,[],"{""filePath"":""src/RedirectMiddleware.php"",""expectedRoute"":""search"",""expectedOutcome"":""results""}",
guzzle,literal-unindexed,guzzle-nl-02,natural-language,"Where is the request continuation handshake header added for an unknown-size, sufficiently large, or non-rewindable body, unless it is already present, explicitly disabled, or the protocol is not HTTP/1.1?",success,0,0,0,0,[],"{""filePath"":""src/PrepareBodyMiddleware.php"",""expectedRoute"":""search"",""expectedOutcome"":""results""}",
guzzle,literal-unindexed,guzzle-nl-03,natural-language,"Where are outgoing cookies filtered by domain, path, expiration, and secure transport, then accumulated only until either the header-byte limit or cookie-count limit is reached?",success,0,0,0,0,[],"{""filePath"":""src/Cookie/CookieJar.php"",""expectedRoute"":""search"",""expectedOutcome"":""results""}",
guzzle,literal-unindexed,guzzle-nl-04,natural-language,"Where are eligible cookies serialized with their host-only status, written under an exclusive lock, and then given a best-effort owner-only permission mode, with encoding or write failures reported?",success,0,0,0,0,[],"{""filePath"":""src/Cookie/FileCookieJar.php"",""expectedRoute"":""search"",""expectedOutcome"":""results""}",
guzzle,literal-unindexed,guzzle-nl-05,natural-language,"Where does a concurrent request batch collect both successes and failures under their original iterable keys, preserve user completion callbacks, wait for completion, and sort the returned outcomes by key?",success,0,0,0,0,[],"{""filePath"":""src/Pool.php"",""expectedRoute"":""search"",""expectedOutcome"":""results""}",
guzzle,ocbi-hybrid,guzzle-def-01,explicit-symbol,Where is headersFromLines implemented?,success,1,1,1,1,"[""src/Utils.php""]","{""filePath"":""src/Utils.php"",""expectedRoute"":""definition"",""expectedOutcome"":""results""}",
guzzle,ocbi-hybrid,guzzle-def-02,explicit-symbol,Where is cookieDomainMatches implemented?,success,1,1,1,1,"[""src/HostIdentity.php""]","{""filePath"":""src/HostIdentity.php"",""expectedRoute"":""definition"",""expectedOutcome"":""results""}",
guzzle,ocbi-hybrid,guzzle-def-03,explicit-symbol,Where is selectChallenge implemented?,success,1,1,1,1,"[""src/Auth/DigestAuth.php""]","{""filePath"":""src/Auth/DigestAuth.php"",""expectedRoute"":""definition"",""expectedOutcome"":""results""}",
guzzle,ocbi-hybrid,guzzle-def-04,explicit-symbol,Where is normalizeConversionOption implemented?,success,1,1,1,1,"[""src/Idn.php""]","{""filePath"":""src/Idn.php"",""expectedRoute"":""definition"",""expectedOutcome"":""results""}",
guzzle,ocbi-hybrid,guzzle-def-05,explicit-symbol,Where is findByName implemented?,success,1,1,1,1,"[""src/HandlerStack.php""]","{""filePath"":""src/HandlerStack.php"",""expectedRoute"":""definition"",""expectedOutcome"":""results""}",
guzzle,ocbi-hybrid,guzzle-def-06,explicit-symbol,Where is getHandlerStat implemented?,success,1,1,1,1,"[""src/TransferStats.php""]","{""filePath"":""src/TransferStats.php"",""expectedRoute"":""definition"",""expectedOutcome"":""results""}",
guzzle,ocbi-hybrid,guzzle-nl-01,natural-language,"Where does redirect handling strip authentication and cookie headers when the origin changes, and reduce an enabled referrer to its origin rather than leak the previous path or query?",success,1,1,1,1,"[""src/RedirectMiddleware.php"",""UPGRADING.md"",""CHANGELOG.md"",""src/ProxyOptions.php"",""AGENTS.md"",""src/Handler/StreamHandler.php"",""src/Handler/CurlFactory.php"",""src/Handler/HeaderProcessor.php"",""src/RequestOptions.php""]","{""filePath"":""src/RedirectMiddleware.php"",""expectedRoute"":""search"",""expectedOutcome"":""results""}",
guzzle,ocbi-hybrid,guzzle-nl-02,natural-language,"Where is the request continuation handshake header added for an unknown-size, sufficiently large, or non-rewindable body, unless it is already present, explicitly disabled, or the protocol is not HTTP/1.1?",success,0,1,0.2,0.38685280723454163,"[""src/RequestOptions.php"",""src/Handler/RequestFraming.php"",""src/AuthMiddleware.php"",""src/Handler/CurlFactory.php"",""src/PrepareBodyMiddleware.php"",""src/Handler/HeaderProcessor.php"",""src/Handler/StreamHandler.php"",""src/Client.php"",""src/Handler/EasyHandle.php"",""src/Cookie/CookieJarInterface.php""]","{""filePath"":""src/PrepareBodyMiddleware.php"",""expectedRoute"":""search"",""expectedOutcome"":""results""}",
guzzle,ocbi-hybrid,guzzle-nl-03,natural-language,"Where are outgoing cookies filtered by domain, path, expiration, and secure transport, then accumulated only until either the header-byte limit or cookie-count limit is reached?",success,0,1,0.5,0.6309297535714575,"[""src/Cookie/CookieJarInterface.php"",""src/Cookie/CookieJar.php"",""src/Cookie/SetCookie.php"",""UPGRADING.md"",""src/Handler/CurlVersion.php"",""src/Handler/RequestFraming.php"",""src/Handler/CurlFactory.php"",""src/Handler/DeadlineSourceStream.php"",""CHANGELOG.md"",""src/Handler/EncodedBodyStream.php""]","{""filePath"":""src/Cookie/CookieJar.php"",""expectedRoute"":""search"",""expectedOutcome"":""results""}",
guzzle,ocbi-hybrid,guzzle-nl-04,natural-language,"Where are eligible cookies serialized with their host-only status, written under an exclusive lock, and then given a best-effort owner-only permission mode, with encoding or write failures reported?",success,1,1,1,1,"[""src/Cookie/FileCookieJar.php"",""UPGRADING.md"",""src/Cookie/CookieJarInterface.php"",""src/Cookie/CookieJar.php"",""src/Cookie/SetCookie.php"",""src/RequestOptions.php"",""CHANGELOG.md"",""src/Handler/StreamHandler.php"",""src/Handler/CurlShareHandleState.php"",""src/ProxyOptions.php""]","{""filePath"":""src/Cookie/FileCookieJar.php"",""expectedRoute"":""search"",""expectedOutcome"":""results""}",
guzzle,ocbi-hybrid,guzzle-nl-05,natural-language,"Where does a concurrent request batch collect both successes and failures under their original iterable keys, preserve user completion callbacks, wait for completion, and sort the returned outcomes by key?",success,0,0,0.14285714285714285,0.3333333333333333,"[""src/RequestOptions.php"",""src/Multiplexing.php"",""src/Handler/CurlMultiHandler.php"",""UPGRADING.md"",""CHANGELOG.md"",""src/RetryMiddleware.php"",""src/Pool.php"",""AGENTS.md""]","{""filePath"":""src/Pool.php"",""expectedRoute"":""search"",""expectedOutcome"":""results""}",
guzzle,ocbi-structural,guzzle-def-01,explicit-symbol,Where is headersFromLines implemented?,success,1,1,1,1,"[""src/Utils.php""]","{""filePath"":""src/Utils.php"",""expectedRoute"":""definition"",""expectedOutcome"":""results""}",
guzzle,ocbi-structural,guzzle-def-02,explicit-symbol,Where is cookieDomainMatches implemented?,success,1,1,1,1,"[""src/HostIdentity.php""]","{""filePath"":""src/HostIdentity.php"",""expectedRoute"":""definition"",""expectedOutcome"":""results""}",
guzzle,ocbi-structural,guzzle-def-03,explicit-symbol,Where is selectChallenge implemented?,success,1,1,1,1,"[""src/Auth/DigestAuth.php""]","{""filePath"":""src/Auth/DigestAuth.php"",""expectedRoute"":""definition"",""expectedOutcome"":""results""}",
guzzle,ocbi-structural,guzzle-def-04,explicit-symbol,Where is normalizeConversionOption implemented?,success,1,1,1,1,"[""src/Idn.php""]","{""filePath"":""src/Idn.php"",""expectedRoute"":""definition"",""expectedOutcome"":""results""}",
guzzle,ocbi-structural,guzzle-def-05,explicit-symbol,Where is findByName implemented?,success,1,1,1,1,"[""src/HandlerStack.php""]","{""filePath"":""src/HandlerStack.php"",""expectedRoute"":""definition"",""expectedOutcome"":""results""}",
guzzle,ocbi-structural,guzzle-def-06,explicit-symbol,Where is getHandlerStat implemented?,success,1,1,1,1,"[""src/TransferStats.php""]","{""filePath"":""src/TransferStats.php"",""expectedRoute"":""definition"",""expectedOutcome"":""results""}",
guzzle,ocbi-structural,guzzle-nl-01,natural-language,"Where does redirect handling strip authentication and cookie headers when the origin changes, and reduce an enabled referrer to its origin rather than leak the previous path or query?",success,1,1,1,1,"[""src/RedirectMiddleware.php"",""UPGRADING.md"",""CHANGELOG.md"",""AGENTS.md"",""src/ProxyOptions.php"",""src/Handler/StreamHandler.php"",""src/Handler/CurlFactory.php"",""src/Handler/HeaderProcessor.php"",""src/RequestOptions.php"",""src/Cookie/SetCookie.php""]","{""filePath"":""src/RedirectMiddleware.php"",""expectedRoute"":""search"",""expectedOutcome"":""results""}",
guzzle,ocbi-structural,guzzle-nl-02,natural-language,"Where is the request continuation handshake header added for an unknown-size, sufficiently large, or non-rewindable body, unless it is already present, explicitly disabled, or the protocol is not HTTP/1.1?",success,0,0,0,0,"[""src/RequestOptions.php"",""src/Handler/RequestFraming.php"",""src/Handler/HeaderProcessor.php""]","{""filePath"":""src/PrepareBodyMiddleware.php"",""expectedRoute"":""search"",""expectedOutcome"":""results""}",
guzzle,ocbi-structural,guzzle-nl-03,natural-language,"Where are outgoing cookies filtered by domain, path, expiration, and secure transport, then accumulated only until either the header-byte limit or cookie-count limit is reached?",success,0,1,0.5,0.6309297535714575,"[""src/Cookie/CookieJarInterface.php"",""src/Cookie/CookieJar.php"",""src/Handler/CurlVersion.php"",""UPGRADING.md"",""src/Handler/RequestFraming.php"",""src/Handler/DeadlineSourceStream.php"",""src/Handler/EncodedBodyStream.php"",""src/Handler/CurlFactory.php"",""CHANGELOG.md"",""src/Handler/StreamHandler.php""]","{""filePath"":""src/Cookie/CookieJar.php"",""expectedRoute"":""search"",""expectedOutcome"":""results""}",
guzzle,ocbi-structural,guzzle-nl-04,natural-language,"Where are eligible cookies serialized with their host-only status, written under an exclusive lock, and then given a best-effort owner-only permission mode, with encoding or write failures reported?",success,1,1,1,1,"[""src/Cookie/FileCookieJar.php"",""src/Cookie/CookieJarInterface.php"",""UPGRADING.md"",""src/Cookie/CookieJar.php"",""src/RequestOptions.php"",""CHANGELOG.md"",""src/Handler/CurlShareHandleState.php"",""src/Handler/StreamHandler.php"",""src/ProxyOptions.php"",""AGENTS.md""]","{""filePath"":""src/Cookie/FileCookieJar.php"",""expectedRoute"":""search"",""expectedOutcome"":""results""}",
guzzle,ocbi-structural,guzzle-nl-05,natural-language,"Where does a concurrent request batch collect both successes and failures under their original iterable keys, preserve user completion callbacks, wait for completion, and sort the returned outcomes by key?",success,0,0,0.14285714285714285,0.3333333333333333,"[""src/Multiplexing.php"",""src/Handler/CurlMultiHandler.php"",""UPGRADING.md"",""src/RequestOptions.php"",""CHANGELOG.md"",""AGENTS.md"",""src/Pool.php"",""src/Handler/CurlHandler.php"",""src/HandlerStack.php"",""src/Client.php""]","{""filePath"":""src/Pool.php"",""expectedRoute"":""search"",""expectedOutcome"":""results""}",
guzzle,plain-file-bm25,guzzle-def-01,explicit-symbol,Where is headersFromLines implemented?,success,0,1,0.5,0.6309297535714575,"[""src/Handler/HeaderProcessor.php"",""src/Utils.php"",""UPGRADING.md""]","{""filePath"":""src/Utils.php"",""expectedRoute"":""definition"",""expectedOutcome"":""results""}",
guzzle,plain-file-bm25,guzzle-def-02,explicit-symbol,Where is cookieDomainMatches implemented?,success,0,1,0.5,0.6309297535714575,"[""src/Cookie/CookieJar.php"",""src/HostIdentity.php"",""src/Cookie/SetCookie.php""]","{""filePath"":""src/HostIdentity.php"",""expectedRoute"":""definition"",""expectedOutcome"":""results""}",
guzzle,plain-file-bm25,guzzle-def-03,explicit-symbol,Where is selectChallenge implemented?,success,1,1,1,1,"[""src/Auth/DigestAuth.php"",""src/AuthMiddleware.php""]","{""filePath"":""src/Auth/DigestAuth.php"",""expectedRoute"":""definition"",""expectedOutcome"":""results""}",
guzzle,plain-file-bm25,guzzle-def-04,explicit-symbol,Where is normalizeConversionOption implemented?,success,1,1,1,1,"[""src/Idn.php"",""src/RedirectMiddleware.php"",""src/Client.php""]","{""filePath"":""src/Idn.php"",""expectedRoute"":""definition"",""expectedOutcome"":""results""}",
guzzle,plain-file-bm25,guzzle-def-05,explicit-symbol,Where is findByName implemented?,success,1,1,1,1,"[""src/HandlerStack.php""]","{""filePath"":""src/HandlerStack.php"",""expectedRoute"":""definition"",""expectedOutcome"":""results""}",
guzzle,plain-file-bm25,guzzle-def-06,explicit-symbol,Where is getHandlerStat implemented?,success,1,1,1,1,"[""src/TransferStats.php""]","{""filePath"":""src/TransferStats.php"",""expectedRoute"":""definition"",""expectedOutcome"":""results""}",
guzzle,plain-file-bm25,guzzle-nl-01,natural-language,"Where does redirect handling strip authentication and cookie headers when the origin changes, and reduce an enabled referrer to its origin rather than leak the previous path or query?",success,0,1,0.25,0.43067655807339306,"[""UPGRADING.md"",""CHANGELOG.md"",""src/RequestOptions.php"",""src/RedirectMiddleware.php"",""AGENTS.md"",""src/Handler/CurlFactory.php"",""src/Handler/StreamHandler.php"",""src/Client.php"",""src/ProxyOptions.php"",""src/HostIdentity.php""]","{""filePath"":""src/RedirectMiddleware.php"",""expectedRoute"":""search"",""expectedOutcome"":""results""}",
guzzle,plain-file-bm25,guzzle-nl-02,natural-language,"Where is the request continuation handshake header added for an unknown-size, sufficiently large, or non-rewindable body, unless it is already present, explicitly disabled, or the protocol is not HTTP/1.1?",success,0,0,0,0,"[""src/RequestOptions.php"",""UPGRADING.md"",""CHANGELOG.md"",""src/Handler/RequestFraming.php"",""src/Handler/CurlFactory.php"",""src/AuthMiddleware.php"",""src/Handler/StreamHandler.php"",""src/Client.php"",""src/Handler/StreamTlsSessionCache.php"",""src/Handler/ProxyEnv.php""]","{""filePath"":""src/PrepareBodyMiddleware.php"",""expectedRoute"":""search"",""expectedOutcome"":""results""}",
guzzle,plain-file-bm25,guzzle-nl-03,natural-language,"Where are outgoing cookies filtered by domain, path, expiration, and secure transport, then accumulated only until either the header-byte limit or cookie-count limit is reached?",success,0,1,0.5,0.6309297535714575,"[""UPGRADING.md"",""src/Cookie/CookieJar.php"",""src/Cookie/SetCookie.php"",""CHANGELOG.md"",""src/HostIdentity.php"",""src/Cookie/CookieJarInterface.php"",""src/ProxyOptions.php"",""src/RequestOptions.php"",""src/Handler/CurlVersion.php"",""src/Handler/HostValidator.php""]","{""filePath"":""src/Cookie/CookieJar.php"",""expectedRoute"":""search"",""expectedOutcome"":""results""}",
guzzle,plain-file-bm25,guzzle-nl-04,natural-language,"Where are eligible cookies serialized with their host-only status, written under an exclusive lock, and then given a best-effort owner-only permission mode, with encoding or write failures reported?",success,0,0,0.14285714285714285,0.3333333333333333,"[""UPGRADING.md"",""src/Handler/StreamHandler.php"",""CHANGELOG.md"",""src/RequestOptions.php"",""AGENTS.md"",""src/Handler/CurlFactory.php"",""src/Cookie/FileCookieJar.php"",""src/Handler/CurlMultiHandler.php"",""src/Handler/CurlShareHandleState.php"",""src/Handler/HostValidator.php""]","{""filePath"":""src/Cookie/FileCookieJar.php"",""expectedRoute"":""search"",""expectedOutcome"":""results""}",
guzzle,plain-file-bm25,guzzle-nl-05,natural-language,"Where does a concurrent request batch collect both successes and failures under their original iterable keys, preserve user completion callbacks, wait for completion, and sort the returned outcomes by key?",success,0,0,0.125,0.31546487678572877,"[""UPGRADING.md"",""CHANGELOG.md"",""src/Handler/CurlMultiHandler.php"",""AGENTS.md"",""src/RequestOptions.php"",""src/Utils.php"",""src/Handler/StreamHandler.php"",""src/Pool.php"",""src/Client.php"",""src/Handler/CurlFactory.php""]","{""filePath"":""src/Pool.php"",""expectedRoute"":""search"",""expectedOutcome"":""results""}",
kotlinx-serialization,codebase-memory,kotlinx-serialization-def-01,explicit-symbol,Where is nextUnmarkedHighIndex implemented?,error,0,0,0,0,[],"{""filePath"":""core/commonMain/src/kotlinx/serialization/internal/ElementMarker.kt"",""expectedRoute"":""definition"",""expectedOutcome"":""results""}","Error: Command failed: ${WORK}/tools/npm/node_modules/codebase-memory-mcp/bin/codebase-memory-mcp cli --json index_repository {""repo_path"":""${WORK}/run/active-source"",""mode"":""full"",""persistence"":false}
warning: passing raw JSON to 'cli index_repository' is deprecated and will be removed in a future release; use flags (run 'cli index_repository --help'), --args-file <path>, or piped stdin.
"
kotlinx-serialization,codebase-memory,kotlinx-serialization-def-02,explicit-symbol,Where is NullableSerializer implemented?,error,0,0,0,0,[],"{""filePath"":""core/commonMain/src/kotlinx/serialization/internal/NullableSerializer.kt"",""expectedRoute"":""definition"",""expectedOutcome"":""results""}","Error: Command failed: ${WORK}/tools/npm/node_modules/codebase-memory-mcp/bin/codebase-memory-mcp cli --json index_repository {""repo_path"":""${WORK}/run/active-source"",""mode"":""full"",""persistence"":false}
warning: passing raw JSON to 'cli index_repository' is deprecated and will be removed in a future release; use flags (run 'cli index_repository --help'), --args-file <path>, or piped stdin.
"
kotlinx-serialization,codebase-memory,kotlinx-serialization-def-03,explicit-symbol,Where is ObjectSerializer implemented?,error,0,0,0,0,[],"{""filePath"":""core/commonMain/src/kotlinx/serialization/internal/ObjectSerializer.kt"",""expectedRoute"":""definition"",""expectedOutcome"":""results""}","Error: Command failed: ${WORK}/tools/npm/node_modules/codebase-memory-mcp/bin/codebase-memory-mcp cli --json index_repository {""repo_path"":""${WORK}/run/active-source"",""mode"":""full"",""persistence"":false}
warning: passing raw JSON to 'cli index_repository' is deprecated and will be removed in a future release; use flags (run 'cli index_repository --help'), --args-file <path>, or piped stdin.
"
kotlinx-serialization,codebase-memory,kotlinx-serialization-def-04,explicit-symbol,Where is LongAsStringSerializer implemented?,error,0,0,0,0,[],"{""filePath"":""core/commonMain/src/kotlinx/serialization/builtins/LongAsStringSerializer.kt"",""expectedRoute"":""definition"",""expectedOutcome"":""results""}","Error: Command failed: ${WORK}/tools/npm/node_modules/codebase-memory-mcp/bin/codebase-memory-mcp cli --json index_repository {""repo_path"":""${WORK}/run/active-source"",""mode"":""full"",""persistence"":false}
warning: passing raw JSON to 'cli index_repository' is deprecated and will be removed in a future release; use flags (run 'cli index_repository --help'), --args-file <path>, or piped stdin.
"
kotlinx-serialization,codebase-memory,kotlinx-serialization-def-05,explicit-symbol,Where is createMarkedEnumSerializer implemented?,error,0,0,0,0,[],"{""filePath"":""core/commonMain/src/kotlinx/serialization/internal/Enums.kt"",""expectedRoute"":""definition"",""expectedOutcome"":""results""}","Error: Command failed: ${WORK}/tools/npm/node_modules/codebase-memory-mcp/bin/codebase-memory-mcp cli --json index_repository {""repo_path"":""${WORK}/run/active-source"",""mode"":""full"",""persistence"":false}
warning: passing raw JSON to 'cli index_repository' is deprecated and will be removed in a future release; use flags (run 'cli index_repository --help'), --args-file <path>, or piped stdin.
"
kotlinx-serialization,codebase-memory,kotlinx-serialization-def-06,explicit-symbol,Where is pushClassAnnotation implemented?,error,0,0,0,0,[],"{""filePath"":""core/commonMain/src/kotlinx/serialization/internal/PluginGeneratedSerialDescriptor.kt"",""expectedRoute"":""definition"",""expectedOutcome"":""results""}","Error: Command failed: ${WORK}/tools/npm/node_modules/codebase-memory-mcp/bin/codebase-memory-mcp cli --json index_repository {""repo_path"":""${WORK}/run/active-source"",""mode"":""full"",""persistence"":false}
warning: passing raw JSON to 'cli index_repository' is deprecated and will be removed in a future release; use flags (run 'cli index_repository --help'), --args-file <path>, or piped stdin.
"
kotlinx-serialization,codebase-memory,kotlinx-serialization-nl-01,natural-language,"Where does runtime serializer lookup first consult the configured module using a statically known class and type-argument serializers, then use a supplied fallback, and otherwise fail because no serializer is registered?",unsupported,,,,,[],"{""filePath"":""core/commonMain/src/kotlinx/serialization/ContextualSerializer.kt"",""expectedRoute"":""search"",""expectedOutcome"":""results""}",
kotlinx-serialization,codebase-memory,kotlinx-serialization-nl-02,natural-language,Where is a sealed hierarchy serializer rejected if its subclass and serializer arrays differ in length or if two mapped subclasses share the same serialization name?,unsupported,,,,,[],"{""filePath"":""core/commonMain/src/kotlinx/serialization/SealedSerializer.kt"",""expectedRoute"":""search"",""expectedOutcome"":""results""}",
kotlinx-serialization,codebase-memory,kotlinx-serialization-nl-03,natural-language,Where does bulk registration of a sealed hierarchy require the standard sealed serializer and reject child serializers that are themselves open polymorphic before registering each child?,unsupported,,,,,[],"{""filePath"":""core/commonMain/src/kotlinx/serialization/modules/PolymorphicModuleBuilder.kt"",""expectedRoute"":""search"",""expectedOutcome"":""results""}",
kotlinx-serialization,codebase-memory,kotlinx-serialization-nl-04,natural-language,"Where does polymorphic decoding require the type discriminator before reading the payload, reject unexpected element indices, and fail if no payload was read by the end of the structure?",unsupported,,,,,[],"{""filePath"":""core/commonMain/src/kotlinx/serialization/internal/AbstractPolymorphicSerializer.kt"",""expectedRoute"":""search"",""expectedOutcome"":""results""}",
kotlinx-serialization,codebase-memory,kotlinx-serialization-nl-05,natural-language,Where does map decoding require the value index immediately after its key and pass an existing non-primitive value back into decoding when a key is repeated?,unsupported,,,,,[],"{""filePath"":""core/commonMain/src/kotlinx/serialization/internal/CollectionSerializers.kt"",""expectedRoute"":""search"",""expectedOutcome"":""results""}",
kotlinx-serialization,codegraph,kotlinx-serialization-def-01,explicit-symbol,Where is nextUnmarkedHighIndex implemented?,success,1,1,1,1,"[""core/commonMain/src/kotlinx/serialization/internal/ElementMarker.kt""]","{""filePath"":""core/commonMain/src/kotlinx/serialization/internal/ElementMarker.kt"",""expectedRoute"":""definition"",""expectedOutcome"":""results""}",
kotlinx-serialization,codegraph,kotlinx-serialization-def-02,explicit-symbol,Where is NullableSerializer implemented?,success,1,1,1,1,"[""core/commonMain/src/kotlinx/serialization/internal/NullableSerializer.kt""]","{""filePath"":""core/commonMain/src/kotlinx/serialization/internal/NullableSerializer.kt"",""expectedRoute"":""definition"",""expectedOutcome"":""results""}",
kotlinx-serialization,codegraph,kotlinx-serialization-def-03,explicit-symbol,Where is ObjectSerializer implemented?,success,1,1,1,1,"[""core/commonMain/src/kotlinx/serialization/internal/ObjectSerializer.kt"",""formats/json-tests/commonTest/src/kotlinx/serialization/KeepGeneratedSerializerTest.kt"",""core/commonTest/src/kotlinx/serialization/internal/ObjectSerializerTest.kt""]","{""filePath"":""core/commonMain/src/kotlinx/serialization/internal/ObjectSerializer.kt"",""expectedRoute"":""definition"",""expectedOutcome"":""results""}",
kotlinx-serialization,codegraph,kotlinx-serialization-def-04,explicit-symbol,Where is LongAsStringSerializer implemented?,success,1,1,1,1,"[""core/commonMain/src/kotlinx/serialization/builtins/LongAsStringSerializer.kt"",""formats/json/jsMain/src/kotlinx/serialization/json/Dynamics.kt""]","{""filePath"":""core/commonMain/src/kotlinx/serialization/builtins/LongAsStringSerializer.kt"",""expectedRoute"":""definition"",""expectedOutcome"":""results""}",
kotlinx-serialization,codegraph,kotlinx-serialization-def-05,explicit-symbol,Where is createMarkedEnumSerializer implemented?,success,1,1,1,1,"[""core/commonMain/src/kotlinx/serialization/internal/Enums.kt""]","{""filePath"":""core/commonMain/src/kotlinx/serialization/internal/Enums.kt"",""expectedRoute"":""definition"",""expectedOutcome"":""results""}",
kotlinx-serialization,codegraph,kotlinx-serialization-def-06,explicit-symbol,Where is pushClassAnnotation implemented?,success,1,1,1,1,"[""core/commonMain/src/kotlinx/serialization/internal/PluginGeneratedSerialDescriptor.kt""]","{""filePath"":""core/commonMain/src/kotlinx/serialization/internal/PluginGeneratedSerialDescriptor.kt"",""expectedRoute"":""definition"",""expectedOutcome"":""results""}",
kotlinx-serialization,codegraph,kotlinx-serialization-nl-01,natural-language,"Where does runtime serializer lookup first consult the configured module using a statically known class and type-argument serializers, then use a supplied fallback, and otherwise fail because no serializer is registered?",success,0,0,0,0,"[""core/commonMain/src/kotlinx/serialization/modules/SerializersModuleBuilders.kt"",""core/commonMain/src/kotlinx/serialization/modules/SerializersModule.kt"",""formats/json/commonMain/src/kotlinx/serialization/json/internal/JsonSerializersModuleValidator.kt"",""core/commonMain/src/kotlinx/serialization/modules/SerializersModuleCollector.kt"",""formats/protobuf/commonMain/src/kotlinx/serialization/protobuf/ProtoBuf.kt"",""formats/cbor/commonMain/src/kotlinx/serialization/cbor/Cbor.kt"",""formats/json/commonMain/src/kotlinx/serialization/json/Json.kt"",""formats/hocon/src/main/kotlin/kotlinx/serialization/hocon/Hocon.kt"",""formats/properties/commonMain/src/kotlinx/serialization/properties/Properties.kt"",""core/commonMain/src/kotlinx/serialization/internal/NoOpEncoder.kt""]","{""filePath"":""core/commonMain/src/kotlinx/serialization/ContextualSerializer.kt"",""expectedRoute"":""search"",""expectedOutcome"":""results""}",
kotlinx-serialization,codegraph,kotlinx-serialization-nl-02,natural-language,Where is a sealed hierarchy serializer rejected if its subclass and serializer arrays differ in length or if two mapped subclasses share the same serialization name?,success,0,0,0,0,"[""core/commonMain/src/kotlinx/serialization/Annotations.kt"",""core/commonMain/src/kotlinx/serialization/Serializers.kt"",""core/commonMain/src/kotlinx/serialization/ApiLevels.kt"",""core/commonMain/src/kotlinx/serialization/internal/Platform.common.kt"",""formats/json-okio/commonMain/src/kotlinx/serialization/json/okio/OkioStreams.kt"",""formats/properties/commonMain/src/kotlinx/serialization/properties/Properties.kt"",""core/commonMain/src/kotlinx/serialization/SerialFormat.kt"",""core/commonTest/src/kotlinx/serialization/modules/ContextualGenericsTest.kt"",""formats/json/commonMain/src/kotlinx/serialization/json/Json.kt"",""formats/json-tests/commonTest/src/kotlinx/serialization/SerializersLookupTest.kt""]","{""filePath"":""core/commonMain/src/kotlinx/serialization/SealedSerializer.kt"",""expectedRoute"":""search"",""expectedOutcome"":""results""}",
kotlinx-serialization,codegraph,kotlinx-serialization-nl-03,natural-language,Where does bulk registration of a sealed hierarchy require the standard sealed serializer and reject child serializers that are themselves open polymorphic before registering each child?,success,0,0,0,0,"[""core/commonMain/src/kotlinx/serialization/SealedSerializer.kt"",""core/commonMain/src/kotlinx/serialization/internal/AbstractPolymorphicSerializer.kt"",""core/commonMain/src/kotlinx/serialization/KSerializer.kt"",""core/commonMain/src/kotlinx/serialization/internal/Platform.common.kt"",""core/commonMain/src/kotlinx/serialization/ApiLevels.kt""]","{""filePath"":""core/commonMain/src/kotlinx/serialization/modules/PolymorphicModuleBuilder.kt"",""expectedRoute"":""search"",""expectedOutcome"":""results""}",
kotlinx-serialization,codegraph,kotlinx-serialization-nl-04,natural-language,"Where does polymorphic decoding require the type discriminator before reading the payload, reject unexpected element indices, and fail if no payload was read by the end of the structure?",success,0,0,0,0,"[""core/commonMain/src/kotlinx/serialization/encoding/Decoding.kt"",""formats/json/commonMain/src/kotlinx/serialization/json/internal/JsonTreeReader.kt"",""formats/json/jvmMain/src/kotlinx/serialization/json/internal/CharsetReader.kt"",""formats/json/commonMain/src/kotlinx/serialization/json/internal/lexer/AbstractJsonLexer.kt"",""formats/json/commonMain/src/kotlinx/serialization/json/internal/StreamingJsonDecoder.kt""]","{""filePath"":""core/commonMain/src/kotlinx/serialization/internal/AbstractPolymorphicSerializer.kt"",""expectedRoute"":""search"",""expectedOutcome"":""results""}",
kotlinx-serialization,codegraph,kotlinx-serialization-nl-05,natural-language,Where does map decoding require the value index immediately after its key and pass an existing non-primitive value back into decoding when a key is repeated?,success,0,0,0,0,"[""formats/protobuf/commonMain/src/kotlinx/serialization/protobuf/internal/ProtobufDecoding.kt"",""core/commonMain/src/kotlinx/serialization/encoding/Decoding.kt"",""formats/protobuf/commonMain/src/kotlinx/serialization/protobuf/internal/ProtobufTaggedDecoder.kt"",""formats/protobuf/commonMain/src/kotlinx/serialization/protobuf/internal/ProtobufTaggedBase.kt"",""formats/protobuf/commonMain/src/kotlinx/serialization/protobuf/internal/ProtobufReader.kt""]","{""filePath"":""core/commonMain/src/kotlinx/serialization/internal/CollectionSerializers.kt"",""expectedRoute"":""search"",""expectedOutcome"":""results""}",
kotlinx-serialization,grepai,kotlinx-serialization-def-01,explicit-symbol,Where is nextUnmarkedHighIndex implemented?,success,1,1,1,1,"[""core/commonMain/src/kotlinx/serialization/internal/ElementMarker.kt"",""formats/json/commonMain/src/kotlinx/serialization/json/internal/Composers.kt"",""benchmark/src/jmh/kotlin/kotlinx/benchmarks/json/ImplicitNullsBenchmark.kt"",""benchmark/src/jmh/kotlin/kotlinx/benchmarks/json/RoundtripStringEncodingBenchmark.kt"",""formats/properties/commonTest/src/kotlinx/serialization/properties/PropertiesTest.kt"",""formats/protobuf/commonTest/src/kotlinx/serialization/protobuf/InlinedClassesTest.kt"",""core/commonMain/src/kotlinx/serialization/encoding/ChunkedDecoder.kt"",""formats/json/commonMain/src/kotlinx/serialization/json/internal/JsonElementMarker.kt"",""core/commonTest/src/kotlinx/serialization/TestId.kt"",""formats/hocon/src/main/kotlin/kotlinx/serialization/hocon/serializers/JavaDurationSerializer.kt""]","{""filePath"":""core/commonMain/src/kotlinx/serialization/internal/ElementMarker.kt"",""expectedRoute"":""definition"",""expectedOutcome"":""results""}",
kotlinx-serialization,grepai,kotlinx-serialization-def-02,explicit-symbol,Where is NullableSerializer implemented?,success,0,1,0.3333333333333333,0.5,"[""core/commonMain/src/kotlinx/serialization/Serializers.kt"",""core/commonMain/src/kotlinx/serialization/descriptors/SerialDescriptors.kt"",""core/commonMain/src/kotlinx/serialization/internal/NullableSerializer.kt"",""core/commonMain/src/kotlinx/serialization/SerializersCache.kt"",""core/commonMain/src/kotlinx/serialization/encoding/Encoding.kt"",""formats/json-tests/commonTest/src/kotlinx/serialization/SerializerForNullableTypeTest.kt"",""formats/json-tests/commonTest/src/kotlinx/serialization/GenericSerializersOnFileTest.kt"",""formats/json-tests/commonTest/src/kotlinx/serialization/SerializationForNullableTypeOnFileTest.kt"",""formats/json-tests/jvmTest/src/kotlinx/serialization/features/ContextualSerializationOnFileTest.kt"",""core/commonMain/src/kotlinx/serialization/modules/SerializersModuleCollector.kt""]","{""filePath"":""core/commonMain/src/kotlinx/serialization/internal/NullableSerializer.kt"",""expectedRoute"":""definition"",""expectedOutcome"":""results""}",
kotlinx-serialization,grepai,kotlinx-serialization-def-03,explicit-symbol,Where is ObjectSerializer implemented?,success,0,1,0.5,0.6309297535714575,"[""core/commonMain/src/kotlinx/serialization/modules/SerializersModule.kt"",""core/commonMain/src/kotlinx/serialization/internal/ObjectSerializer.kt"",""core/commonMain/src/kotlinx/serialization/Serializers.kt"",""core/commonTest/src/kotlinx/serialization/internal/ObjectSerializerTest.kt"",""core/commonTest/src/kotlinx/serialization/SerializersModuleTest.kt"",""formats/json/commonMain/src/kotlinx/serialization/json/JsonElementSerializers.kt"",""core/commonMain/src/kotlinx/serialization/builtins/BuiltinSerializers.kt"",""core/jsMain/src/kotlinx/serialization/SerializersJs.kt"",""core/nativeMain/src/kotlinx/serialization/Serializers.kt"",""core/commonMain/src/kotlinx/serialization/internal/PluginHelperInterfaces.kt""]","{""filePath"":""core/commonMain/src/kotlinx/serialization/internal/ObjectSerializer.kt"",""expectedRoute"":""definition"",""expectedOutcome"":""results""}",
kotlinx-serialization,grepai,kotlinx-serialization-def-04,explicit-symbol,Where is LongAsStringSerializer implemented?,success,1,1,1,1,"[""core/commonMain/src/kotlinx/serialization/builtins/LongAsStringSerializer.kt"",""core/commonMain/src/kotlinx/serialization/modules/SerializersModule.kt"",""core/commonMain/src/kotlinx/serialization/ContextualSerializer.kt"",""core/commonMain/src/kotlinx/serialization/Serializers.kt"",""core/commonMain/src/kotlinx/serialization/SealedSerializer.kt"",""core/commonMain/src/kotlinx/serialization/internal/PluginHelperInterfaces.kt"",""formats/cbor/commonMain/src/kotlinx/serialization/cbor/CborLabel.kt"",""formats/json-tests/commonTest/src/kotlinx/serialization/InstantSerializationTest.kt"",""core/commonTest/src/kotlinx/serialization/SerializersModuleTest.kt"",""formats/json/commonMain/src/kotlinx/serialization/json/internal/PolymorphicJsonDecoder.kt""]","{""filePath"":""core/commonMain/src/kotlinx/serialization/builtins/LongAsStringSerializer.kt"",""expectedRoute"":""definition"",""expectedOutcome"":""results""}",
kotlinx-serialization,grepai,kotlinx-serialization-def-05,explicit-symbol,Where is createMarkedEnumSerializer implemented?,success,0,0,0,0,"[""core/commonMain/src/kotlinx/serialization/modules/SerializersModule.kt"",""core/commonMain/src/kotlinx/serialization/PolymorphicSerializer.kt"",""core/commonTest/src/kotlinx/serialization/SerializersLookupEnumTest.kt"",""core/commonMain/src/kotlinx/serialization/builtins/BuiltinSerializers.kt"",""core/commonMain/src/kotlinx/serialization/internal/PluginHelperInterfaces.kt"",""core/commonTest/src/kotlinx/serialization/SerializersModuleTest.kt"",""formats/json/jsWasmMain/src/kotlinx/serialization/json/internal/createMapForCache.kt"",""formats/json/nativeMain/src/kotlinx/serialization/json/internal/createMapForCache.kt"",""formats/json-tests/commonTest/src/kotlinx/serialization/InstantSerializationTest.kt"",""core/commonMain/src/kotlinx/serialization/internal/ElementMarker.kt""]","{""filePath"":""core/commonMain/src/kotlinx/serialization/internal/Enums.kt"",""expectedRoute"":""definition"",""expectedOutcome"":""results""}",
kotlinx-serialization,grepai,kotlinx-serialization-def-06,explicit-symbol,Where is pushClassAnnotation implemented?,success,0,0,0,0,"[""rules/rules-integration-tests/src/shared/kotlinx/serialization/r8/Model.kt"",""core/commonTest/src/kotlinx/serialization/SerialDescriptorAnnotationsTest.kt"",""core/jvmMain/src/kotlinx/serialization/SerializersJvm.kt"",""core/commonTest/src/kotlinx/serialization/TestId.kt"",""core/jvmMain/src/kotlinx/serialization/internal/SuppressAnimalSniffer.kt"",""core/jsMain/src/kotlinx/serialization/SerializersJs.kt"",""core/nativeMain/src/kotlinx/serialization/Serializers.kt"",""core/commonMain/src/kotlinx/serialization/Annotations.kt"",""core/wasmMain/src/kotlinx/serialization/Serializers.kt"",""formats/json/commonMain/src/kotlinx/serialization/json/JsonAnnotations.kt""]","{""filePath"":""core/commonMain/src/kotlinx/serialization/internal/PluginGeneratedSerialDescriptor.kt"",""expectedRoute"":""definition"",""expectedOutcome"":""results""}",
kotlinx-serialization,grepai,kotlinx-serialization-nl-01,natural-language,"Where does runtime serializer lookup first consult the configured module using a statically known class and type-argument serializers, then use a supplied fallback, and otherwise fail because no serializer is registered?",success,1,1,1,1,"[""core/commonMain/src/kotlinx/serialization/ContextualSerializer.kt"",""core/commonMain/src/kotlinx/serialization/Serializers.kt"",""core/commonMain/src/kotlinx/serialization/modules/SerializersModule.kt"",""core/commonMain/src/kotlinx/serialization/modules/SerializersModuleBuilders.kt"",""core/jvmTest/src/kotlinx/serialization/CachingTest.kt"",""core/commonMain/src/kotlinx/serialization/modules/PolymorphicModuleBuilder.kt"",""core/commonMain/src/kotlinx/serialization/builtins/BuiltinSerializers.kt"",""core/commonMain/src/kotlinx/serialization/modules/SerializersModuleCollector.kt"",""core/commonMain/src/kotlinx/serialization/PolymorphicSerializer.kt"",""formats/json/commonMain/src/kotlinx/serialization/json/JsonContentPolymorphicSerializer.kt""]","{""filePath"":""core/commonMain/src/kotlinx/serialization/ContextualSerializer.kt"",""expectedRoute"":""search"",""expectedOutcome"":""results""}",
kotlinx-serialization,grepai,kotlinx-serialization-nl-02,natural-language,Where is a sealed hierarchy serializer rejected if its subclass and serializer arrays differ in length or if two mapped subclasses share the same serialization name?,success,1,1,1,1,"[""core/commonMain/src/kotlinx/serialization/SealedSerializer.kt"",""formats/json/commonMain/src/kotlinx/serialization/json/JsonContentPolymorphicSerializer.kt"",""core/commonMain/src/kotlinx/serialization/modules/PolymorphicModuleBuilder.kt"",""formats/json/commonMain/src/kotlinx/serialization/json/internal/JsonSerializersModuleValidator.kt"",""core/commonMain/src/kotlinx/serialization/descriptors/SerialDescriptor.kt"",""core/commonMain/src/kotlinx/serialization/Serializers.kt"",""core/commonMain/src/kotlinx/serialization/PolymorphicSerializer.kt"",""formats/cbor/commonTest/src/kotlinx/serialization/PolymorphismTestData.kt"",""core/commonMain/src/kotlinx/serialization/modules/SerializersModuleBuilders.kt"",""core/commonMain/src/kotlinx/serialization/descriptors/SerialDescriptors.kt""]","{""filePath"":""core/commonMain/src/kotlinx/serialization/SealedSerializer.kt"",""expectedRoute"":""search"",""expectedOutcome"":""results""}",
kotlinx-serialization,grepai,kotlinx-serialization-nl-03,natural-language,Where does bulk registration of a sealed hierarchy require the standard sealed serializer and reject child serializers that are themselves open polymorphic before registering each child?,success,1,1,1,1,"[""core/commonMain/src/kotlinx/serialization/modules/PolymorphicModuleBuilder.kt"",""core/commonMain/src/kotlinx/serialization/SealedSerializer.kt"",""formats/json/commonMain/src/kotlinx/serialization/json/JsonContentPolymorphicSerializer.kt"",""core/commonMain/src/kotlinx/serialization/ApiLevels.kt"",""core/commonMain/src/kotlinx/serialization/descriptors/SerialKinds.kt"",""formats/json-tests/commonTest/src/kotlinx/serialization/features/PolymorphicSealedChildTest.kt"",""formats/json-tests/commonTest/src/kotlinx/serialization/features/sealed/SealedChild.kt"",""formats/json/commonMain/src/kotlinx/serialization/json/JsonConfiguration.kt"",""core/commonMain/src/kotlinx/serialization/PolymorphicSerializer.kt"",""formats/protobuf/commonTest/src/kotlinx/serialization/PolymorphismTestData.kt""]","{""filePath"":""core/commonMain/src/kotlinx/serialization/modules/PolymorphicModuleBuilder.kt"",""expectedRoute"":""search"",""expectedOutcome"":""results""}",
kotlinx-serialization,grepai,kotlinx-serialization-nl-04,natural-language,"Where does polymorphic decoding require the type discriminator before reading the payload, reject unexpected element indices, and fail if no payload was read by the end of the structure?",success,0,1,0.25,0.43067655807339306,"[""benchmark/src/jmh/kotlin/kotlinx/benchmarks/json/PolymorphismOverheadBenchmark.kt"",""core/commonMain/src/kotlinx/serialization/encoding/Decoding.kt"",""formats/json/commonMain/src/kotlinx/serialization/json/internal/JsonPolymorphicHelpers.kt"",""core/commonMain/src/kotlinx/serialization/internal/AbstractPolymorphicSerializer.kt"",""formats/json/commonMain/src/kotlinx/serialization/json/internal/PolymorphicJsonDecoder.kt"",""formats/json/commonMain/src/kotlinx/serialization/json/internal/JsonSerializersModuleValidator.kt"",""formats/json-tests/commonTest/src/kotlinx/serialization/features/PolymorphicErrorMessagesTest.kt"",""core/commonMain/src/kotlinx/serialization/descriptors/SerialKinds.kt"",""formats/json-tests/commonTest/src/kotlinx/serialization/features/PolymorphismWithAnyTest.kt"",""formats/json/commonMain/src/kotlinx/serialization/json/internal/StreamingJsonDecoder.kt""]","{""filePath"":""core/commonMain/src/kotlinx/serialization/internal/AbstractPolymorphicSerializer.kt"",""expectedRoute"":""search"",""expectedOutcome"":""results""}",
kotlinx-serialization,grepai,kotlinx-serialization-nl-05,natural-language,Where does map decoding require the value index immediately after its key and pass an existing non-primitive value back into decoding when a key is repeated?,success,0,1,0.5,0.6309297535714575,"[""core/commonMain/src/kotlinx/serialization/encoding/Decoding.kt"",""core/commonMain/src/kotlinx/serialization/internal/CollectionSerializers.kt"",""formats/json-tests/commonTest/src/kotlinx/serialization/json/JsonMapKeysTest.kt"",""formats/properties/commonMain/src/kotlinx/serialization/properties/Properties.kt"",""formats/json/commonMain/src/kotlinx/serialization/json/internal/JsonPath.kt"",""formats/json/commonMain/src/kotlinx/serialization/json/internal/JsonExceptions.kt"",""formats/json/jsMain/src/kotlinx/serialization/json/internal/DynamicDecoders.kt"",""formats/protobuf/commonMain/src/kotlinx/serialization/protobuf/internal/ProtobufTaggedDecoder.kt"",""core/commonMain/src/kotlinx/serialization/encoding/AbstractDecoder.kt"",""formats/cbor/commonMain/src/kotlinx/serialization/cbor/internal/Decoder.kt""]","{""filePath"":""core/commonMain/src/kotlinx/serialization/internal/CollectionSerializers.kt"",""expectedRoute"":""search"",""expectedOutcome"":""results""}",
kotlinx-serialization,literal-unindexed,kotlinx-serialization-def-01,explicit-symbol,Where is nextUnmarkedHighIndex implemented?,success,1,1,1,1,"[""core/commonMain/src/kotlinx/serialization/internal/ElementMarker.kt""]","{""filePath"":""core/commonMain/src/kotlinx/serialization/internal/ElementMarker.kt"",""expectedRoute"":""definition"",""expectedOutcome"":""results""}",
kotlinx-serialization,literal-unindexed,kotlinx-serialization-def-02,explicit-symbol,Where is NullableSerializer implemented?,success,0,0,0.16666666666666666,0.3562071871080222,"[""CHANGELOG.md"",""core/api/kotlinx-serialization-core.api"",""core/api/kotlinx-serialization-core.klib.api"",""core/commonMain/src/kotlinx/serialization/builtins/BuiltinSerializers.kt"",""core/commonMain/src/kotlinx/serialization/encoding/Encoding.kt"",""core/commonMain/src/kotlinx/serialization/internal/NullableSerializer.kt"",""core/commonTest/src/kotlinx/serialization/SerializersModuleTest.kt""]","{""filePath"":""core/commonMain/src/kotlinx/serialization/internal/NullableSerializer.kt"",""expectedRoute"":""definition"",""expectedOutcome"":""results""}",
kotlinx-serialization,literal-unindexed,kotlinx-serialization-def-03,explicit-symbol,Where is ObjectSerializer implemented?,success,0,0,0.16666666666666666,0.3562071871080222,"[""CHANGELOG.md"",""benchmark/src/jmh/kotlin/kotlinx/benchmarks/json/UseSerializerOverheadBenchmark.kt"",""core/api/kotlinx-serialization-core.api"",""core/api/kotlinx-serialization-core.klib.api"",""core/commonMain/src/kotlinx/serialization/SealedSerializer.kt"",""core/commonMain/src/kotlinx/serialization/internal/ObjectSerializer.kt"",""core/commonMain/src/kotlinx/serialization/internal/Primitives.kt"",""core/commonTest/src/kotlinx/serialization/CachedSerializersTest.kt"",""core/commonTest/src/kotlinx/serialization/SerializersLookupEnumTest.kt"",""core/commonTest/src/kotlinx/serialization/SerializersLookupObjectTest.kt""]","{""filePath"":""core/commonMain/src/kotlinx/serialization/internal/ObjectSerializer.kt"",""expectedRoute"":""definition"",""expectedOutcome"":""results""}",
kotlinx-serialization,literal-unindexed,kotlinx-serialization-def-04,explicit-symbol,Where is LongAsStringSerializer implemented?,success,0,1,0.25,0.43067655807339306,"[""CHANGELOG.md"",""core/api/kotlinx-serialization-core.api"",""core/api/kotlinx-serialization-core.klib.api"",""core/commonMain/src/kotlinx/serialization/builtins/LongAsStringSerializer.kt"",""core/commonMain/src/kotlinx/serialization/descriptors/SerialDescriptors.kt"",""docs/builtin-classes.md"",""formats/json-tests/commonTest/src/kotlinx/serialization/features/LongAsStringTest.kt"",""formats/json/jsMain/src/kotlinx/serialization/json/Dynamics.kt"",""guide/example/example-builtin-03.kt""]","{""filePath"":""core/commonMain/src/kotlinx/serialization/builtins/LongAsStringSerializer.kt"",""expectedRoute"":""definition"",""expectedOutcome"":""results""}",
kotlinx-serialization,literal-unindexed,kotlinx-serialization-def-05,explicit-symbol,Where is createMarkedEnumSerializer implemented?,success,0,1,0.3333333333333333,0.5,"[""core/api/kotlinx-serialization-core.api"",""core/api/kotlinx-serialization-core.klib.api"",""core/commonMain/src/kotlinx/serialization/internal/Enums.kt""]","{""filePath"":""core/commonMain/src/kotlinx/serialization/internal/Enums.kt"",""expectedRoute"":""definition"",""expectedOutcome"":""results""}",
kotlinx-serialization,literal-unindexed,kotlinx-serialization-def-06,explicit-symbol,Where is pushClassAnnotation implemented?,success,0,1,0.25,0.43067655807339306,"[""core/api/kotlinx-serialization-core.api"",""core/api/kotlinx-serialization-core.klib.api"",""core/commonMain/src/kotlinx/serialization/internal/Enums.kt"",""core/commonMain/src/kotlinx/serialization/internal/PluginGeneratedSerialDescriptor.kt""]","{""filePath"":""core/commonMain/src/kotlinx/serialization/internal/PluginGeneratedSerialDescriptor.kt"",""expectedRoute"":""definition"",""expectedOutcome"":""results""}",
kotlinx-serialization,literal-unindexed,kotlinx-serialization-nl-01,natural-language,"Where does runtime serializer lookup first consult the configured module using a statically known class and type-argument serializers, then use a supplied fallback, and otherwise fail because no serializer is registered?",success,0,0,0,0,[],"{""filePath"":""core/commonMain/src/kotlinx/serialization/ContextualSerializer.kt"",""expectedRoute"":""search"",""expectedOutcome"":""results""}",
kotlinx-serialization,literal-unindexed,kotlinx-serialization-nl-02,natural-language,Where is a sealed hierarchy serializer rejected if its subclass and serializer arrays differ in length or if two mapped subclasses share the same serialization name?,success,0,0,0,0,[],"{""filePath"":""core/commonMain/src/kotlinx/serialization/SealedSerializer.kt"",""expectedRoute"":""search"",""expectedOutcome"":""results""}",
kotlinx-serialization,literal-unindexed,kotlinx-serialization-nl-03,natural-language,Where does bulk registration of a sealed hierarchy require the standard sealed serializer and reject child serializers that are themselves open polymorphic before registering each child?,success,0,0,0,0,[],"{""filePath"":""core/commonMain/src/kotlinx/serialization/modules/PolymorphicModuleBuilder.kt"",""expectedRoute"":""search"",""expectedOutcome"":""results""}",
kotlinx-serialization,literal-unindexed,kotlinx-serialization-nl-04,natural-language,"Where does polymorphic decoding require the type discriminator before reading the payload, reject unexpected element indices, and fail if no payload was read by the end of the structure?",success,0,0,0,0,[],"{""filePath"":""core/commonMain/src/kotlinx/serialization/internal/AbstractPolymorphicSerializer.kt"",""expectedRoute"":""search"",""expectedOutcome"":""results""}",
kotlinx-serialization,literal-unindexed,kotlinx-serialization-nl-05,natural-language,Where does map decoding require the value index immediately after its key and pass an existing non-primitive value back into decoding when a key is repeated?,success,0,0,0,0,[],"{""filePath"":""core/commonMain/src/kotlinx/serialization/internal/CollectionSerializers.kt"",""expectedRoute"":""search"",""expectedOutcome"":""results""}",
kotlinx-serialization,ocbi-hybrid,kotlinx-serialization-def-01,explicit-symbol,Where is nextUnmarkedHighIndex implemented?,error,0,0,0,0,[],"{""filePath"":""core/commonMain/src/kotlinx/serialization/internal/ElementMarker.kt"",""expectedRoute"":""definition"",""expectedOutcome"":""results""}",Error: MCP error -32001: Request timed out
kotlinx-serialization,ocbi-hybrid,kotlinx-serialization-def-02,explicit-symbol,Where is NullableSerializer implemented?,error,0,0,0,0,[],"{""filePath"":""core/commonMain/src/kotlinx/serialization/internal/NullableSerializer.kt"",""expectedRoute"":""definition"",""expectedOutcome"":""results""}",Error: MCP error -32001: Request timed out
kotlinx-serialization,ocbi-hybrid,kotlinx-serialization-def-03,explicit-symbol,Where is ObjectSerializer implemented?,error,0,0,0,0,[],"{""filePath"":""core/commonMain/src/kotlinx/serialization/internal/ObjectSerializer.kt"",""expectedRoute"":""definition"",""expectedOutcome"":""results""}",Error: MCP error -32001: Request timed out
kotlinx-serialization,ocbi-hybrid,kotlinx-serialization-def-04,explicit-symbol,Where is LongAsStringSerializer implemented?,error,0,0,0,0,[],"{""filePath"":""core/commonMain/src/kotlinx/serialization/builtins/LongAsStringSerializer.kt"",""expectedRoute"":""definition"",""expectedOutcome"":""results""}",Error: MCP error -32001: Request timed out
kotlinx-serialization,ocbi-hybrid,kotlinx-serialization-def-05,explicit-symbol,Where is createMarkedEnumSerializer implemented?,error,0,0,0,0,[],"{""filePath"":""core/commonMain/src/kotlinx/serialization/internal/Enums.kt"",""expectedRoute"":""definition"",""expectedOutcome"":""results""}",Error: MCP error -32001: Request timed out
kotlinx-serialization,ocbi-hybrid,kotlinx-serialization-def-06,explicit-symbol,Where is pushClassAnnotation implemented?,error,0,0,0,0,[],"{""filePath"":""core/commonMain/src/kotlinx/serialization/internal/PluginGeneratedSerialDescriptor.kt"",""expectedRoute"":""definition"",""expectedOutcome"":""results""}",Error: MCP error -32001: Request timed out
kotlinx-serialization,ocbi-hybrid,kotlinx-serialization-nl-01,natural-language,"Where does runtime serializer lookup first consult the configured module using a statically known class and type-argument serializers, then use a supplied fallback, and otherwise fail because no serializer is registered?",error,0,0,0,0,[],"{""filePath"":""core/commonMain/src/kotlinx/serialization/ContextualSerializer.kt"",""expectedRoute"":""search"",""expectedOutcome"":""results""}",Error: MCP error -32001: Request timed out
kotlinx-serialization,ocbi-hybrid,kotlinx-serialization-nl-02,natural-language,Where is a sealed hierarchy serializer rejected if its subclass and serializer arrays differ in length or if two mapped subclasses share the same serialization name?,error,0,0,0,0,[],"{""filePath"":""core/commonMain/src/kotlinx/serialization/SealedSerializer.kt"",""expectedRoute"":""search"",""expectedOutcome"":""results""}",Error: MCP error -32001: Request timed out
kotlinx-serialization,ocbi-hybrid,kotlinx-serialization-nl-03,natural-language,Where does bulk registration of a sealed hierarchy require the standard sealed serializer and reject child serializers that are themselves open polymorphic before registering each child?,error,0,0,0,0,[],"{""filePath"":""core/commonMain/src/kotlinx/serialization/modules/PolymorphicModuleBuilder.kt"",""expectedRoute"":""search"",""expectedOutcome"":""results""}",Error: MCP error -32001: Request timed out
kotlinx-serialization,ocbi-hybrid,kotlinx-serialization-nl-04,natural-language,"Where does polymorphic decoding require the type discriminator before reading the payload, reject unexpected element indices, and fail if no payload was read by the end of the structure?",error,0,0,0,0,[],"{""filePath"":""core/commonMain/src/kotlinx/serialization/internal/AbstractPolymorphicSerializer.kt"",""expectedRoute"":""search"",""expectedOutcome"":""results""}",Error: MCP error -32001: Request timed out
kotlinx-serialization,ocbi-hybrid,kotlinx-serialization-nl-05,natural-language,Where does map decoding require the value index immediately after its key and pass an existing non-primitive value back into decoding when a key is repeated?,error,0,0,0,0,[],"{""filePath"":""core/commonMain/src/kotlinx/serialization/internal/CollectionSerializers.kt"",""expectedRoute"":""search"",""expectedOutcome"":""results""}",Error: MCP error -32001: Request timed out
kotlinx-serialization,ocbi-structural,kotlinx-serialization-def-01,explicit-symbol,Where is nextUnmarkedHighIndex implemented?,success,1,1,1,1,"[""core/commonMain/src/kotlinx/serialization/internal/ElementMarker.kt""]","{""filePath"":""core/commonMain/src/kotlinx/serialization/internal/ElementMarker.kt"",""expectedRoute"":""definition"",""expectedOutcome"":""results""}",
kotlinx-serialization,ocbi-structural,kotlinx-serialization-def-02,explicit-symbol,Where is NullableSerializer implemented?,success,1,1,1,1,"[""core/commonMain/src/kotlinx/serialization/internal/NullableSerializer.kt""]","{""filePath"":""core/commonMain/src/kotlinx/serialization/internal/NullableSerializer.kt"",""expectedRoute"":""definition"",""expectedOutcome"":""results""}",
kotlinx-serialization,ocbi-structural,kotlinx-serialization-def-03,explicit-symbol,Where is ObjectSerializer implemented?,success,1,1,1,1,"[""core/commonMain/src/kotlinx/serialization/internal/ObjectSerializer.kt"",""formats/json-tests/commonTest/src/kotlinx/serialization/KeepGeneratedSerializerTest.kt""]","{""filePath"":""core/commonMain/src/kotlinx/serialization/internal/ObjectSerializer.kt"",""expectedRoute"":""definition"",""expectedOutcome"":""results""}",
kotlinx-serialization,ocbi-structural,kotlinx-serialization-def-04,explicit-symbol,Where is LongAsStringSerializer implemented?,success,1,1,1,1,"[""core/commonMain/src/kotlinx/serialization/builtins/LongAsStringSerializer.kt""]","{""filePath"":""core/commonMain/src/kotlinx/serialization/builtins/LongAsStringSerializer.kt"",""expectedRoute"":""definition"",""expectedOutcome"":""results""}",
kotlinx-serialization,ocbi-structural,kotlinx-serialization-def-05,explicit-symbol,Where is createMarkedEnumSerializer implemented?,success,1,1,1,1,"[""core/commonMain/src/kotlinx/serialization/internal/Enums.kt""]","{""filePath"":""core/commonMain/src/kotlinx/serialization/internal/Enums.kt"",""expectedRoute"":""definition"",""expectedOutcome"":""results""}",
kotlinx-serialization,ocbi-structural,kotlinx-serialization-def-06,explicit-symbol,Where is pushClassAnnotation implemented?,success,1,1,1,1,"[""core/commonMain/src/kotlinx/serialization/internal/PluginGeneratedSerialDescriptor.kt""]","{""filePath"":""core/commonMain/src/kotlinx/serialization/internal/PluginGeneratedSerialDescriptor.kt"",""expectedRoute"":""definition"",""expectedOutcome"":""results""}",
kotlinx-serialization,ocbi-structural,kotlinx-serialization-nl-01,natural-language,"Where does runtime serializer lookup first consult the configured module using a statically known class and type-argument serializers, then use a supplied fallback, and otherwise fail because no serializer is registered?",success,0,1,0.5,0.6309297535714575,"[""core/commonMain/src/kotlinx/serialization/modules/SerializersModule.kt"",""core/commonMain/src/kotlinx/serialization/ContextualSerializer.kt"",""core/jvmMain/src/kotlinx/serialization/SerializersJvm.kt"",""core/commonMain/src/kotlinx/serialization/Serializers.kt"",""core/commonMain/src/kotlinx/serialization/modules/PolymorphicModuleBuilder.kt"",""core/commonMain/src/kotlinx/serialization/descriptors/ContextAware.kt"",""core/jvmTest/src/kotlinx/serialization/CachingTest.kt"",""docs/serializers.md"",""docs/serialization-guide.md"",""docs/polymorphism.md""]","{""filePath"":""core/commonMain/src/kotlinx/serialization/ContextualSerializer.kt"",""expectedRoute"":""search"",""expectedOutcome"":""results""}",
kotlinx-serialization,ocbi-structural,kotlinx-serialization-nl-02,natural-language,Where is a sealed hierarchy serializer rejected if its subclass and serializer arrays differ in length or if two mapped subclasses share the same serialization name?,success,0,0,0.16666666666666666,0.3562071871080222,"[""core/commonMain/src/kotlinx/serialization/descriptors/SerialKinds.kt"",""core/commonMain/src/kotlinx/serialization/modules/PolymorphicModuleBuilder.kt"",""core/jvmMain/src/kotlinx/serialization/SerializersJvm.kt"",""core/commonMain/src/kotlinx/serialization/Serializers.kt"",""core/commonMain/src/kotlinx/serialization/builtins/BuiltinSerializers.kt"",""core/commonMain/src/kotlinx/serialization/SealedSerializer.kt"",""core/commonMain/src/kotlinx/serialization/PolymorphicSerializer.kt"",""formats/json/commonMain/src/kotlinx/serialization/json/JsonContentPolymorphicSerializer.kt"",""core/commonMain/src/kotlinx/serialization/KSerializer.kt"",""core/commonMain/src/kotlinx/serialization/SerialFormat.kt""]","{""filePath"":""core/commonMain/src/kotlinx/serialization/SealedSerializer.kt"",""expectedRoute"":""search"",""expectedOutcome"":""results""}",
kotlinx-serialization,ocbi-structural,kotlinx-serialization-nl-03,natural-language,Where does bulk registration of a sealed hierarchy require the standard sealed serializer and reject child serializers that are themselves open polymorphic before registering each child?,success,1,1,1,1,"[""core/commonMain/src/kotlinx/serialization/modules/PolymorphicModuleBuilder.kt"",""core/commonMain/src/kotlinx/serialization/descriptors/SerialKinds.kt"",""formats/json-tests/commonTest/src/kotlinx/serialization/features/PolymorphicSealedChildTest.kt"",""formats/json-tests/jsTest/src/kotlinx/serialization/json/DynamicPolymorphismTest.kt"",""formats/json/commonMain/src/kotlinx/serialization/json/JsonConfiguration.kt"",""docs/polymorphism.md"",""formats/hocon/src/test/kotlin/kotlinx/serialization/hocon/HoconPolymorphismTest.kt"",""docs/serialization-guide.md"",""formats/json-tests/commonTest/src/kotlinx/serialization/GenericOverrideTest.kt"",""core/commonMain/src/kotlinx/serialization/SealedSerializer.kt""]","{""filePath"":""core/commonMain/src/kotlinx/serialization/modules/PolymorphicModuleBuilder.kt"",""expectedRoute"":""search"",""expectedOutcome"":""results""}",
kotlinx-serialization,ocbi-structural,kotlinx-serialization-nl-04,natural-language,"Where does polymorphic decoding require the type discriminator before reading the payload, reject unexpected element indices, and fail if no payload was read by the end of the structure?",success,0,0,0,0,"[""formats/json/commonMain/src/kotlinx/serialization/json/JsonExceptions.kt"",""formats/json/commonMain/src/kotlinx/serialization/json/internal/JsonTreeReader.kt"",""core/commonMain/src/kotlinx/serialization/descriptors/SerialKinds.kt"",""core/commonMain/src/kotlinx/serialization/encoding/Encoding.kt"",""formats/json/commonMain/src/kotlinx/serialization/json/internal/PolymorphicJsonDecoder.kt"",""core/commonMain/src/kotlinx/serialization/KSerializer.kt"",""core/commonMain/src/kotlinx/serialization/encoding/Decoding.kt"",""formats/protobuf/commonMain/src/kotlinx/serialization/protobuf/internal/ProtobufEncoding.kt"",""core/commonMain/src/kotlinx/serialization/encoding/AbstractEncoder.kt"",""core/commonMain/src/kotlinx/serialization/SerializationExceptions.kt""]","{""filePath"":""core/commonMain/src/kotlinx/serialization/internal/AbstractPolymorphicSerializer.kt"",""expectedRoute"":""search"",""expectedOutcome"":""results""}",
kotlinx-serialization,ocbi-structural,kotlinx-serialization-nl-05,natural-language,Where does map decoding require the value index immediately after its key and pass an existing non-primitive value back into decoding when a key is repeated?,success,0,0,0.14285714285714285,0.3333333333333333,"[""formats/protobuf/commonTest/src/kotlinx/serialization/protobuf/schema/InlinedClassesSchemaTest.kt"",""formats/json-tests/commonTest/src/kotlinx/serialization/features/JsonCommentsTest.kt"",""formats/protobuf/commonMain/src/kotlinx/serialization/protobuf/internal/ProtobufDecoding.kt"",""formats/protobuf/jvmTest/resources/LegacyMapHolder.proto"",""formats/json/commonMain/src/kotlinx/serialization/json/internal/JsonPath.kt"",""formats/protobuf/jvmTest/resources/common/schema.proto"",""core/commonMain/src/kotlinx/serialization/internal/CollectionSerializers.kt"",""formats/hocon/src/main/kotlin/kotlinx/serialization/hocon/HoconExceptions.kt"",""formats/json/commonMain/src/kotlinx/serialization/json/internal/TreeJsonEncoder.kt"",""core/commonMain/src/kotlinx/serialization/builtins/BuiltinSerializers.kt""]","{""filePath"":""core/commonMain/src/kotlinx/serialization/internal/CollectionSerializers.kt"",""expectedRoute"":""search"",""expectedOutcome"":""results""}",
kotlinx-serialization,plain-file-bm25,kotlinx-serialization-def-01,explicit-symbol,Where is nextUnmarkedHighIndex implemented?,success,1,1,1,1,"[""core/commonMain/src/kotlinx/serialization/internal/ElementMarker.kt""]","{""filePath"":""core/commonMain/src/kotlinx/serialization/internal/ElementMarker.kt"",""expectedRoute"":""definition"",""expectedOutcome"":""results""}",
kotlinx-serialization,plain-file-bm25,kotlinx-serialization-def-02,explicit-symbol,Where is NullableSerializer implemented?,success,1,1,1,1,"[""core/commonMain/src/kotlinx/serialization/internal/NullableSerializer.kt"",""core/commonTest/src/kotlinx/serialization/SerializersModuleTest.kt"",""core/commonMain/src/kotlinx/serialization/builtins/BuiltinSerializers.kt"",""core/api/kotlinx-serialization-core.klib.api"",""core/commonMain/src/kotlinx/serialization/encoding/Encoding.kt"",""core/api/kotlinx-serialization-core.api"",""CHANGELOG.md""]","{""filePath"":""core/commonMain/src/kotlinx/serialization/internal/NullableSerializer.kt"",""expectedRoute"":""definition"",""expectedOutcome"":""results""}",
kotlinx-serialization,plain-file-bm25,kotlinx-serialization-def-03,explicit-symbol,Where is ObjectSerializer implemented?,success,1,1,1,1,"[""core/commonMain/src/kotlinx/serialization/internal/ObjectSerializer.kt"",""formats/json-tests/commonTest/src/kotlinx/serialization/KeepGeneratedSerializerTest.kt"",""core/commonMain/src/kotlinx/serialization/SealedSerializer.kt"",""benchmark/src/jmh/kotlin/kotlinx/benchmarks/json/UseSerializerOverheadBenchmark.kt"",""core/commonMain/src/kotlinx/serialization/internal/Primitives.kt"",""core/api/kotlinx-serialization-core.klib.api"",""CHANGELOG.md"",""core/api/kotlinx-serialization-core.api""]","{""filePath"":""core/commonMain/src/kotlinx/serialization/internal/ObjectSerializer.kt"",""expectedRoute"":""definition"",""expectedOutcome"":""results""}",
kotlinx-serialization,plain-file-bm25,kotlinx-serialization-def-04,explicit-symbol,Where is LongAsStringSerializer implemented?,success,1,1,1,1,"[""core/commonMain/src/kotlinx/serialization/builtins/LongAsStringSerializer.kt"",""guide/example/example-builtin-03.kt"",""formats/json-tests/commonTest/src/kotlinx/serialization/features/LongAsStringTest.kt"",""docs/builtin-classes.md"",""formats/json/jsMain/src/kotlinx/serialization/json/Dynamics.kt"",""core/commonMain/src/kotlinx/serialization/descriptors/SerialDescriptors.kt"",""core/api/kotlinx-serialization-core.klib.api"",""core/api/kotlinx-serialization-core.api"",""CHANGELOG.md""]","{""filePath"":""core/commonMain/src/kotlinx/serialization/builtins/LongAsStringSerializer.kt"",""expectedRoute"":""definition"",""expectedOutcome"":""results""}",
kotlinx-serialization,plain-file-bm25,kotlinx-serialization-def-05,explicit-symbol,Where is createMarkedEnumSerializer implemented?,success,1,1,1,1,"[""core/commonMain/src/kotlinx/serialization/internal/Enums.kt"",""core/api/kotlinx-serialization-core.klib.api"",""core/api/kotlinx-serialization-core.api""]","{""filePath"":""core/commonMain/src/kotlinx/serialization/internal/Enums.kt"",""expectedRoute"":""definition"",""expectedOutcome"":""results""}",
kotlinx-serialization,plain-file-bm25,kotlinx-serialization-def-06,explicit-symbol,Where is pushClassAnnotation implemented?,success,0,1,0.5,0.6309297535714575,"[""core/commonMain/src/kotlinx/serialization/internal/Enums.kt"",""core/commonMain/src/kotlinx/serialization/internal/PluginGeneratedSerialDescriptor.kt"",""core/api/kotlinx-serialization-core.klib.api"",""core/api/kotlinx-serialization-core.api""]","{""filePath"":""core/commonMain/src/kotlinx/serialization/internal/PluginGeneratedSerialDescriptor.kt"",""expectedRoute"":""definition"",""expectedOutcome"":""results""}",
kotlinx-serialization,plain-file-bm25,kotlinx-serialization-nl-01,natural-language,"Where does runtime serializer lookup first consult the configured module using a statically known class and type-argument serializers, then use a supplied fallback, and otherwise fail because no serializer is registered?",success,0,1,0.5,0.6309297535714575,"[""core/commonMain/src/kotlinx/serialization/Serializers.kt"",""core/commonMain/src/kotlinx/serialization/ContextualSerializer.kt"",""core/commonMain/src/kotlinx/serialization/descriptors/ContextAware.kt"",""core/jvmMain/src/kotlinx/serialization/SerializersJvm.kt"",""docs/polymorphism.md"",""core/commonMain/src/kotlinx/serialization/modules/PolymorphicModuleBuilder.kt"",""core/commonMain/src/kotlinx/serialization/modules/SerializersModule.kt"",""docs/value-classes.md"",""formats/protobuf/commonMain/src/kotlinx/serialization/protobuf/ProtoBuf.kt"",""core/commonMain/src/kotlinx/serialization/Annotations.kt""]","{""filePath"":""core/commonMain/src/kotlinx/serialization/ContextualSerializer.kt"",""expectedRoute"":""search"",""expectedOutcome"":""results""}",
kotlinx-serialization,plain-file-bm25,kotlinx-serialization-nl-02,natural-language,Where is a sealed hierarchy serializer rejected if its subclass and serializer arrays differ in length or if two mapped subclasses share the same serialization name?,success,0,1,0.5,0.6309297535714575,"[""docs/polymorphism.md"",""core/commonMain/src/kotlinx/serialization/SealedSerializer.kt"",""core/commonMain/src/kotlinx/serialization/descriptors/SerialKinds.kt"",""core/commonMain/src/kotlinx/serialization/modules/PolymorphicModuleBuilder.kt"",""docs/serialization-guide.md"",""formats/json/commonMain/src/kotlinx/serialization/json/JsonAnnotations.kt"",""CHANGELOG.md"",""formats/json/commonMain/src/kotlinx/serialization/json/JsonContentPolymorphicSerializer.kt"",""core/commonMain/src/kotlinx/serialization/internal/AbstractPolymorphicSerializer.kt"",""formats/cbor/commonTest/src/kotlinx/serialization/cbor/CborDecoderTest.kt""]","{""filePath"":""core/commonMain/src/kotlinx/serialization/SealedSerializer.kt"",""expectedRoute"":""search"",""expectedOutcome"":""results""}",
kotlinx-serialization,plain-file-bm25,kotlinx-serialization-nl-03,natural-language,Where does bulk registration of a sealed hierarchy require the standard sealed serializer and reject child serializers that are themselves open polymorphic before registering each child?,success,1,1,1,1,"[""core/commonMain/src/kotlinx/serialization/modules/PolymorphicModuleBuilder.kt"",""docs/polymorphism.md"",""core/commonMain/src/kotlinx/serialization/descriptors/SerialKinds.kt"",""docs/serialization-guide.md"",""core/commonMain/src/kotlinx/serialization/SealedSerializer.kt"",""CHANGELOG.md"",""core/commonMain/src/kotlinx/serialization/descriptors/SerialDescriptor.kt"",""formats/json-tests/commonTest/src/kotlinx/serialization/features/PolymorphicSealedChildTest.kt"",""formats/json/commonMain/src/kotlinx/serialization/json/JsonContentPolymorphicSerializer.kt"",""core/commonMain/src/kotlinx/serialization/descriptors/ContextAware.kt""]","{""filePath"":""core/commonMain/src/kotlinx/serialization/modules/PolymorphicModuleBuilder.kt"",""expectedRoute"":""search"",""expectedOutcome"":""results""}",
kotlinx-serialization,plain-file-bm25,kotlinx-serialization-nl-04,natural-language,"Where does polymorphic decoding require the type discriminator before reading the payload, reject unexpected element indices, and fail if no payload was read by the end of the structure?",success,0,0,0,0,"[""formats/json/commonMain/src/kotlinx/serialization/json/internal/JsonTreeReader.kt"",""formats/json/commonMain/src/kotlinx/serialization/json/internal/StreamingJsonDecoder.kt"",""core/commonMain/src/kotlinx/serialization/encoding/Decoding.kt"",""docs/json.md"",""formats/json/commonMain/src/kotlinx/serialization/json/Json.kt"",""docs/serialization-guide.md"",""CHANGELOG.md"",""formats/protobuf/commonMain/src/kotlinx/serialization/protobuf/internal/ProtobufDecoding.kt"",""core/commonMain/src/kotlinx/serialization/descriptors/SerialDescriptor.kt"",""core/commonMain/src/kotlinx/serialization/PolymorphicSerializer.kt""]","{""filePath"":""core/commonMain/src/kotlinx/serialization/internal/AbstractPolymorphicSerializer.kt"",""expectedRoute"":""search"",""expectedOutcome"":""results""}",
kotlinx-serialization,plain-file-bm25,kotlinx-serialization-nl-05,natural-language,Where does map decoding require the value index immediately after its key and pass an existing non-primitive value back into decoding when a key is repeated?,success,0,0,0,0,"[""core/commonMain/src/kotlinx/serialization/encoding/Decoding.kt"",""formats/json/commonMain/src/kotlinx/serialization/json/internal/JsonPath.kt"",""formats/json/commonMain/src/kotlinx/serialization/json/Json.kt"",""docs/basic-serialization.md"",""formats/protobuf/commonMain/src/kotlinx/serialization/protobuf/internal/ProtobufDecoding.kt"",""docs/json.md"",""core/commonMain/src/kotlinx/serialization/encoding/Encoding.kt"",""formats/json/commonMain/src/kotlinx/serialization/json/internal/StreamingJsonDecoder.kt"",""formats/protobuf/jvmTest/resources/common/schema.proto"",""CHANGELOG.md""]","{""filePath"":""core/commonMain/src/kotlinx/serialization/internal/CollectionSerializers.kt"",""expectedRoute"":""search"",""expectedOutcome"":""results""}",
mongoose,codebase-memory,mongoose-def-01,explicit-symbol,Where is arrayDepth implemented?,success,1,1,1,1,"[""lib/helpers/arrayDepth.js""]","{""filePath"":""lib/helpers/arrayDepth.js"",""expectedRoute"":""definition"",""expectedOutcome"":""results""}",
mongoose,codebase-memory,mongoose-def-02,explicit-symbol,Where is parallelLimit implemented?,success,1,1,1,1,"[""lib/helpers/parallelLimit.js""]","{""filePath"":""lib/helpers/parallelLimit.js"",""expectedRoute"":""definition"",""expectedOutcome"":""results""}",
mongoose,codebase-memory,mongoose-def-03,explicit-symbol,Where is prepareDiscriminatorPipeline implemented?,success,1,1,1,1,"[""lib/helpers/aggregate/prepareDiscriminatorPipeline.js""]","{""filePath"":""lib/helpers/aggregate/prepareDiscriminatorPipeline.js"",""expectedRoute"":""definition"",""expectedOutcome"":""results""}",
mongoose,codebase-memory,mongoose-def-04,explicit-symbol,Where is createPopulateQueryFilter implemented?,success,1,1,1,1,"[""lib/helpers/populate/createPopulateQueryFilter.js""]","{""filePath"":""lib/helpers/populate/createPopulateQueryFilter.js"",""expectedRoute"":""definition"",""expectedOutcome"":""results""}",
mongoose,codebase-memory,mongoose-def-05,explicit-symbol,Where is isIndexEqual implemented?,success,1,1,1,1,"[""lib/helpers/indexes/isIndexEqual.js""]","{""filePath"":""lib/helpers/indexes/isIndexEqual.js"",""expectedRoute"":""definition"",""expectedOutcome"":""results""}",
mongoose,codebase-memory,mongoose-def-06,explicit-symbol,Where is cleanModifiedSubpaths implemented?,success,1,1,1,1,"[""lib/helpers/document/cleanModifiedSubpaths.js""]","{""filePath"":""lib/helpers/document/cleanModifiedSubpaths.js"",""expectedRoute"":""definition"",""expectedOutcome"":""results""}",
mongoose,codebase-memory,mongoose-nl-01,natural-language,"Where does query-filter sanitization recurse into boolean branches, reject a restricted set of special predicates, and turn untrusted operator-bearing field values into equality comparisons unless they are already a sole equality condition?",unsupported,,,,,[],"{""filePath"":""lib/helpers/query/sanitizeFilter.js"",""expectedRoute"":""search"",""expectedOutcome"":""results""}",
mongoose,codebase-memory,mongoose-nl-02,natural-language,"Where does update timestamp processing preserve a caller-provided creation time when immutable-field overwriting is allowed, moving a top-level value into ordinary assignments instead of replacing it with the current time?",unsupported,,,,,[],"{""filePath"":""lib/helpers/update/applyTimestampsToUpdate.js"",""expectedRoute"":""search"",""expectedOutcome"":""results""}",
mongoose,codebase-memory,mongoose-nl-03,natural-language,"Where are array-filter definitions removed unless an update path uses their identifier in a filtered positional segment, with a logical group retained when at least one nested filter is used?",unsupported,,,,,[],"{""filePath"":""lib/helpers/update/removeUnusedArrayFilters.js"",""expectedRoute"":""search"",""expectedOutcome"":""results""}",
mongoose,codebase-memory,mongoose-nl-04,natural-language,"Where does population adjust inclusive projections by adding populated paths and configured string-named companion paths unless the user already specified them, while adjusting exclusive projections by dropping automatic exclusions only when the user did not specify them?",unsupported,,,,,[],"{""filePath"":""lib/helpers/query/selectPopulatedFields.js"",""expectedRoute"":""search"",""expectedOutcome"":""results""}",
mongoose,codebase-memory,mongoose-nl-05,natural-language,"Where is an inclusive in-memory field projection applied by copying each visited object, recursively mapping arrays, and removing unselected keys while retaining nested branches that contain selected descendants?",unsupported,,,,,[],"{""filePath"":""lib/helpers/projection/applyProjection.js"",""expectedRoute"":""search"",""expectedOutcome"":""results""}",
mongoose,codegraph,mongoose-def-01,explicit-symbol,Where is arrayDepth implemented?,success,1,1,1,1,"[""lib/helpers/arrayDepth.js"",""lib/schema/array.js"",""test/helpers/arrayDepth.test.js""]","{""filePath"":""lib/helpers/arrayDepth.js"",""expectedRoute"":""definition"",""expectedOutcome"":""results""}",
mongoose,codegraph,mongoose-def-02,explicit-symbol,Where is parallelLimit implemented?,success,1,1,1,1,"[""lib/helpers/parallelLimit.js"",""lib/model.js"",""test/parallelLimit.test.js""]","{""filePath"":""lib/helpers/parallelLimit.js"",""expectedRoute"":""definition"",""expectedOutcome"":""results""}",
mongoose,codegraph,mongoose-def-03,explicit-symbol,Where is prepareDiscriminatorPipeline implemented?,success,1,1,1,1,"[""lib/helpers/aggregate/prepareDiscriminatorPipeline.js"",""lib/aggregate.js"",""lib/model.js"",""test/helpers/aggregate.test.js""]","{""filePath"":""lib/helpers/aggregate/prepareDiscriminatorPipeline.js"",""expectedRoute"":""definition"",""expectedOutcome"":""results""}",
mongoose,codegraph,mongoose-def-04,explicit-symbol,Where is createPopulateQueryFilter implemented?,success,1,1,1,1,"[""lib/helpers/populate/createPopulateQueryFilter.js"",""lib/helpers/populate/splitPopulateQuery.js"",""lib/model.js""]","{""filePath"":""lib/helpers/populate/createPopulateQueryFilter.js"",""expectedRoute"":""definition"",""expectedOutcome"":""results""}",
mongoose,codegraph,mongoose-def-05,explicit-symbol,Where is isIndexEqual implemented?,success,1,1,1,1,"[""lib/helpers/indexes/isIndexEqual.js"",""lib/model.js"",""test/helpers/indexes.isIndexEqual.test.js""]","{""filePath"":""lib/helpers/indexes/isIndexEqual.js"",""expectedRoute"":""definition"",""expectedOutcome"":""results""}",
mongoose,codegraph,mongoose-def-06,explicit-symbol,Where is cleanModifiedSubpaths implemented?,success,1,1,1,1,"[""lib/helpers/document/cleanModifiedSubpaths.js"",""lib/document.js"",""lib/types/array/methods/index.js"",""lib/types/map.js""]","{""filePath"":""lib/helpers/document/cleanModifiedSubpaths.js"",""expectedRoute"":""definition"",""expectedOutcome"":""results""}",
mongoose,codegraph,mongoose-nl-01,natural-language,"Where does query-filter sanitization recurse into boolean branches, reject a restricted set of special predicates, and turn untrusted operator-bearing field values into equality comparisons unless they are already a sole equality condition?",success,0,0,0,0,"[""types/expressions.d.ts"",""types/query.d.ts"",""types/utility.d.ts"",""test/types/models.test.ts"",""test/types/queries.test.ts"",""test/types/PipelineStage.test.ts"",""types/models.d.ts""]","{""filePath"":""lib/helpers/query/sanitizeFilter.js"",""expectedRoute"":""search"",""expectedOutcome"":""results""}",
mongoose,codegraph,mongoose-nl-02,natural-language,"Where does update timestamp processing preserve a caller-provided creation time when immutable-field overwriting is allowed, moving a top-level value into ordinary assignments instead of replacing it with the current time?",success,1,1,1,1,"[""lib/helpers/update/applyTimestampsToUpdate.js"",""lib/helpers/timestamps/setupTimestamps.js"",""lib/helpers/update/applyTimestampsToChildren.js"",""lib/utils.js"",""lib/helpers/model/castBulkWrite.js"",""lib/mongoose.js"",""types/query.d.ts"",""lib/helpers/schema/handleTimestampOption.js"",""lib/helpers/schema/cleanPositionalOperators.js"",""types/index.d.ts""]","{""filePath"":""lib/helpers/update/applyTimestampsToUpdate.js"",""expectedRoute"":""search"",""expectedOutcome"":""results""}",
mongoose,codegraph,mongoose-nl-03,natural-language,"Where are array-filter definitions removed unless an update path uses their identifier in a filtered positional segment, with a logical group retained when at least one nested filter is used?",success,0,0,0,0,"[""lib/helpers/update/updatedPathsByArrayFilter.js"",""lib/helpers/model/pushNestedArrayPaths.js"",""lib/helpers/query/castFilterPath.js"",""lib/helpers/update/modifiedPaths.js"",""lib/helpers/update/castArrayFilters.js"",""lib/helpers/query/getEmbeddedDiscriminatorPath.js"",""lib/model.js"",""lib/helpers/query/isOperator.js""]","{""filePath"":""lib/helpers/update/removeUnusedArrayFilters.js"",""expectedRoute"":""search"",""expectedOutcome"":""results""}",
mongoose,codegraph,mongoose-nl-04,natural-language,"Where does population adjust inclusive projections by adding populated paths and configured string-named companion paths unless the user already specified them, while adjusting exclusive projections by dropping automatic exclusions only when the user did not specify them?",success,0,0,0,0,"[""types/document.d.ts"",""lib/document.js"",""lib/model.js"",""types/models.d.ts"",""lib/cursor/queryCursor.js"",""lib/error/index.js"",""lib/utils.js""]","{""filePath"":""lib/helpers/query/selectPopulatedFields.js"",""expectedRoute"":""search"",""expectedOutcome"":""results""}",
mongoose,codegraph,mongoose-nl-05,natural-language,"Where is an inclusive in-memory field projection applied by copying each visited object, recursively mapping arrays, and removing unselected keys while retaining nested branches that contain selected descendants?",success,0,0,0,0,"[""types/types.d.ts"",""lib/helpers/projection/isPathSelectedInclusive.js"",""lib/helpers/projection/isNestedProjection.js"",""lib/queryHelpers.js"",""lib/model.js"",""lib/helpers/document/applyDefaults.js""]","{""filePath"":""lib/helpers/projection/applyProjection.js"",""expectedRoute"":""search"",""expectedOutcome"":""results""}",
mongoose,grepai,mongoose-def-01,explicit-symbol,Where is arrayDepth implemented?,error,0,0,0,0,[],"{""filePath"":""lib/helpers/arrayDepth.js"",""expectedRoute"":""definition"",""expectedOutcome"":""results""}",Error: grepai watcher readiness timed out
mongoose,grepai,mongoose-def-02,explicit-symbol,Where is parallelLimit implemented?,error,0,0,0,0,[],"{""filePath"":""lib/helpers/parallelLimit.js"",""expectedRoute"":""definition"",""expectedOutcome"":""results""}",Error: grepai watcher readiness timed out
mongoose,grepai,mongoose-def-03,explicit-symbol,Where is prepareDiscriminatorPipeline implemented?,error,0,0,0,0,[],"{""filePath"":""lib/helpers/aggregate/prepareDiscriminatorPipeline.js"",""expectedRoute"":""definition"",""expectedOutcome"":""results""}",Error: grepai watcher readiness timed out
mongoose,grepai,mongoose-def-04,explicit-symbol,Where is createPopulateQueryFilter implemented?,error,0,0,0,0,[],"{""filePath"":""lib/helpers/populate/createPopulateQueryFilter.js"",""expectedRoute"":""definition"",""expectedOutcome"":""results""}",Error: grepai watcher readiness timed out
mongoose,grepai,mongoose-def-05,explicit-symbol,Where is isIndexEqual implemented?,error,0,0,0,0,[],"{""filePath"":""lib/helpers/indexes/isIndexEqual.js"",""expectedRoute"":""definition"",""expectedOutcome"":""results""}",Error: grepai watcher readiness timed out
mongoose,grepai,mongoose-def-06,explicit-symbol,Where is cleanModifiedSubpaths implemented?,error,0,0,0,0,[],"{""filePath"":""lib/helpers/document/cleanModifiedSubpaths.js"",""expectedRoute"":""definition"",""expectedOutcome"":""results""}",Error: grepai watcher readiness timed out
mongoose,grepai,mongoose-nl-01,natural-language,"Where does query-filter sanitization recurse into boolean branches, reject a restricted set of special predicates, and turn untrusted operator-bearing field values into equality comparisons unless they are already a sole equality condition?",error,0,0,0,0,[],"{""filePath"":""lib/helpers/query/sanitizeFilter.js"",""expectedRoute"":""search"",""expectedOutcome"":""results""}",Error: grepai watcher readiness timed out
mongoose,grepai,mongoose-nl-02,natural-language,"Where does update timestamp processing preserve a caller-provided creation time when immutable-field overwriting is allowed, moving a top-level value into ordinary assignments instead of replacing it with the current time?",error,0,0,0,0,[],"{""filePath"":""lib/helpers/update/applyTimestampsToUpdate.js"",""expectedRoute"":""search"",""expectedOutcome"":""results""}",Error: grepai watcher readiness timed out
mongoose,grepai,mongoose-nl-03,natural-language,"Where are array-filter definitions removed unless an update path uses their identifier in a filtered positional segment, with a logical group retained when at least one nested filter is used?",error,0,0,0,0,[],"{""filePath"":""lib/helpers/update/removeUnusedArrayFilters.js"",""expectedRoute"":""search"",""expectedOutcome"":""results""}",Error: grepai watcher readiness timed out
mongoose,grepai,mongoose-nl-04,natural-language,"Where does population adjust inclusive projections by adding populated paths and configured string-named companion paths unless the user already specified them, while adjusting exclusive projections by dropping automatic exclusions only when the user did not specify them?",error,0,0,0,0,[],"{""filePath"":""lib/helpers/query/selectPopulatedFields.js"",""expectedRoute"":""search"",""expectedOutcome"":""results""}",Error: grepai watcher readiness timed out
mongoose,grepai,mongoose-nl-05,natural-language,"Where is an inclusive in-memory field projection applied by copying each visited object, recursively mapping arrays, and removing unselected keys while retaining nested branches that contain selected descendants?",error,0,0,0,0,[],"{""filePath"":""lib/helpers/projection/applyProjection.js"",""expectedRoute"":""search"",""expectedOutcome"":""results""}",Error: grepai watcher readiness timed out
mongoose,literal-unindexed,mongoose-def-01,explicit-symbol,Where is arrayDepth implemented?,success,1,1,1,1,"[""lib/helpers/arrayDepth.js"",""lib/helpers/query/castUpdate.js"",""lib/schema/array.js"",""test/helpers/arrayDepth.test.js""]","{""filePath"":""lib/helpers/arrayDepth.js"",""expectedRoute"":""definition"",""expectedOutcome"":""results""}",
mongoose,literal-unindexed,mongoose-def-02,explicit-symbol,Where is parallelLimit implemented?,success,0,1,0.5,0.6309297535714575,"[""CHANGELOG.md"",""lib/helpers/parallelLimit.js"",""lib/model.js"",""test/parallelLimit.test.js""]","{""filePath"":""lib/helpers/parallelLimit.js"",""expectedRoute"":""definition"",""expectedOutcome"":""results""}",
mongoose,literal-unindexed,mongoose-def-03,explicit-symbol,Where is prepareDiscriminatorPipeline implemented?,success,0,1,0.5,0.6309297535714575,"[""lib/aggregate.js"",""lib/helpers/aggregate/prepareDiscriminatorPipeline.js"",""lib/model.js"",""test/aggregate.test.js"",""test/helpers/aggregate.test.js""]","{""filePath"":""lib/helpers/aggregate/prepareDiscriminatorPipeline.js"",""expectedRoute"":""definition"",""expectedOutcome"":""results""}",
mongoose,literal-unindexed,mongoose-def-04,explicit-symbol,Where is createPopulateQueryFilter implemented?,success,1,1,1,1,"[""lib/helpers/populate/createPopulateQueryFilter.js"",""lib/helpers/populate/splitPopulateQuery.js"",""lib/model.js""]","{""filePath"":""lib/helpers/populate/createPopulateQueryFilter.js"",""expectedRoute"":""definition"",""expectedOutcome"":""results""}",
mongoose,literal-unindexed,mongoose-def-05,explicit-symbol,Where is isIndexEqual implemented?,success,0,1,0.5,0.6309297535714575,"[""CHANGELOG.md"",""lib/helpers/indexes/isIndexEqual.js"",""lib/model.js"",""test/helpers/indexes.isIndexEqual.test.js""]","{""filePath"":""lib/helpers/indexes/isIndexEqual.js"",""expectedRoute"":""definition"",""expectedOutcome"":""results""}",
mongoose,literal-unindexed,mongoose-def-06,explicit-symbol,Where is cleanModifiedSubpaths implemented?,success,0,1,0.5,0.6309297535714575,"[""lib/document.js"",""lib/helpers/document/cleanModifiedSubpaths.js"",""lib/types/array/methods/index.js"",""lib/types/map.js""]","{""filePath"":""lib/helpers/document/cleanModifiedSubpaths.js"",""expectedRoute"":""definition"",""expectedOutcome"":""results""}",
mongoose,literal-unindexed,mongoose-nl-01,natural-language,"Where does query-filter sanitization recurse into boolean branches, reject a restricted set of special predicates, and turn untrusted operator-bearing field values into equality comparisons unless they are already a sole equality condition?",success,0,0,0,0,[],"{""filePath"":""lib/helpers/query/sanitizeFilter.js"",""expectedRoute"":""search"",""expectedOutcome"":""results""}",
mongoose,literal-unindexed,mongoose-nl-02,natural-language,"Where does update timestamp processing preserve a caller-provided creation time when immutable-field overwriting is allowed, moving a top-level value into ordinary assignments instead of replacing it with the current time?",success,0,0,0,0,[],"{""filePath"":""lib/helpers/update/applyTimestampsToUpdate.js"",""expectedRoute"":""search"",""expectedOutcome"":""results""}",
mongoose,literal-unindexed,mongoose-nl-03,natural-language,"Where are array-filter definitions removed unless an update path uses their identifier in a filtered positional segment, with a logical group retained when at least one nested filter is used?",success,0,0,0,0,[],"{""filePath"":""lib/helpers/update/removeUnusedArrayFilters.js"",""expectedRoute"":""search"",""expectedOutcome"":""results""}",
mongoose,literal-unindexed,mongoose-nl-04,natural-language,"Where does population adjust inclusive projections by adding populated paths and configured string-named companion paths unless the user already specified them, while adjusting exclusive projections by dropping automatic exclusions only when the user did not specify them?",success,0,0,0,0,[],"{""filePath"":""lib/helpers/query/selectPopulatedFields.js"",""expectedRoute"":""search"",""expectedOutcome"":""results""}",
mongoose,literal-unindexed,mongoose-nl-05,natural-language,"Where is an inclusive in-memory field projection applied by copying each visited object, recursively mapping arrays, and removing unselected keys while retaining nested branches that contain selected descendants?",success,0,0,0,0,[],"{""filePath"":""lib/helpers/projection/applyProjection.js"",""expectedRoute"":""search"",""expectedOutcome"":""results""}",
mongoose,ocbi-hybrid,mongoose-def-01,explicit-symbol,Where is arrayDepth implemented?,error,0,0,0,0,[],"{""filePath"":""lib/helpers/arrayDepth.js"",""expectedRoute"":""definition"",""expectedOutcome"":""results""}",Error: MCP error -32001: Request timed out
mongoose,ocbi-hybrid,mongoose-def-02,explicit-symbol,Where is parallelLimit implemented?,error,0,0,0,0,[],"{""filePath"":""lib/helpers/parallelLimit.js"",""expectedRoute"":""definition"",""expectedOutcome"":""results""}",Error: MCP error -32001: Request timed out
mongoose,ocbi-hybrid,mongoose-def-03,explicit-symbol,Where is prepareDiscriminatorPipeline implemented?,error,0,0,0,0,[],"{""filePath"":""lib/helpers/aggregate/prepareDiscriminatorPipeline.js"",""expectedRoute"":""definition"",""expectedOutcome"":""results""}",Error: MCP error -32001: Request timed out
mongoose,ocbi-hybrid,mongoose-def-04,explicit-symbol,Where is createPopulateQueryFilter implemented?,error,0,0,0,0,[],"{""filePath"":""lib/helpers/populate/createPopulateQueryFilter.js"",""expectedRoute"":""definition"",""expectedOutcome"":""results""}",Error: MCP error -32001: Request timed out
mongoose,ocbi-hybrid,mongoose-def-05,explicit-symbol,Where is isIndexEqual implemented?,error,0,0,0,0,[],"{""filePath"":""lib/helpers/indexes/isIndexEqual.js"",""expectedRoute"":""definition"",""expectedOutcome"":""results""}",Error: MCP error -32001: Request timed out
mongoose,ocbi-hybrid,mongoose-def-06,explicit-symbol,Where is cleanModifiedSubpaths implemented?,error,0,0,0,0,[],"{""filePath"":""lib/helpers/document/cleanModifiedSubpaths.js"",""expectedRoute"":""definition"",""expectedOutcome"":""results""}",Error: MCP error -32001: Request timed out
mongoose,ocbi-hybrid,mongoose-nl-01,natural-language,"Where does query-filter sanitization recurse into boolean branches, reject a restricted set of special predicates, and turn untrusted operator-bearing field values into equality comparisons unless they are already a sole equality condition?",error,0,0,0,0,[],"{""filePath"":""lib/helpers/query/sanitizeFilter.js"",""expectedRoute"":""search"",""expectedOutcome"":""results""}",Error: MCP error -32001: Request timed out
mongoose,ocbi-hybrid,mongoose-nl-02,natural-language,"Where does update timestamp processing preserve a caller-provided creation time when immutable-field overwriting is allowed, moving a top-level value into ordinary assignments instead of replacing it with the current time?",error,0,0,0,0,[],"{""filePath"":""lib/helpers/update/applyTimestampsToUpdate.js"",""expectedRoute"":""search"",""expectedOutcome"":""results""}",Error: MCP error -32001: Request timed out
mongoose,ocbi-hybrid,mongoose-nl-03,natural-language,"Where are array-filter definitions removed unless an update path uses their identifier in a filtered positional segment, with a logical group retained when at least one nested filter is used?",error,0,0,0,0,[],"{""filePath"":""lib/helpers/update/removeUnusedArrayFilters.js"",""expectedRoute"":""search"",""expectedOutcome"":""results""}",Error: MCP error -32001: Request timed out
mongoose,ocbi-hybrid,mongoose-nl-04,natural-language,"Where does population adjust inclusive projections by adding populated paths and configured string-named companion paths unless the user already specified them, while adjusting exclusive projections by dropping automatic exclusions only when the user did not specify them?",error,0,0,0,0,[],"{""filePath"":""lib/helpers/query/selectPopulatedFields.js"",""expectedRoute"":""search"",""expectedOutcome"":""results""}",Error: MCP error -32001: Request timed out
mongoose,ocbi-hybrid,mongoose-nl-05,natural-language,"Where is an inclusive in-memory field projection applied by copying each visited object, recursively mapping arrays, and removing unselected keys while retaining nested branches that contain selected descendants?",error,0,0,0,0,[],"{""filePath"":""lib/helpers/projection/applyProjection.js"",""expectedRoute"":""search"",""expectedOutcome"":""results""}",Error: MCP error -32001: Request timed out
mongoose,ocbi-structural,mongoose-def-01,explicit-symbol,Where is arrayDepth implemented?,success,1,1,1,1,"[""lib/helpers/arrayDepth.js""]","{""filePath"":""lib/helpers/arrayDepth.js"",""expectedRoute"":""definition"",""expectedOutcome"":""results""}",
mongoose,ocbi-structural,mongoose-def-02,explicit-symbol,Where is parallelLimit implemented?,success,1,1,1,1,"[""lib/helpers/parallelLimit.js""]","{""filePath"":""lib/helpers/parallelLimit.js"",""expectedRoute"":""definition"",""expectedOutcome"":""results""}",
mongoose,ocbi-structural,mongoose-def-03,explicit-symbol,Where is prepareDiscriminatorPipeline implemented?,success,1,1,1,1,"[""lib/helpers/aggregate/prepareDiscriminatorPipeline.js""]","{""filePath"":""lib/helpers/aggregate/prepareDiscriminatorPipeline.js"",""expectedRoute"":""definition"",""expectedOutcome"":""results""}",
mongoose,ocbi-structural,mongoose-def-04,explicit-symbol,Where is createPopulateQueryFilter implemented?,success,1,1,1,1,"[""lib/helpers/populate/createPopulateQueryFilter.js""]","{""filePath"":""lib/helpers/populate/createPopulateQueryFilter.js"",""expectedRoute"":""definition"",""expectedOutcome"":""results""}",
mongoose,ocbi-structural,mongoose-def-05,explicit-symbol,Where is isIndexEqual implemented?,success,1,1,1,1,"[""lib/helpers/indexes/isIndexEqual.js""]","{""filePath"":""lib/helpers/indexes/isIndexEqual.js"",""expectedRoute"":""definition"",""expectedOutcome"":""results""}",
mongoose,ocbi-structural,mongoose-def-06,explicit-symbol,Where is cleanModifiedSubpaths implemented?,success,1,1,1,1,"[""lib/helpers/document/cleanModifiedSubpaths.js""]","{""filePath"":""lib/helpers/document/cleanModifiedSubpaths.js"",""expectedRoute"":""definition"",""expectedOutcome"":""results""}",
mongoose,ocbi-structural,mongoose-nl-01,natural-language,"Where does query-filter sanitization recurse into boolean branches, reject a restricted set of special predicates, and turn untrusted operator-bearing field values into equality comparisons unless they are already a sole equality condition?",success,0,0,0,0,"[""test/types/schemaTypeOptions.test.ts"",""lib/aggregate.js"",""types/index.d.ts"",""test/docs/validation.test.js"",""docs/field-level-encryption.md"",""lib/helpers/populate/assignVals.js"",""lib/helpers/query/castUpdate.js"",""lib/query.js"",""scripts/website.js"",""lib/model.js""]","{""filePath"":""lib/helpers/query/sanitizeFilter.js"",""expectedRoute"":""search"",""expectedOutcome"":""results""}",
mongoose,ocbi-structural,mongoose-nl-02,natural-language,"Where does update timestamp processing preserve a caller-provided creation time when immutable-field overwriting is allowed, moving a top-level value into ordinary assignments instead of replacing it with the current time?",success,0,1,0.5,0.6309297535714575,"[""lib/helpers/document/applyTimestamps.js"",""lib/helpers/update/applyTimestampsToUpdate.js"",""lib/helpers/update/moveImmutableProperties.js"",""lib/helpers/query/castUpdate.js"",""lib/types/documentArray/methods/index.js"",""lib/helpers/timestamps/setupTimestamps.js"",""benchmarks/findOneAndUpdateSimple.js"",""lib/helpers/query/handleImmutable.js"",""lib/helpers/schematype/handleImmutable.js"",""lib/cursor/queryCursor.js""]","{""filePath"":""lib/helpers/update/applyTimestampsToUpdate.js"",""expectedRoute"":""search"",""expectedOutcome"":""results""}",
mongoose,ocbi-structural,mongoose-nl-03,natural-language,"Where are array-filter definitions removed unless an update path uses their identifier in a filtered positional segment, with a logical group retained when at least one nested filter is used?",success,0,0,0,0,"[""lib/helpers/update/castArrayFilters.js"",""types/query.d.ts"",""lib/query.js"",""lib/helpers/query/getEmbeddedDiscriminatorPath.js"",""docs/migrating_to_5.md"",""test/helpers/update.castArrayFilters.test.js"",""lib/helpers/populate/getModelsMapForPopulate.js"",""docs/migrating_to_7.md"",""docs/migrating_to_6.md"",""test/model.updateOne.test.js""]","{""filePath"":""lib/helpers/update/removeUnusedArrayFilters.js"",""expectedRoute"":""search"",""expectedOutcome"":""results""}",
mongoose,ocbi-structural,mongoose-nl-04,natural-language,"Where does population adjust inclusive projections by adding populated paths and configured string-named companion paths unless the user already specified them, while adjusting exclusive projections by dropping automatic exclusions only when the user did not specify them?",success,0,0,0,0,"[""lib/helpers/projection/isDefiningProjection.js"",""lib/queryHelpers.js"",""lib/helpers/populate/assignVals.js"",""test/docs/validation.test.js"",""types/schemaoptions.d.ts"",""docs/populate.md"",""lib/query.js"",""docs/tutorials/dates.md"",""test/helpers/populate.getSchemaTypes.test.js"",""lib/helpers/projection/isPathExcluded.js""]","{""filePath"":""lib/helpers/query/selectPopulatedFields.js"",""expectedRoute"":""search"",""expectedOutcome"":""results""}",
mongoose,ocbi-structural,mongoose-nl-05,natural-language,"Where is an inclusive in-memory field projection applied by copying each visited object, recursively mapping arrays, and removing unselected keys while retaining nested branches that contain selected descendants?",success,0,1,0.2,0.38685280723454163,"[""lib/helpers/projection/isInclusive.js"",""lib/helpers/projection/isDefiningProjection.js"",""lib/helpers/query/sanitizeProjection.js"",""lib/helpers/discriminator/checkEmbeddedDiscriminatorKeyProjection.js"",""lib/helpers/projection/applyProjection.js"",""lib/helpers/projection/parseProjection.js"",""lib/helpers/populate/removeDeselectedForeignField.js"",""lib/helpers/projection/isPathExcluded.js"",""lib/helpers/projection/isExclusive.js"",""lib/helpers/schema/getKeysInSchemaOrder.js""]","{""filePath"":""lib/helpers/projection/applyProjection.js"",""expectedRoute"":""search"",""expectedOutcome"":""results""}",
mongoose,plain-file-bm25,mongoose-def-01,explicit-symbol,Where is arrayDepth implemented?,success,0,1,0.5,0.6309297535714575,"[""test/helpers/arrayDepth.test.js"",""lib/helpers/arrayDepth.js"",""lib/helpers/query/castUpdate.js"",""lib/schema/array.js""]","{""filePath"":""lib/helpers/arrayDepth.js"",""expectedRoute"":""definition"",""expectedOutcome"":""results""}",
mongoose,plain-file-bm25,mongoose-def-02,explicit-symbol,Where is parallelLimit implemented?,success,0,1,0.5,0.6309297535714575,"[""test/parallelLimit.test.js"",""lib/helpers/parallelLimit.js"",""lib/model.js"",""CHANGELOG.md""]","{""filePath"":""lib/helpers/parallelLimit.js"",""expectedRoute"":""definition"",""expectedOutcome"":""results""}",
mongoose,plain-file-bm25,mongoose-def-03,explicit-symbol,Where is prepareDiscriminatorPipeline implemented?,success,0,1,0.5,0.6309297535714575,"[""test/helpers/aggregate.test.js"",""lib/helpers/aggregate/prepareDiscriminatorPipeline.js"",""lib/aggregate.js"",""test/aggregate.test.js"",""lib/model.js""]","{""filePath"":""lib/helpers/aggregate/prepareDiscriminatorPipeline.js"",""expectedRoute"":""definition"",""expectedOutcome"":""results""}",
mongoose,plain-file-bm25,mongoose-def-04,explicit-symbol,Where is createPopulateQueryFilter implemented?,success,0,1,0.5,0.6309297535714575,"[""lib/helpers/populate/splitPopulateQuery.js"",""lib/helpers/populate/createPopulateQueryFilter.js"",""lib/model.js""]","{""filePath"":""lib/helpers/populate/createPopulateQueryFilter.js"",""expectedRoute"":""definition"",""expectedOutcome"":""results""}",
mongoose,plain-file-bm25,mongoose-def-05,explicit-symbol,Where is isIndexEqual implemented?,success,0,1,0.5,0.6309297535714575,"[""test/helpers/indexes.isIndexEqual.test.js"",""lib/helpers/indexes/isIndexEqual.js"",""lib/model.js"",""CHANGELOG.md""]","{""filePath"":""lib/helpers/indexes/isIndexEqual.js"",""expectedRoute"":""definition"",""expectedOutcome"":""results""}",
mongoose,plain-file-bm25,mongoose-def-06,explicit-symbol,Where is cleanModifiedSubpaths implemented?,success,0,1,0.5,0.6309297535714575,"[""lib/types/map.js"",""lib/helpers/document/cleanModifiedSubpaths.js"",""lib/types/array/methods/index.js"",""lib/document.js""]","{""filePath"":""lib/helpers/document/cleanModifiedSubpaths.js"",""expectedRoute"":""definition"",""expectedOutcome"":""results""}",
mongoose,plain-file-bm25,mongoose-nl-01,natural-language,"Where does query-filter sanitization recurse into boolean branches, reject a restricted set of special predicates, and turn untrusted operator-bearing field values into equality comparisons unless they are already a sole equality condition?",success,0,0,0,0,"[""lib/query.js"",""lib/aggregate.js"",""types/query.d.ts"",""docs/tutorials/findoneandupdate.md"",""lib/model.js"",""types/index.d.ts"",""docs/guide.md"",""types/expressions.d.ts"",""docs/populate.md"",""lib/document.js""]","{""filePath"":""lib/helpers/query/sanitizeFilter.js"",""expectedRoute"":""search"",""expectedOutcome"":""results""}",
mongoose,plain-file-bm25,mongoose-nl-02,natural-language,"Where does update timestamp processing preserve a caller-provided creation time when immutable-field overwriting is allowed, moving a top-level value into ordinary assignments instead of replacing it with the current time?",success,0,0,0,0,"[""docs/guide.md"",""types/mongooseoptions.d.ts"",""types/query.d.ts"",""types/expressions.d.ts"",""lib/query.js"",""lib/mongoose.js"",""CHANGELOG.md"",""docs/timestamps.md"",""lib/model.js"",""docs/faq.md""]","{""filePath"":""lib/helpers/update/applyTimestampsToUpdate.js"",""expectedRoute"":""search"",""expectedOutcome"":""results""}",
mongoose,plain-file-bm25,mongoose-nl-03,natural-language,"Where are array-filter definitions removed unless an update path uses their identifier in a filtered positional segment, with a logical group retained when at least one nested filter is used?",success,0,0,0,0,"[""docs/migrating_to_6.md"",""types/query.d.ts"",""CHANGELOG.md"",""lib/query.js"",""lib/document.js"",""types/expressions.d.ts"",""lib/model.js"",""docs/guide.md"",""docs/populate.md"",""types/models.d.ts""]","{""filePath"":""lib/helpers/update/removeUnusedArrayFilters.js"",""expectedRoute"":""search"",""expectedOutcome"":""results""}",
mongoose,plain-file-bm25,mongoose-nl-04,natural-language,"Where does population adjust inclusive projections by adding populated paths and configured string-named companion paths unless the user already specified them, while adjusting exclusive projections by dropping automatic exclusions only when the user did not specify them?",success,0,0,0,0,"[""lib/queryHelpers.js"",""docs/populate.md"",""lib/document.js"",""lib/model.js"",""CHANGELOG.md"",""types/schemaoptions.d.ts"",""types/query.d.ts"",""docs/guide.md"",""docs/migrating_to_6.md"",""lib/helpers/populate/assignVals.js""]","{""filePath"":""lib/helpers/query/selectPopulatedFields.js"",""expectedRoute"":""search"",""expectedOutcome"":""results""}",
mongoose,plain-file-bm25,mongoose-nl-05,natural-language,"Where is an inclusive in-memory field projection applied by copying each visited object, recursively mapping arrays, and removing unselected keys while retaining nested branches that contain selected descendants?",success,0,0,0,0,"[""lib/document.js"",""lib/queryHelpers.js"",""CHANGELOG.md"",""lib/query.js"",""lib/utils.js"",""docs/guide.md"",""lib/model.js"",""docs/subdocs.md"",""lib/helpers/populate/assignVals.js"",""types/schemaoptions.d.ts""]","{""filePath"":""lib/helpers/projection/applyProjection.js"",""expectedRoute"":""search"",""expectedOutcome"":""results""}",
redux-toolkit,codebase-memory,redux-toolkit-def-01,explicit-symbol,Where is createAction implemented?,success,1,1,1,1,"[""packages/toolkit/src/createAction.ts""]","{""filePath"":""packages/toolkit/src/createAction.ts"",""expectedRoute"":""definition"",""expectedOutcome"":""results""}",
redux-toolkit,codebase-memory,redux-toolkit-def-02,explicit-symbol,Where is configureStore implemented?,success,1,1,1,1,"[""packages/toolkit/src/configureStore.ts""]","{""filePath"":""packages/toolkit/src/configureStore.ts"",""expectedRoute"":""definition"",""expectedOutcome"":""results""}",
redux-toolkit,codebase-memory,redux-toolkit-def-03,explicit-symbol,Where is createReducer implemented?,success,0,1,0.5,0.6309297535714575,"[""packages/toolkit/src/tests/createReducer.test.ts"",""packages/toolkit/src/createReducer.ts""]","{""filePath"":""packages/toolkit/src/createReducer.ts"",""expectedRoute"":""definition"",""expectedOutcome"":""results""}",
redux-toolkit,codebase-memory,redux-toolkit-def-04,explicit-symbol,Where is unwrapResult implemented?,success,1,1,1,1,"[""packages/toolkit/src/createAsyncThunk.ts""]","{""filePath"":""packages/toolkit/src/createAsyncThunk.ts"",""expectedRoute"":""definition"",""expectedOutcome"":""results""}",
redux-toolkit,codebase-memory,redux-toolkit-def-05,explicit-symbol,Where is executeReducerBuilderCallback implemented?,success,1,1,1,1,"[""packages/toolkit/src/mapBuilders.ts""]","{""filePath"":""packages/toolkit/src/mapBuilders.ts"",""expectedRoute"":""definition"",""expectedOutcome"":""results""}",
redux-toolkit,codebase-memory,redux-toolkit-def-06,explicit-symbol,Where is hasExpectedRequestMetadata implemented?,success,1,1,1,1,"[""packages/toolkit/src/matchers.ts""]","{""filePath"":""packages/toolkit/src/matchers.ts"",""expectedRoute"":""definition"",""expectedOutcome"":""results""}",
redux-toolkit,codebase-memory,redux-toolkit-nl-01,natural-language,"Where are subscriber notifications postponed for low-priority actions while reducers still run immediately, with one queued notification and a normal-priority action making a pending delayed notification unnecessary?",unsupported,,,,,[],"{""filePath"":""packages/toolkit/src/autoBatchEnhancer.ts"",""expectedRoute"":""search"",""expectedOutcome"":""results""}",
redux-toolkit,codebase-memory,redux-toolkit-nl-02,natural-language,"Where does a recursive serializability scan skip configured exact or regular-expression property paths, return the first offending value with its dotted location, and cache objects only after their nested contents are frozen?",unsupported,,,,,[],"{""filePath"":""packages/toolkit/src/serializableStateInvariantMiddleware.ts"",""expectedRoute"":""search"",""expectedOutcome"":""results""}",
redux-toolkit,codebase-memory,redux-toolkit-nl-03,natural-language,"Where does state-mutation detection avoid looping on cycles by remembering each tracked-node and current-value pair, compare keys from both old and current objects, and omit configured property paths?",unsupported,,,,,[],"{""filePath"":""packages/toolkit/src/immutableStateInvariantMiddleware.ts"",""expectedRoute"":""search"",""expectedOutcome"":""results""}",
redux-toolkit,codebase-memory,redux-toolkit-nl-04,natural-language,"Where does development middleware warn when an action creator itself is dispatched instead of its result, still forward that input, and become a transparent pass-through in production?",unsupported,,,,,[],"{""filePath"":""packages/toolkit/src/actionCreatorInvariantMiddleware.ts"",""expectedRoute"":""search"",""expectedOutcome"":""results""}",
redux-toolkit,codebase-memory,redux-toolkit-nl-05,natural-language,"Where is replacement of an already installed reducer at a state key refused unless explicitly allowed, while an allowed different replacement clears cached initial state before rebuilding the combined reducer?",unsupported,,,,,[],"{""filePath"":""packages/toolkit/src/combineSlices.ts"",""expectedRoute"":""search"",""expectedOutcome"":""results""}",
redux-toolkit,codegraph,redux-toolkit-def-01,explicit-symbol,Where is createAction implemented?,success,1,1,1,1,"[""packages/toolkit/src/createAction.ts"",""packages/toolkit/src/actionCreatorInvariantMiddleware.ts"",""packages/toolkit/src/createAsyncThunk.ts"",""packages/toolkit/src/createSlice.ts"",""packages/toolkit/src/tests/createAction.test.ts"",""packages/toolkit/src/tests/createAction.test-d.tsx"",""packages/toolkit/src/dynamicMiddleware/index.ts"",""packages/toolkit/src/listenerMiddleware/index.ts"",""packages/toolkit/src/entities/state_adapter.ts"",""packages/toolkit/src/entities/models.ts""]","{""filePath"":""packages/toolkit/src/createAction.ts"",""expectedRoute"":""definition"",""expectedOutcome"":""results""}",
redux-toolkit,codegraph,redux-toolkit-def-02,explicit-symbol,Where is configureStore implemented?,success,1,1,1,1,"[""packages/toolkit/src/configureStore.ts"",""packages/toolkit/src/tests/configureStore.test.ts"",""packages/toolkit/src/tests/configureStore.test-d.ts"",""packages/toolkit/src/getDefaultEnhancers.ts"",""examples/query/react/kitchen-sink/src/app/store.ts"",""packages/toolkit/scripts/mangleErrors.mts"",""packages/toolkit/src/query/react/ApiProvider.tsx"",""examples/action-listener/counter/src/store.ts"",""examples/publish-ci/vite/src/app-core/store.ts"",""examples/query/react/authentication/src/app/store.ts""]","{""filePath"":""packages/toolkit/src/configureStore.ts"",""expectedRoute"":""definition"",""expectedOutcome"":""results""}",
redux-toolkit,codegraph,redux-toolkit-def-03,explicit-symbol,Where is createReducer implemented?,success,1,1,1,1,"[""packages/toolkit/src/createReducer.ts"",""packages/toolkit/src/tests/createReducer.test.ts"",""packages/toolkit/src/createSlice.ts"",""packages/toolkit/src/tests/createReducer.test-d.ts"",""packages/rtk-codemods/transforms/createReducerBuilder/createReducerBuilder.test.ts"",""packages/toolkit/src/mapBuilders.ts"",""packages/rtk-codemods/transforms/createReducerBuilder/index.ts"",""packages/rtk-codemods/transforms/createReducerBuilder/__testfixtures__/basic.input.js"",""packages/rtk-codemods/transforms/createReducerBuilder/__testfixtures__/basic.output.js"",""packages/rtk-codemods/transforms/createReducerBuilder/__testfixtures__/basic-ts.input.ts""]","{""filePath"":""packages/toolkit/src/createReducer.ts"",""expectedRoute"":""definition"",""expectedOutcome"":""results""}",
redux-toolkit,codegraph,redux-toolkit-def-04,explicit-symbol,Where is unwrapResult implemented?,success,1,1,1,1,"[""packages/toolkit/src/createAsyncThunk.ts"",""packages/toolkit/src/tests/createAsyncThunk.test-d.ts"",""packages/toolkit/src/tests/createAsyncThunk.test.ts""]","{""filePath"":""packages/toolkit/src/createAsyncThunk.ts"",""expectedRoute"":""definition"",""expectedOutcome"":""results""}",
redux-toolkit,codegraph,redux-toolkit-def-05,explicit-symbol,Where is executeReducerBuilderCallback implemented?,success,1,1,1,1,"[""packages/toolkit/src/mapBuilders.ts"",""packages/toolkit/src/createReducer.ts"",""packages/toolkit/src/createSlice.ts"",""packages/toolkit/src/tests/mapBuilders.test-d.ts""]","{""filePath"":""packages/toolkit/src/mapBuilders.ts"",""expectedRoute"":""definition"",""expectedOutcome"":""results""}",
redux-toolkit,codegraph,redux-toolkit-def-06,explicit-symbol,Where is hasExpectedRequestMetadata implemented?,success,1,1,1,1,"[""packages/toolkit/src/matchers.ts""]","{""filePath"":""packages/toolkit/src/matchers.ts"",""expectedRoute"":""definition"",""expectedOutcome"":""results""}",
redux-toolkit,codegraph,redux-toolkit-nl-01,natural-language,"Where are subscriber notifications postponed for low-priority actions while reducers still run immediately, with one queued notification and a normal-priority action making a pending delayed notification unnecessary?",success,0,0,0,0,"[""packages/toolkit/src/query/core/buildMiddleware/batchActions.ts"",""packages/toolkit/src/query/core/buildThunks.ts"",""packages/toolkit/src/matchers.ts"",""packages/toolkit/src/query/core/buildMiddleware/index.ts"",""packages/toolkit/src/query/core/buildMiddleware/types.ts"",""packages/toolkit/src/query/core/apiState.ts"",""packages/toolkit/src/tsHelpers.ts""]","{""filePath"":""packages/toolkit/src/autoBatchEnhancer.ts"",""expectedRoute"":""search"",""expectedOutcome"":""results""}",
redux-toolkit,codegraph,redux-toolkit-nl-02,natural-language,"Where does a recursive serializability scan skip configured exact or regular-expression property paths, return the first offending value with its dotted location, and cache objects only after their nested contents are frozen?",success,0,1,0.5,0.6309297535714575,"[""packages/rtk-query-codegen-openapi/src/codegen.ts"",""packages/toolkit/src/serializableStateInvariantMiddleware.ts"",""packages/toolkit/src/query/core/buildMiddleware/cacheLifecycle.ts"",""packages/rtk-query-codegen-openapi/src/generate.ts"",""packages/toolkit/src/query/core/buildSlice.ts""]","{""filePath"":""packages/toolkit/src/serializableStateInvariantMiddleware.ts"",""expectedRoute"":""search"",""expectedOutcome"":""results""}",
redux-toolkit,codegraph,redux-toolkit-nl-03,natural-language,"Where does state-mutation detection avoid looping on cycles by remembering each tracked-node and current-value pair, compare keys from both old and current objects, and omit configured property paths?",success,1,1,1,1,"[""packages/toolkit/src/immutableStateInvariantMiddleware.ts"",""packages/toolkit/src/query/core/apiState.ts"",""packages/toolkit/src/query/endpointDefinitions.ts"",""packages/toolkit/src/query/core/buildSlice.ts""]","{""filePath"":""packages/toolkit/src/immutableStateInvariantMiddleware.ts"",""expectedRoute"":""search"",""expectedOutcome"":""results""}",
redux-toolkit,codegraph,redux-toolkit-nl-04,natural-language,"Where does development middleware warn when an action creator itself is dispatched instead of its result, still forward that input, and become a transparent pass-through in production?",success,1,1,1,1,"[""packages/toolkit/src/actionCreatorInvariantMiddleware.ts"",""packages/toolkit/src/createAction.ts"",""packages/toolkit/src/tests/actionCreatorInvariantMiddleware.test.ts"",""packages/toolkit/src/getDefaultMiddleware.ts""]","{""filePath"":""packages/toolkit/src/actionCreatorInvariantMiddleware.ts"",""expectedRoute"":""search"",""expectedOutcome"":""results""}",
redux-toolkit,codegraph,redux-toolkit-nl-05,natural-language,"Where is replacement of an already installed reducer at a state key refused unless explicitly allowed, while an allowed different replacement clears cached initial state before rebuilding the combined reducer?",success,0,0,0,0,"[""packages/toolkit/src/createReducer.ts"",""packages/toolkit/src/entities/entity_state.ts"",""packages/toolkit/src/entities/models.ts""]","{""filePath"":""packages/toolkit/src/combineSlices.ts"",""expectedRoute"":""search"",""expectedOutcome"":""results""}",
redux-toolkit,grepai,redux-toolkit-def-01,explicit-symbol,Where is createAction implemented?,success,1,1,1,1,"[""packages/toolkit/src/createAction.ts"",""examples/publish-ci/expo/src/app/createAppSlice.ts"",""examples/publish-ci/react-native/src/app/createAppSlice.ts"",""examples/query/react/infinite-queries/src/app/createAppSlice.ts"",""packages/toolkit/src/createSlice.ts"",""examples/publish-ci/react-native/android/app/src/main/java/com/reduxTemplate/MainActivity.kt"",""examples/publish-ci/react-native/android/app/src/main/AndroidManifest.xml"",""examples/action-listener/counter/src/components/CreateCounterForm/CreateCounterForm.tsx"",""packages/toolkit/src/actionCreatorInvariantMiddleware.ts"",""packages/toolkit/src/createReducer.ts""]","{""filePath"":""packages/toolkit/src/createAction.ts"",""expectedRoute"":""definition"",""expectedOutcome"":""results""}",
redux-toolkit,grepai,redux-toolkit-def-02,explicit-symbol,Where is configureStore implemented?,success,1,1,1,1,"[""packages/toolkit/src/configureStore.ts"",""packages/toolkit/scripts/issue-triage/src/categorize/config.ts"",""examples/query/react/authentication/src/app/store.ts"",""examples/publish-ci/next/src/app/ServerApiInfo.tsx"",""examples/type-portability/bundler/src/app/store.ts"",""examples/query/react/kitchen-sink/src/app/store.ts"",""packages/toolkit/src/entities/sorted_state_adapter.ts"",""examples/query/react/mutations/src/store.ts"",""examples/publish-ci/react-native/android/app/src/main/java/com/reduxTemplate/MainApplication.kt"",""examples/type-portability/bundler/src/app/dynamicMiddleware.ts""]","{""filePath"":""packages/toolkit/src/configureStore.ts"",""expectedRoute"":""definition"",""expectedOutcome"":""results""}",
redux-toolkit,grepai,redux-toolkit-def-03,explicit-symbol,Where is createReducer implemented?,success,1,1,1,1,"[""packages/toolkit/src/createReducer.ts"",""examples/type-portability/nodenext-cjs/src/app/dynamicReactMiddleware.ts"",""examples/publish-ci/react-native/android/app/src/main/java/com/reduxTemplate/MainActivity.kt"",""examples/query/react/infinite-queries/src/app/createAppSlice.ts"",""packages/toolkit/src/createSlice.ts"",""examples/publish-ci/expo/src/app/createAppSlice.ts"",""examples/publish-ci/react-native/src/app/createAppSlice.ts"",""examples/publish-ci/react-native/android/app/src/main/res/values/strings.xml"",""examples/type-portability/bundler/src/app/dynamicReactMiddleware.ts"",""examples/type-portability/nodenext-esm/src/app/dynamicReactMiddleware.ts""]","{""filePath"":""packages/toolkit/src/createReducer.ts"",""expectedRoute"":""definition"",""expectedOutcome"":""results""}",
redux-toolkit,grepai,redux-toolkit-def-04,explicit-symbol,Where is unwrapResult implemented?,success,1,1,1,1,"[""packages/toolkit/src/createAsyncThunk.ts"",""examples/type-portability/bundler/src/app/services/post.ts"",""examples/type-portability/nodenext-esm/src/app/services/post.ts"",""packages/toolkit/src/query/core/buildInitiate.ts"",""packages/toolkit/src/query/react/buildHooks.ts"",""examples/type-portability/bundler/src/app/services/api.ts"",""examples/type-portability/nodenext-esm/src/app/services/api.ts"",""examples/type-portability/nodenext-cjs/src/app/services/post.ts"",""examples/query/react/infinite-queries/src/app/hooks.ts"",""examples/type-portability/bundler/src/app/services/counter.ts""]","{""filePath"":""packages/toolkit/src/createAsyncThunk.ts"",""expectedRoute"":""definition"",""expectedOutcome"":""results""}",
redux-toolkit,grepai,redux-toolkit-def-05,explicit-symbol,Where is executeReducerBuilderCallback implemented?,success,0,0,0,0,"[""examples/query/react/infinite-queries/src/app/useIntersectionCallback.ts"",""examples/publish-ci/react-native/android/app/src/main/java/com/reduxTemplate/MainActivity.kt"",""packages/toolkit/src/combineSlices.ts"",""examples/type-portability/nodenext-cjs/src/app/dynamicReactMiddleware.ts"",""packages/toolkit/src/query/core/buildInitiate.ts"",""packages/toolkit/src/autoBatchEnhancer.ts"",""packages/toolkit/src/query/core/buildMiddleware/cacheCollection.ts"",""packages/toolkit/src/createSlice.ts"",""packages/toolkit/src/listenerMiddleware/exceptions.ts"",""packages/toolkit/src/query/core/buildMiddleware/cacheLifecycle.ts""]","{""filePath"":""packages/toolkit/src/mapBuilders.ts"",""expectedRoute"":""definition"",""expectedOutcome"":""results""}",
redux-toolkit,grepai,redux-toolkit-def-06,explicit-symbol,Where is hasExpectedRequestMetadata implemented?,success,1,1,1,1,"[""packages/toolkit/src/matchers.ts"",""examples/query/react/kitchen-sink/src/app/services/counter.ts"",""packages/toolkit/src/query/core/buildThunks.ts"",""examples/publish-ci/react-native/android/app/src/main/java/com/reduxTemplate/MainActivity.kt"",""examples/query/react/graphql/src/app/services/posts.ts"",""examples/publish-ci/next/src/app/ServerApiInfo.tsx"",""examples/query/react/infinite-queries/src/app/store.ts"",""examples/publish-ci/react-native/android/app/src/debug/AndroidManifest.xml"",""examples/query/react/kitchen-sink/src/app/services/api.ts"",""packages/toolkit/src/reselectImports.ts""]","{""filePath"":""packages/toolkit/src/matchers.ts"",""expectedRoute"":""definition"",""expectedOutcome"":""results""}",
redux-toolkit,grepai,redux-toolkit-nl-01,natural-language,"Where are subscriber notifications postponed for low-priority actions while reducers still run immediately, with one queued notification and a normal-priority action making a pending delayed notification unnecessary?",success,1,1,1,1,"[""packages/toolkit/src/autoBatchEnhancer.ts"",""examples/publish-ci/react-native/android/app/src/main/java/com/reduxTemplate/MainActivity.kt"",""examples/action-listener/counter/src/services/counter/listeners.ts"",""examples/action-listener/counter/src/components/Counter/Counter.tsx"",""packages/toolkit/src/listenerMiddleware/types.ts"",""packages/toolkit/src/devtoolsExtension.ts"",""packages/toolkit/src/listenerMiddleware/task.ts"",""examples/publish-ci/next/src/app/ClientApp.tsx"",""packages/toolkit/src/listenerMiddleware/index.ts"",""examples/action-listener/counter/src/services/counter/slice.ts""]","{""filePath"":""packages/toolkit/src/autoBatchEnhancer.ts"",""expectedRoute"":""search"",""expectedOutcome"":""results""}",
redux-toolkit,grepai,redux-toolkit-nl-02,natural-language,"Where does a recursive serializability scan skip configured exact or regular-expression property paths, return the first offending value with its dotted location, and cache objects only after their nested contents are frozen?",success,1,1,1,1,"[""packages/toolkit/src/serializableStateInvariantMiddleware.ts"",""examples/publish-ci/next/src/app/ServerApiInfo.tsx"",""packages/toolkit/src/query/core/module.ts"",""packages/toolkit/src/query/react/buildHooks.ts"",""packages/toolkit/src/immutableStateInvariantMiddleware.ts"",""examples/query/react/infinite-queries/src/app/hooks.ts"",""packages/rtk-query-codegen-openapi/src/index.ts"",""packages/toolkit/src/query/defaultSerializeQueryArgs.ts"",""packages/toolkit/src/query/core/buildInitiate.ts"",""packages/toolkit/src/devtoolsExtension.ts""]","{""filePath"":""packages/toolkit/src/serializableStateInvariantMiddleware.ts"",""expectedRoute"":""search"",""expectedOutcome"":""results""}",
redux-toolkit,grepai,redux-toolkit-nl-03,natural-language,"Where does state-mutation detection avoid looping on cycles by remembering each tracked-node and current-value pair, compare keys from both old and current objects, and omit configured property paths?",success,1,1,1,1,"[""packages/toolkit/src/immutableStateInvariantMiddleware.ts"",""packages/toolkit/src/query/core/buildSelectors.ts"",""packages/toolkit/src/entities/unsorted_state_adapter.ts"",""packages/toolkit/src/query/core/buildSlice.ts"",""packages/toolkit/src/serializableStateInvariantMiddleware.ts"",""examples/type-portability/nodenext-cjs/src/app/services/counter.ts"",""examples/query/react/infinite-queries/src/app/useIntersectionCallback.ts"",""packages/toolkit/src/entities/state_adapter.ts"",""packages/toolkit/src/entities/sorted_state_adapter.ts"",""packages/toolkit/src/query/react/buildHooks.ts""]","{""filePath"":""packages/toolkit/src/immutableStateInvariantMiddleware.ts"",""expectedRoute"":""search"",""expectedOutcome"":""results""}",
redux-toolkit,grepai,redux-toolkit-nl-04,natural-language,"Where does development middleware warn when an action creator itself is dispatched instead of its result, still forward that input, and become a transparent pass-through in production?",success,1,1,1,1,"[""packages/toolkit/src/actionCreatorInvariantMiddleware.ts"",""examples/type-portability/bundler/src/app/dynamicReactMiddleware.ts"",""examples/type-portability/nodenext-cjs/src/app/dynamicReactMiddleware.ts"",""examples/publish-ci/react-native/android/app/src/main/java/com/reduxTemplate/MainActivity.kt"",""examples/type-portability/nodenext-esm/src/app/dynamicReactMiddleware.ts"",""packages/toolkit/src/dynamicMiddleware/index.ts"",""examples/publish-ci/next/src/app/MswProvider.tsx"",""examples/type-portability/bundler/src/app/listenerMiddleware.ts"",""examples/type-portability/nodenext-esm/src/app/listenerMiddleware.ts"",""packages/toolkit/src/autoBatchEnhancer.ts""]","{""filePath"":""packages/toolkit/src/actionCreatorInvariantMiddleware.ts"",""expectedRoute"":""search"",""expectedOutcome"":""results""}",
redux-toolkit,grepai,redux-toolkit-nl-05,natural-language,"Where is replacement of an already installed reducer at a state key refused unless explicitly allowed, while an allowed different replacement clears cached initial state before rebuilding the combined reducer?",success,0,1,0.5,0.6309297535714575,"[""packages/toolkit/src/createSlice.ts"",""packages/toolkit/src/combineSlices.ts"",""packages/toolkit/src/createReducer.ts"",""packages/toolkit/src/query/core/buildInitiate.ts"",""packages/toolkit/src/query/core/module.ts"",""packages/toolkit/src/query/core/buildSlice.ts"",""packages/toolkit/src/entities/unsorted_state_adapter.ts"",""packages/toolkit/src/query/core/buildSelectors.ts"",""packages/toolkit/src/serializableStateInvariantMiddleware.ts"",""packages/toolkit/src/configureStore.ts""]","{""filePath"":""packages/toolkit/src/combineSlices.ts"",""expectedRoute"":""search"",""expectedOutcome"":""results""}",
redux-toolkit,literal-unindexed,redux-toolkit-def-01,explicit-symbol,Where is createAction implemented?,success,0,0,0,0,"[""docs/api/actionCreatorMiddleware.mdx"",""docs/api/createAction.mdx"",""docs/api/createAsyncThunk.mdx"",""docs/api/createListenerMiddleware.mdx"",""docs/api/createReducer.mdx"",""docs/api/createSlice.mdx"",""docs/api/matching-utilities.mdx"",""docs/api/otherExports.mdx"",""docs/introduction/getting-started.md"",""docs/sidebars.ts""]","{""filePath"":""packages/toolkit/src/createAction.ts"",""expectedRoute"":""definition"",""expectedOutcome"":""results""}",
redux-toolkit,literal-unindexed,redux-toolkit-def-02,explicit-symbol,Where is configureStore implemented?,success,0,0,0,0,"[""_artifacts/domain_map.yaml"",""_artifacts/skill_spec.md"",""_artifacts/skill_tree.yaml"",""docs/api/actionCreatorMiddleware.mdx"",""docs/api/autoBatchEnhancer.mdx"",""docs/api/combineSlices.mdx"",""docs/api/configureStore.mdx"",""docs/api/createAsyncThunk.mdx"",""docs/api/createDynamicMiddleware.mdx"",""docs/api/createEntityAdapter.mdx""]","{""filePath"":""packages/toolkit/src/configureStore.ts"",""expectedRoute"":""definition"",""expectedOutcome"":""results""}",
redux-toolkit,literal-unindexed,redux-toolkit-def-03,explicit-symbol,Where is createReducer implemented?,success,0,0,0,0,"[""_artifacts/domain_map.yaml"",""docs/api/codemods.mdx"",""docs/api/createAction.mdx"",""docs/api/createAsyncThunk.mdx"",""docs/api/createEntityAdapter.mdx"",""docs/api/createReducer.mdx"",""docs/api/createSelector.mdx"",""docs/api/createSlice.mdx"",""docs/api/matching-utilities.mdx"",""docs/api/otherExports.mdx""]","{""filePath"":""packages/toolkit/src/createReducer.ts"",""expectedRoute"":""definition"",""expectedOutcome"":""results""}",
redux-toolkit,literal-unindexed,redux-toolkit-def-04,explicit-symbol,Where is unwrapResult implemented?,success,0,1,0.3333333333333333,0.5,"[""docs/api/createAsyncThunk.mdx"",""packages/toolkit/etc/redux-toolkit.api.md"",""packages/toolkit/src/createAsyncThunk.ts"",""packages/toolkit/src/index.ts"",""packages/toolkit/src/tests/createAsyncThunk.test-d.ts"",""packages/toolkit/src/tests/createAsyncThunk.test.ts""]","{""filePath"":""packages/toolkit/src/createAsyncThunk.ts"",""expectedRoute"":""definition"",""expectedOutcome"":""results""}",
redux-toolkit,literal-unindexed,redux-toolkit-def-05,explicit-symbol,Where is executeReducerBuilderCallback implemented?,success,0,1,0.3333333333333333,0.5,"[""packages/toolkit/src/createReducer.ts"",""packages/toolkit/src/createSlice.ts"",""packages/toolkit/src/mapBuilders.ts"",""packages/toolkit/src/tests/mapBuilders.test-d.ts""]","{""filePath"":""packages/toolkit/src/mapBuilders.ts"",""expectedRoute"":""definition"",""expectedOutcome"":""results""}",
redux-toolkit,literal-unindexed,redux-toolkit-def-06,explicit-symbol,Where is hasExpectedRequestMetadata implemented?,success,1,1,1,1,"[""packages/toolkit/src/matchers.ts""]","{""filePath"":""packages/toolkit/src/matchers.ts"",""expectedRoute"":""definition"",""expectedOutcome"":""results""}",
redux-toolkit,literal-unindexed,redux-toolkit-nl-01,natural-language,"Where are subscriber notifications postponed for low-priority actions while reducers still run immediately, with one queued notification and a normal-priority action making a pending delayed notification unnecessary?",success,0,0,0,0,[],"{""filePath"":""packages/toolkit/src/autoBatchEnhancer.ts"",""expectedRoute"":""search"",""expectedOutcome"":""results""}",
redux-toolkit,literal-unindexed,redux-toolkit-nl-02,natural-language,"Where does a recursive serializability scan skip configured exact or regular-expression property paths, return the first offending value with its dotted location, and cache objects only after their nested contents are frozen?",success,0,0,0,0,[],"{""filePath"":""packages/toolkit/src/serializableStateInvariantMiddleware.ts"",""expectedRoute"":""search"",""expectedOutcome"":""results""}",
redux-toolkit,literal-unindexed,redux-toolkit-nl-03,natural-language,"Where does state-mutation detection avoid looping on cycles by remembering each tracked-node and current-value pair, compare keys from both old and current objects, and omit configured property paths?",success,0,0,0,0,[],"{""filePath"":""packages/toolkit/src/immutableStateInvariantMiddleware.ts"",""expectedRoute"":""search"",""expectedOutcome"":""results""}",
redux-toolkit,literal-unindexed,redux-toolkit-nl-04,natural-language,"Where does development middleware warn when an action creator itself is dispatched instead of its result, still forward that input, and become a transparent pass-through in production?",success,0,0,0,0,[],"{""filePath"":""packages/toolkit/src/actionCreatorInvariantMiddleware.ts"",""expectedRoute"":""search"",""expectedOutcome"":""results""}",
redux-toolkit,literal-unindexed,redux-toolkit-nl-05,natural-language,"Where is replacement of an already installed reducer at a state key refused unless explicitly allowed, while an allowed different replacement clears cached initial state before rebuilding the combined reducer?",success,0,0,0,0,[],"{""filePath"":""packages/toolkit/src/combineSlices.ts"",""expectedRoute"":""search"",""expectedOutcome"":""results""}",
redux-toolkit,ocbi-hybrid,redux-toolkit-def-01,explicit-symbol,Where is createAction implemented?,success,1,1,1,1,"[""packages/toolkit/src/createAction.ts""]","{""filePath"":""packages/toolkit/src/createAction.ts"",""expectedRoute"":""definition"",""expectedOutcome"":""results""}",
redux-toolkit,ocbi-hybrid,redux-toolkit-def-02,explicit-symbol,Where is configureStore implemented?,success,1,1,1,1,"[""packages/toolkit/src/configureStore.ts""]","{""filePath"":""packages/toolkit/src/configureStore.ts"",""expectedRoute"":""definition"",""expectedOutcome"":""results""}",
redux-toolkit,ocbi-hybrid,redux-toolkit-def-03,explicit-symbol,Where is createReducer implemented?,success,1,1,1,1,"[""packages/toolkit/src/createReducer.ts""]","{""filePath"":""packages/toolkit/src/createReducer.ts"",""expectedRoute"":""definition"",""expectedOutcome"":""results""}",
redux-toolkit,ocbi-hybrid,redux-toolkit-def-04,explicit-symbol,Where is unwrapResult implemented?,success,1,1,1,1,"[""packages/toolkit/src/createAsyncThunk.ts""]","{""filePath"":""packages/toolkit/src/createAsyncThunk.ts"",""expectedRoute"":""definition"",""expectedOutcome"":""results""}",
redux-toolkit,ocbi-hybrid,redux-toolkit-def-05,explicit-symbol,Where is executeReducerBuilderCallback implemented?,success,1,1,1,1,"[""packages/toolkit/src/mapBuilders.ts""]","{""filePath"":""packages/toolkit/src/mapBuilders.ts"",""expectedRoute"":""definition"",""expectedOutcome"":""results""}",
redux-toolkit,ocbi-hybrid,redux-toolkit-def-06,explicit-symbol,Where is hasExpectedRequestMetadata implemented?,success,1,1,1,1,"[""packages/toolkit/src/matchers.ts""]","{""filePath"":""packages/toolkit/src/matchers.ts"",""expectedRoute"":""definition"",""expectedOutcome"":""results""}",
redux-toolkit,ocbi-hybrid,redux-toolkit-nl-01,natural-language,"Where are subscriber notifications postponed for low-priority actions while reducers still run immediately, with one queued notification and a normal-priority action making a pending delayed notification unnecessary?",success,0,1,0.25,0.43067655807339306,"[""examples/query/react/graphql/public/mockServiceWorker.js"",""packages/toolkit/src/tests/autoBatchEnhancer.test.ts"",""examples/query/react/prefetching/public/mockServiceWorker.js"",""packages/toolkit/src/autoBatchEnhancer.ts"",""examples/query/react/optimistic-update/public/mockServiceWorker.js"",""docs/api/autoBatchEnhancer.mdx"",""examples/query/react/mutations/public/mockServiceWorker.js"",""examples/query/react/kitchen-sink/public/mockServiceWorker.js"",""examples/query/react/graphql-codegen/public/mockServiceWorker.js"",""examples/query/react/infinite-queries/src/mocks/handlers.ts""]","{""filePath"":""packages/toolkit/src/autoBatchEnhancer.ts"",""expectedRoute"":""search"",""expectedOutcome"":""results""}",
redux-toolkit,ocbi-hybrid,redux-toolkit-nl-02,natural-language,"Where does a recursive serializability scan skip configured exact or regular-expression property paths, return the first offending value with its dotted location, and cache objects only after their nested contents are frozen?",success,0,0,0,0,"[""packages/toolkit/src/tests/serializableStateInvariantMiddleware.test.ts"",""docs/usage/immer-reducers.md"",""docs/usage/usage-guide.md"",""packages/toolkit/src/query/tests/defaultSerializeQueryArgs.test.ts"",""packages/toolkit/src/tests/combineSlices.test.ts"",""docs/rtk-query/usage/customizing-queries.mdx"",""docs/rtk-query/usage/cache-behavior.mdx"",""packages/rtk-query-codegen-openapi/test/fixtures/operationIdTransformer.yaml"",""packages/toolkit/src/query/tests/useMutation-fixedCacheKey.test.tsx"",""docs/api/createEntityAdapter.mdx""]","{""filePath"":""packages/toolkit/src/serializableStateInvariantMiddleware.ts"",""expectedRoute"":""search"",""expectedOutcome"":""results""}",
redux-toolkit,ocbi-hybrid,redux-toolkit-nl-03,natural-language,"Where does state-mutation detection avoid looping on cycles by remembering each tracked-node and current-value pair, compare keys from both old and current objects, and omit configured property paths?",success,0,1,0.3333333333333333,0.5,"[""packages/toolkit/src/tests/immutableStateInvariantMiddleware.test.ts"",""_artifacts/domain_map.yaml"",""packages/toolkit/src/immutableStateInvariantMiddleware.ts"",""docs/usage/immer-reducers.md"",""docs/rtk-query/usage/mutations.mdx"",""examples/publish-ci/node/test-require-esm.cjs"",""packages/toolkit/src/query/core/buildInitiate.ts"",""packages/toolkit/src/query/tests/useMutation-fixedCacheKey.test.tsx"",""docs/api/createReducer.mdx"",""docs/rtk-query/api/createApi.mdx""]","{""filePath"":""packages/toolkit/src/immutableStateInvariantMiddleware.ts"",""expectedRoute"":""search"",""expectedOutcome"":""results""}",
redux-toolkit,ocbi-hybrid,redux-toolkit-nl-04,natural-language,"Where does development middleware warn when an action creator itself is dispatched instead of its result, still forward that input, and become a transparent pass-through in production?",success,0,0,0.14285714285714285,0.3333333333333333,"[""packages/toolkit/src/tests/getDefaultMiddleware.test.ts"",""packages/toolkit/src/dynamicMiddleware/react/index.ts"",""packages/toolkit/src/entities/tests/utils.spec.ts"",""docs/api/actionCreatorMiddleware.mdx"",""packages/toolkit/src/tests/configureStore.test-d.ts"",""docs/api/getDefaultMiddleware.mdx"",""packages/toolkit/src/actionCreatorInvariantMiddleware.ts"",""packages/toolkit/src/createAction.ts"",""docs/api/createAsyncThunk.mdx"",""packages/toolkit/src/dynamicMiddleware/index.ts""]","{""filePath"":""packages/toolkit/src/actionCreatorInvariantMiddleware.ts"",""expectedRoute"":""search"",""expectedOutcome"":""results""}",
redux-toolkit,ocbi-hybrid,redux-toolkit-nl-05,natural-language,"Where is replacement of an already installed reducer at a state key refused unless explicitly allowed, while an allowed different replacement clears cached initial state before rebuilding the combined reducer?",success,0,1,0.2,0.38685280723454163,"[""packages/toolkit/src/createReducer.ts"",""packages/toolkit/src/mapBuilders.ts"",""packages/toolkit/src/configureStore.ts"",""packages/toolkit/src/createSlice.ts"",""packages/toolkit/src/combineSlices.ts"",""packages/toolkit/src/entities/sorted_state_adapter.ts"",""packages/toolkit/src/query/core/buildSlice.ts"",""packages/rtk-codemods/transforms/createSliceReducerBuilder/index.ts"",""packages/toolkit/src/query/core/buildSelectors.ts"",""packages/toolkit/src/entities/unsorted_state_adapter.ts""]","{""filePath"":""packages/toolkit/src/combineSlices.ts"",""expectedRoute"":""search"",""expectedOutcome"":""results""}",
redux-toolkit,ocbi-structural,redux-toolkit-def-01,explicit-symbol,Where is createAction implemented?,success,1,1,1,1,"[""packages/toolkit/src/createAction.ts""]","{""filePath"":""packages/toolkit/src/createAction.ts"",""expectedRoute"":""definition"",""expectedOutcome"":""results""}",
redux-toolkit,ocbi-structural,redux-toolkit-def-02,explicit-symbol,Where is configureStore implemented?,success,1,1,1,1,"[""packages/toolkit/src/configureStore.ts""]","{""filePath"":""packages/toolkit/src/configureStore.ts"",""expectedRoute"":""definition"",""expectedOutcome"":""results""}",
redux-toolkit,ocbi-structural,redux-toolkit-def-03,explicit-symbol,Where is createReducer implemented?,success,1,1,1,1,"[""packages/toolkit/src/createReducer.ts""]","{""filePath"":""packages/toolkit/src/createReducer.ts"",""expectedRoute"":""definition"",""expectedOutcome"":""results""}",
redux-toolkit,ocbi-structural,redux-toolkit-def-04,explicit-symbol,Where is unwrapResult implemented?,success,1,1,1,1,"[""packages/toolkit/src/createAsyncThunk.ts""]","{""filePath"":""packages/toolkit/src/createAsyncThunk.ts"",""expectedRoute"":""definition"",""expectedOutcome"":""results""}",
redux-toolkit,ocbi-structural,redux-toolkit-def-05,explicit-symbol,Where is executeReducerBuilderCallback implemented?,success,1,1,1,1,"[""packages/toolkit/src/mapBuilders.ts""]","{""filePath"":""packages/toolkit/src/mapBuilders.ts"",""expectedRoute"":""definition"",""expectedOutcome"":""results""}",
redux-toolkit,ocbi-structural,redux-toolkit-def-06,explicit-symbol,Where is hasExpectedRequestMetadata implemented?,success,1,1,1,1,"[""packages/toolkit/src/matchers.ts""]","{""filePath"":""packages/toolkit/src/matchers.ts"",""expectedRoute"":""definition"",""expectedOutcome"":""results""}",
redux-toolkit,ocbi-structural,redux-toolkit-nl-01,natural-language,"Where are subscriber notifications postponed for low-priority actions while reducers still run immediately, with one queued notification and a normal-priority action making a pending delayed notification unnecessary?",success,1,1,1,1,"[""packages/toolkit/src/autoBatchEnhancer.ts"",""docs/api/autoBatchEnhancer.mdx"",""packages/toolkit/src/tests/autoBatchEnhancer.test.ts"",""_artifacts/domain_map.yaml"",""docs/rtk-query/usage/prefetching.mdx"",""docs/rtk-query/internal/buildMiddleware/invalidationByTags.mdx"",""docs/usage/usage-guide.md"",""packages/toolkit/skills/orchestrate-side-effects/handle-side-effects/SKILL.md"",""packages/toolkit/src/query/tests/buildHooks.test.tsx"",""docs/api/matching-utilities.mdx""]","{""filePath"":""packages/toolkit/src/autoBatchEnhancer.ts"",""expectedRoute"":""search"",""expectedOutcome"":""results""}",
redux-toolkit,ocbi-structural,redux-toolkit-nl-02,natural-language,"Where does a recursive serializability scan skip configured exact or regular-expression property paths, return the first offending value with its dotted location, and cache objects only after their nested contents are frozen?",success,0,0,0,0,"[""docs/usage/immer-reducers.md"",""docs/usage/usage-guide.md"",""docs/rtk-query/usage/customizing-queries.mdx"",""docs/rtk-query/usage/cache-behavior.mdx"",""docs/api/createEntityAdapter.mdx"",""packages/toolkit/src/tests/combineSlices.test.ts"",""docs/rtk-query/usage/manual-cache-updates.mdx"",""packages/rtk-query-codegen-openapi/test/fixtures/operationIdTransformer.yaml"",""examples/publish-ci/react-native/src/features/counter/counterSlice.ts"",""examples/publish-ci/expo/src/features/counter/counterSlice.ts""]","{""filePath"":""packages/toolkit/src/serializableStateInvariantMiddleware.ts"",""expectedRoute"":""search"",""expectedOutcome"":""results""}",
redux-toolkit,ocbi-structural,redux-toolkit-nl-03,natural-language,"Where does state-mutation detection avoid looping on cycles by remembering each tracked-node and current-value pair, compare keys from both old and current objects, and omit configured property paths?",success,1,1,1,1,"[""packages/toolkit/src/immutableStateInvariantMiddleware.ts"",""_artifacts/domain_map.yaml"",""docs/usage/immer-reducers.md"",""examples/publish-ci/node/test-require-esm.cjs"",""docs/api/createReducer.mdx"",""docs/rtk-query/api/createApi.mdx"",""packages/toolkit/src/tests/immutableStateInvariantMiddleware.test.ts"",""packages/rtk-query-codegen-openapi/ChangeLog.md"",""packages/toolkit/src/query/core/module.ts"",""packages/toolkit/src/query/tests/optimisticUpserts.test.tsx""]","{""filePath"":""packages/toolkit/src/immutableStateInvariantMiddleware.ts"",""expectedRoute"":""search"",""expectedOutcome"":""results""}",
redux-toolkit,ocbi-structural,redux-toolkit-nl-04,natural-language,"Where does development middleware warn when an action creator itself is dispatched instead of its result, still forward that input, and become a transparent pass-through in production?",success,0,0,0.125,0.31546487678572877,"[""packages/toolkit/src/entities/tests/utils.spec.ts"",""docs/api/actionCreatorMiddleware.mdx"",""docs/api/getDefaultMiddleware.mdx"",""packages/toolkit/src/createAction.ts"",""docs/api/createAsyncThunk.mdx"",""packages/toolkit/src/tests/actionCreatorInvariantMiddleware.test.ts"",""docs/api/configureStore.mdx"",""packages/toolkit/src/actionCreatorInvariantMiddleware.ts"",""docs/api/createListenerMiddleware.mdx"",""docs/usage/usage-guide.md""]","{""filePath"":""packages/toolkit/src/actionCreatorInvariantMiddleware.ts"",""expectedRoute"":""search"",""expectedOutcome"":""results""}",
redux-toolkit,ocbi-structural,redux-toolkit-nl-05,natural-language,"Where is replacement of an already installed reducer at a state key refused unless explicitly allowed, while an allowed different replacement clears cached initial state before rebuilding the combined reducer?",success,0,1,0.5,0.6309297535714575,"[""packages/toolkit/src/createReducer.ts"",""packages/toolkit/src/combineSlices.ts"",""packages/toolkit/src/mapBuilders.ts"",""packages/rtk-codemods/transforms/createSliceReducerBuilder/index.ts"",""packages/toolkit/src/entities/sorted_state_adapter.ts"",""packages/toolkit/src/entities/unsorted_state_adapter.ts"",""packages/toolkit/src/immutableStateInvariantMiddleware.ts"",""packages/toolkit/src/serializableStateInvariantMiddleware.ts"",""packages/toolkit/src/entities/models.ts"",""packages/toolkit/src/entities/state_adapter.ts""]","{""filePath"":""packages/toolkit/src/combineSlices.ts"",""expectedRoute"":""search"",""expectedOutcome"":""results""}",
redux-toolkit,plain-file-bm25,redux-toolkit-def-01,explicit-symbol,Where is createAction implemented?,success,0,0,0,0,"[""packages/toolkit/src/tests/createAction.test.ts"",""packages/toolkit/src/tests/createAction.test-d.tsx"",""docs/api/createAction.mdx"",""packages/toolkit/src/query/core/setupListeners.ts"",""docs/api/createReducer.mdx"",""packages/toolkit/src/tests/matchers.test.ts"",""packages/toolkit/src/listenerMiddleware/tests/useCases.test.ts"",""packages/toolkit/src/dynamicMiddleware/index.ts"",""packages/toolkit/src/tests/actionCreatorInvariantMiddleware.test.ts"",""packages/toolkit/src/entities/state_adapter.ts""]","{""filePath"":""packages/toolkit/src/createAction.ts"",""expectedRoute"":""definition"",""expectedOutcome"":""results""}",
redux-toolkit,plain-file-bm25,redux-toolkit-def-02,explicit-symbol,Where is configureStore implemented?,success,0,0,0,0,"[""packages/toolkit/src/tests/configureStore.test-d.ts"",""packages/toolkit/src/tests/configureStore.test.ts"",""docs/api/getDefaultEnhancers.mdx"",""docs/api/configureStore.mdx"",""packages/toolkit/src/tests/getDefaultMiddleware.test-d.ts"",""packages/toolkit/src/tests/getDefaultEnhancers.test-d.ts"",""docs/api/getDefaultMiddleware.mdx"",""packages/toolkit/src/dynamicMiddleware/tests/react.test.tsx"",""packages/toolkit/src/query/tests/devWarnings.test.tsx"",""packages/toolkit/skills/build-modern-redux-apps/modern-redux/references/store-lifetime.md""]","{""filePath"":""packages/toolkit/src/configureStore.ts"",""expectedRoute"":""definition"",""expectedOutcome"":""results""}",
redux-toolkit,plain-file-bm25,redux-toolkit-def-03,explicit-symbol,Where is createReducer implemented?,success,0,0,0.125,0.31546487678572877,"[""packages/toolkit/src/tests/createReducer.test-d.ts"",""packages/toolkit/src/tests/createReducer.test.ts"",""docs/api/createReducer.mdx"",""packages/rtk-codemods/transforms/createReducerBuilder/README.md"",""packages/rtk-codemods/transforms/createReducerBuilder/__testfixtures__/basic.input.js"",""packages/rtk-codemods/transforms/createReducerBuilder/__testfixtures__/basic.output.js"",""packages/rtk-codemods/transforms/createReducerBuilder/__testfixtures__/basic-ts.input.ts"",""packages/toolkit/src/createReducer.ts"",""docs/api/codemods.mdx"",""packages/rtk-codemods/transforms/createReducerBuilder/__testfixtures__/basic-ts.output.ts""]","{""filePath"":""packages/toolkit/src/createReducer.ts"",""expectedRoute"":""definition"",""expectedOutcome"":""results""}",
redux-toolkit,plain-file-bm25,redux-toolkit-def-04,explicit-symbol,Where is unwrapResult implemented?,success,0,1,0.2,0.38685280723454163,"[""packages/toolkit/src/tests/createAsyncThunk.test.ts"",""packages/toolkit/src/tests/createAsyncThunk.test-d.ts"",""packages/toolkit/src/index.ts"",""docs/api/createAsyncThunk.mdx"",""packages/toolkit/src/createAsyncThunk.ts"",""packages/toolkit/etc/redux-toolkit.api.md""]","{""filePath"":""packages/toolkit/src/createAsyncThunk.ts"",""expectedRoute"":""definition"",""expectedOutcome"":""results""}",
redux-toolkit,plain-file-bm25,redux-toolkit-def-05,explicit-symbol,Where is executeReducerBuilderCallback implemented?,success,0,1,0.3333333333333333,0.5,"[""packages/toolkit/src/createReducer.ts"",""packages/toolkit/src/tests/mapBuilders.test-d.ts"",""packages/toolkit/src/mapBuilders.ts"",""packages/toolkit/src/createSlice.ts""]","{""filePath"":""packages/toolkit/src/mapBuilders.ts"",""expectedRoute"":""definition"",""expectedOutcome"":""results""}",
redux-toolkit,plain-file-bm25,redux-toolkit-def-06,explicit-symbol,Where is hasExpectedRequestMetadata implemented?,success,1,1,1,1,"[""packages/toolkit/src/matchers.ts""]","{""filePath"":""packages/toolkit/src/matchers.ts"",""expectedRoute"":""definition"",""expectedOutcome"":""results""}",
redux-toolkit,plain-file-bm25,redux-toolkit-nl-01,natural-language,"Where are subscriber notifications postponed for low-priority actions while reducers still run immediately, with one queued notification and a normal-priority action making a pending delayed notification unnecessary?",success,0,1,0.5,0.6309297535714575,"[""docs/api/autoBatchEnhancer.mdx"",""packages/toolkit/src/autoBatchEnhancer.ts"",""packages/toolkit/src/tests/autoBatchEnhancer.test.ts"",""_artifacts/domain_map.yaml"",""docs/rtk-query/usage/prefetching.mdx"",""docs/rtk-query/internal/buildMiddleware/invalidationByTags.mdx"",""_artifacts/skill_spec.md"",""packages/toolkit/skills/orchestrate-side-effects/handle-side-effects/SKILL.md"",""docs/usage/usage-guide.md"",""docs/api/createSlice.mdx""]","{""filePath"":""packages/toolkit/src/autoBatchEnhancer.ts"",""expectedRoute"":""search"",""expectedOutcome"":""results""}",
redux-toolkit,plain-file-bm25,redux-toolkit-nl-02,natural-language,"Where does a recursive serializability scan skip configured exact or regular-expression property paths, return the first offending value with its dotted location, and cache objects only after their nested contents are frozen?",success,0,0,0,0,"[""docs/usage/immer-reducers.md"",""docs/api/combineSlices.mdx"",""docs/rtk-query/usage/infinite-queries.mdx"",""docs/rtk-query/usage/cache-behavior.mdx"",""docs/api/createListenerMiddleware.mdx"",""docs/usage/usage-guide.md"",""docs/api/createEntityAdapter.mdx"",""netlify.toml"",""docs/api/serializabilityMiddleware.mdx"","".github/workflows/tests.yml""]","{""filePath"":""packages/toolkit/src/serializableStateInvariantMiddleware.ts"",""expectedRoute"":""search"",""expectedOutcome"":""results""}",
redux-toolkit,plain-file-bm25,redux-toolkit-nl-03,natural-language,"Where does state-mutation detection avoid looping on cycles by remembering each tracked-node and current-value pair, compare keys from both old and current objects, and omit configured property paths?",success,1,1,1,1,"[""packages/toolkit/src/immutableStateInvariantMiddleware.ts"",""packages/rtk-query-codegen-openapi/ChangeLog.md"",""docs/usage/immer-reducers.md"",""packages/toolkit/src/query/react/buildHooks.ts"",""_artifacts/domain_map.yaml"",""packages/toolkit/src/tests/immutableStateInvariantMiddleware.test.ts"",""docs/api/otherExports.mdx"",""docs/api/createListenerMiddleware.mdx"",""docs/rtk-query/usage/cache-behavior.mdx"",""docs/usage/usage-guide.md""]","{""filePath"":""packages/toolkit/src/immutableStateInvariantMiddleware.ts"",""expectedRoute"":""search"",""expectedOutcome"":""results""}",
redux-toolkit,plain-file-bm25,redux-toolkit-nl-04,natural-language,"Where does development middleware warn when an action creator itself is dispatched instead of its result, still forward that input, and become a transparent pass-through in production?",success,0,0,0.16666666666666666,0.3562071871080222,"[""docs/api/getDefaultMiddleware.mdx"",""docs/usage/usage-guide.md"",""docs/api/configureStore.mdx"",""docs/api/createListenerMiddleware.mdx"",""docs/usage/usage-with-typescript.md"",""packages/toolkit/src/actionCreatorInvariantMiddleware.ts"",""docs/api/createAsyncThunk.mdx"",""packages/toolkit/src/query/core/module.ts"",""_artifacts/domain_map.yaml"",""docs/rtk-query/api/created-api/api-slice-utils.mdx""]","{""filePath"":""packages/toolkit/src/actionCreatorInvariantMiddleware.ts"",""expectedRoute"":""search"",""expectedOutcome"":""results""}",
redux-toolkit,plain-file-bm25,redux-toolkit-nl-05,natural-language,"Where is replacement of an already installed reducer at a state key refused unless explicitly allowed, while an allowed different replacement clears cached initial state before rebuilding the combined reducer?",success,0,1,0.25,0.43067655807339306,"[""docs/api/combineSlices.mdx"",""packages/toolkit/src/tests/combineSlices.test.ts"",""errors.json"",""packages/toolkit/src/combineSlices.ts"",""docs/api/configureStore.mdx"",""examples/publish-ci/react-native/android/gradlew"",""packages/toolkit/src/tests/createSlice.test.ts"",""_artifacts/domain_map.yaml"",""docs/api/createSelector.mdx"",""packages/toolkit/src/createReducer.ts""]","{""filePath"":""packages/toolkit/src/combineSlices.ts"",""expectedRoute"":""search"",""expectedOutcome"":""results""}",
tracing,codebase-memory,tracing-def-01,explicit-symbol,Where is worker_thread implemented?,success,1,1,1,1,"[""tracing-appender/src/worker.rs""]","{""filePath"":""tracing-appender/src/worker.rs"",""expectedRoute"":""definition"",""expectedOutcome"":""results""}",
tracing,codebase-memory,tracing-def-02,explicit-symbol,Where is try_cache implemented?,success,1,1,1,1,"[""tracing-log/src/interest_cache.rs""]","{""filePath"":""tracing-log/src/interest_cache.rs"",""expectedRoute"":""definition"",""expectedOutcome"":""results""}",
tracing,codebase-memory,tracing-def-03,explicit-symbol,Where is memfd_create_syscall implemented?,success,1,1,1,1,"[""tracing-journald/src/memfd.rs""]","{""filePath"":""tracing-journald/src/memfd.rs"",""expectedRoute"":""definition"",""expectedOutcome"":""results""}",
tracing,codebase-memory,tracing-def-04,explicit-symbol,Where is filter_as_usize implemented?,success,1,1,1,1,"[""tracing-core/src/metadata.rs""]","{""filePath"":""tracing-core/src/metadata.rs"",""expectedRoute"":""definition"",""expectedOutcome"":""results""}",
tracing,codebase-memory,tracing-def-05,explicit-symbol,Where is try_bool implemented?,success,0,0,0,0,[],"{""filePath"":""tracing-error/src/backtrace.rs"",""expectedRoute"":""definition"",""expectedOutcome"":""results""}",
tracing,codebase-memory,tracing-def-06,explicit-symbol,Where is rebuild_interest_cache implemented?,success,1,1,1,1,"[""tracing-core/src/callsite.rs""]","{""filePath"":""tracing-core/src/callsite.rs"",""expectedRoute"":""definition"",""expectedOutcome"":""results""}",
tracing,codebase-memory,tracing-nl-01,natural-language,"Where does a log writer either try enqueueing without waiting and count a dropped line on failure while reporting the byte count, or block on enqueueing and return an error if the channel is closed?",unsupported,,,,,[],"{""filePath"":""tracing-appender/src/non_blocking.rs"",""expectedRoute"":""search"",""expectedOutcome"":""results""}",
tracing,codebase-memory,tracing-nl-02,natural-language,"Where does a future wrapper enter its associated tracing span just for each poll of the inner future, rather than keeping that span entered while the future is suspended?",unsupported,,,,,[],"{""filePath"":""tracing/src/instrument.rs"",""expectedRoute"":""search"",""expectedOutcome"":""results""}",
tracing,codebase-memory,tracing-nl-03,natural-language,"Where does log-output filename construction omit the timestamp when rotation is disabled and a prefix or suffix is supplied, but combine the formatted date with the optional prefix and suffix for rotating output?",unsupported,,,,,[],"{""filePath"":""tracing-appender/src/rolling.rs"",""expectedRoute"":""search"",""expectedOutcome"":""results""}",
tracing,codebase-memory,tracing-nl-04,natural-language,"Where is a runtime tracing-layer mutation performed under a write lock, followed by releasing that lock before rebuilding cached interest and then updating the compatible logging maximum level when enabled?",unsupported,,,,,[],"{""filePath"":""tracing-subscriber/src/reload.rs"",""expectedRoute"":""search"",""expectedOutcome"":""results""}",
tracing,codebase-memory,tracing-nl-05,natural-language,"Where does serialization of tracing fields advertise a known map length for events and initial span attributes, but leave the map length unspecified for later span updates?",unsupported,,,,,[],"{""filePath"":""tracing-serde/src/fields.rs"",""expectedRoute"":""search"",""expectedOutcome"":""results""}",
tracing,codegraph,tracing-def-01,explicit-symbol,Where is worker_thread implemented?,success,1,1,1,1,"[""tracing-appender/src/worker.rs"",""tracing-appender/src/non_blocking.rs""]","{""filePath"":""tracing-appender/src/worker.rs"",""expectedRoute"":""definition"",""expectedOutcome"":""results""}",
tracing,codegraph,tracing-def-02,explicit-symbol,Where is try_cache implemented?,success,1,1,1,1,"[""tracing-log/src/interest_cache.rs"",""tracing-log/src/log_tracer.rs""]","{""filePath"":""tracing-log/src/interest_cache.rs"",""expectedRoute"":""definition"",""expectedOutcome"":""results""}",
tracing,codegraph,tracing-def-03,explicit-symbol,Where is memfd_create_syscall implemented?,success,1,1,1,1,"[""tracing-journald/src/memfd.rs""]","{""filePath"":""tracing-journald/src/memfd.rs"",""expectedRoute"":""definition"",""expectedOutcome"":""results""}",
tracing,codegraph,tracing-def-04,explicit-symbol,Where is filter_as_usize implemented?,success,1,1,1,1,"[""tracing-core/src/metadata.rs""]","{""filePath"":""tracing-core/src/metadata.rs"",""expectedRoute"":""definition"",""expectedOutcome"":""results""}",
tracing,codegraph,tracing-def-05,explicit-symbol,Where is try_bool implemented?,success,0,0,0,0,[],"{""filePath"":""tracing-error/src/backtrace.rs"",""expectedRoute"":""definition"",""expectedOutcome"":""results""}",
tracing,codegraph,tracing-def-06,explicit-symbol,Where is rebuild_interest_cache implemented?,success,1,1,1,1,"[""tracing-core/src/callsite.rs"",""tracing-core/src/subscriber.rs""]","{""filePath"":""tracing-core/src/callsite.rs"",""expectedRoute"":""definition"",""expectedOutcome"":""results""}",
tracing,codegraph,tracing-nl-01,natural-language,"Where does a log writer either try enqueueing without waiting and count a dropped line on failure while reporting the byte count, or block on enqueueing and return an error if the channel is closed?",success,0,0,0,0,"[""tracing-subscriber/src/fmt/writer.rs""]","{""filePath"":""tracing-appender/src/non_blocking.rs"",""expectedRoute"":""search"",""expectedOutcome"":""results""}",
tracing,codegraph,tracing-nl-02,natural-language,"Where does a future wrapper enter its associated tracing span just for each poll of the inner future, rather than keeping that span entered while the future is suspended?",success,0,1,0.5,0.6309297535714575,"[""tracing/src/span.rs"",""tracing/src/instrument.rs""]","{""filePath"":""tracing/src/instrument.rs"",""expectedRoute"":""search"",""expectedOutcome"":""results""}",
tracing,codegraph,tracing-nl-03,natural-language,"Where does log-output filename construction omit the timestamp when rotation is disabled and a prefix or suffix is supplied, but combine the formatted date with the optional prefix and suffix for rotating output?",success,0,0,0,0,"[""tracing-log/src/log_tracer.rs"",""tracing-log/src/interest_cache.rs"",""tracing-subscriber/src/filter/layer_filters/mod.rs""]","{""filePath"":""tracing-appender/src/rolling.rs"",""expectedRoute"":""search"",""expectedOutcome"":""results""}",
tracing,codegraph,tracing-nl-04,natural-language,"Where is a runtime tracing-layer mutation performed under a write lock, followed by releasing that lock before rebuilding cached interest and then updating the compatible logging maximum level when enabled?",success,0,0,0,0,"[""tracing/test-log-support/src/lib.rs"",""tracing-core/src/callsite.rs""]","{""filePath"":""tracing-subscriber/src/reload.rs"",""expectedRoute"":""search"",""expectedOutcome"":""results""}",
tracing,codegraph,tracing-nl-05,natural-language,"Where does serialization of tracing fields advertise a known map length for events and initial span attributes, but leave the map length unspecified for later span updates?",success,0,0,0,0,"[""tracing/src/span.rs"",""tracing-log/src/lib.rs"",""tracing-mock/src/span.rs"",""tracing-attributes/tests/fields.rs""]","{""filePath"":""tracing-serde/src/fields.rs"",""expectedRoute"":""search"",""expectedOutcome"":""results""}",
tracing,grepai,tracing-def-01,explicit-symbol,Where is worker_thread implemented?,success,1,1,1,1,"[""tracing-appender/src/worker.rs"",""tracing-futures/src/executor/futures_01.rs"",""tracing-appender/src/non_blocking.rs"",""tracing-subscriber/src/fmt/fmt_layer.rs"",""examples/examples/thread-info.rs"",""tracing-subscriber/src/util.rs"",""tracing/src/span.rs"",""tracing-subscriber/src/fmt/format/json.rs"",""tracing-appender/src/lib.rs"",""tracing-log/benches/logging.rs""]","{""filePath"":""tracing-appender/src/worker.rs"",""expectedRoute"":""definition"",""expectedOutcome"":""results""}",
tracing,grepai,tracing-def-02,explicit-symbol,Where is try_cache implemented?,success,1,1,1,1,"[""tracing-log/src/interest_cache.rs"",""tracing-log/src/log_tracer.rs"",""tracing-core/src/callsite.rs"",""tracing-core/src/spin/once.rs"",""tracing-subscriber/src/layer/mod.rs"",""tracing-mock/src/layer.rs"",""tracing-subscriber/src/macros.rs"",""tracing-subscriber/src/util.rs"",""tracing-subscriber/src/filter/targets.rs"",""tracing/src/span.rs""]","{""filePath"":""tracing-log/src/interest_cache.rs"",""expectedRoute"":""definition"",""expectedOutcome"":""results""}",
tracing,grepai,tracing-def-03,explicit-symbol,Where is memfd_create_syscall implemented?,success,1,1,1,1,"[""tracing-journald/src/memfd.rs"",""tracing-subscriber/src/util.rs"",""tracing-core/src/metadata.rs"",""tracing-subscriber/src/prelude.rs"",""tracing-flame/src/error.rs"",""tracing-subscriber/src/field/mod.rs"",""tracing-subscriber/src/fmt/writer.rs"",""tracing-subscriber/src/field/display.rs"",""tracing-subscriber/src/lib.rs"",""tracing/src/lib.rs""]","{""filePath"":""tracing-journald/src/memfd.rs"",""expectedRoute"":""definition"",""expectedOutcome"":""results""}",
tracing,grepai,tracing-def-04,explicit-symbol,Where is filter_as_usize implemented?,success,1,1,1,1,"[""tracing-core/src/metadata.rs"",""tracing-subscriber/src/layer/context.rs"",""tracing-subscriber/src/filter/layer_filters/mod.rs"",""tracing-subscriber/src/prelude.rs"",""tracing-attributes/src/expand.rs"",""tracing-subscriber/src/filter/env/mod.rs"",""tracing-subscriber/src/layer/mod.rs"",""tracing-subscriber/src/filter/targets.rs"",""tracing-subscriber/src/filter/filter_fn.rs"",""tracing-log/src/log_tracer.rs""]","{""filePath"":""tracing-core/src/metadata.rs"",""expectedRoute"":""definition"",""expectedOutcome"":""results""}",
tracing,grepai,tracing-def-05,explicit-symbol,Where is try_bool implemented?,success,0,0,0,0,"[""tracing-subscriber/src/reload.rs"",""tracing-core/src/spin/once.rs"",""tracing-subscriber/src/util.rs"",""tracing-subscriber/src/filter/env/field.rs"",""tracing-mock/src/expect.rs"",""tracing-log/src/interest_cache.rs"",""tracing-journald/src/memfd.rs"",""tracing-mock/src/layer.rs"",""tracing/benches/empty_span.rs"",""tracing-mock/Cargo.toml""]","{""filePath"":""tracing-error/src/backtrace.rs"",""expectedRoute"":""definition"",""expectedOutcome"":""results""}",
tracing,grepai,tracing-def-06,explicit-symbol,Where is rebuild_interest_cache implemented?,success,0,1,0.5,0.6309297535714575,"[""tracing-log/src/interest_cache.rs"",""tracing-core/src/callsite.rs"",""tracing-log/src/log_tracer.rs"",""tracing-core/src/subscriber.rs"",""tracing-subscriber/src/reload.rs"",""tracing-attributes/src/expand.rs"",""tracing-subscriber/src/layer/mod.rs"",""tracing-core/src/field.rs"",""tracing-subscriber/src/fmt/mod.rs"",""tracing/src/instrument.rs""]","{""filePath"":""tracing-core/src/callsite.rs"",""expectedRoute"":""definition"",""expectedOutcome"":""results""}",
tracing,grepai,tracing-nl-01,natural-language,"Where does a log writer either try enqueueing without waiting and count a dropped line on failure while reporting the byte count, or block on enqueueing and return an error if the channel is closed?",success,1,1,1,1,"[""tracing-appender/src/non_blocking.rs"",""tracing/src/span.rs"",""tracing-core/src/subscriber.rs"",""tracing-core/src/dispatcher.rs"",""tracing-appender/src/lib.rs"",""tracing/test-log-support/src/lib.rs"",""tracing/src/level_filters.rs"",""tracing-subscriber/src/layer/mod.rs"",""tracing-log/src/lib.rs"",""tracing/src/lib.rs""]","{""filePath"":""tracing-appender/src/non_blocking.rs"",""expectedRoute"":""search"",""expectedOutcome"":""results""}",
tracing,grepai,tracing-nl-02,natural-language,"Where does a future wrapper enter its associated tracing span just for each poll of the inner future, rather than keeping that span entered while the future is suspended?",success,0,1,0.25,0.43067655807339306,"[""tracing-futures/src/lib.rs"",""tracing-futures/src/executor/futures_01.rs"",""tracing-subscriber/src/fmt/fmt_layer.rs"",""tracing/src/instrument.rs"",""tracing-tower/src/service_span.rs"",""tracing/src/span.rs"",""tracing-mock/src/subscriber.rs"",""tracing-tower/src/request_span.rs"",""tracing-test/src/lib.rs"",""tracing-subscriber/src/layer/mod.rs""]","{""filePath"":""tracing/src/instrument.rs"",""expectedRoute"":""search"",""expectedOutcome"":""results""}",
tracing,grepai,tracing-nl-03,natural-language,"Where does log-output filename construction omit the timestamp when rotation is disabled and a prefix or suffix is supplied, but combine the formatted date with the optional prefix and suffix for rotating output?",success,1,1,1,1,"[""tracing-appender/src/rolling.rs"",""tracing-appender/src/rolling/builder.rs"",""tracing-subscriber/src/fmt/time/mod.rs"",""tracing-subscriber/src/fmt/time/chrono_crate.rs"",""tracing-subscriber/src/fmt/format/mod.rs"",""tracing-subscriber/src/fmt/fmt_layer.rs"",""tracing-subscriber/src/fmt/time/time_crate.rs"",""tracing-subscriber/src/fmt/mod.rs"",""tracing-subscriber/src/fmt/format/pretty.rs"",""tracing/src/lib.rs""]","{""filePath"":""tracing-appender/src/rolling.rs"",""expectedRoute"":""search"",""expectedOutcome"":""results""}",
tracing,grepai,tracing-nl-04,natural-language,"Where is a runtime tracing-layer mutation performed under a write lock, followed by releasing that lock before rebuilding cached interest and then updating the compatible logging maximum level when enabled?",success,0,1,0.5,0.6309297535714575,"[""tracing-mock/src/layer.rs"",""tracing-subscriber/src/reload.rs"",""tracing-log/src/interest_cache.rs"",""tracing-core/src/callsite.rs"",""tracing-subscriber/src/macros.rs"",""tracing-subscriber/src/layer/mod.rs"",""tracing-core/src/sync.rs"",""tracing-subscriber/src/fmt/writer.rs"",""tracing-log/src/log_tracer.rs"",""tracing-log/src/lib.rs""]","{""filePath"":""tracing-subscriber/src/reload.rs"",""expectedRoute"":""search"",""expectedOutcome"":""results""}",
tracing,grepai,tracing-nl-05,natural-language,"Where does serialization of tracing fields advertise a known map length for events and initial span attributes, but leave the map length unspecified for later span updates?",success,1,1,1,1,"[""tracing-serde/src/fields.rs"",""tracing-attributes/src/lib.rs"",""tracing-subscriber/src/fmt/format/json.rs"",""tracing-core/src/metadata.rs"",""tracing-core/src/subscriber.rs"",""tracing/src/span.rs"",""tracing-core/src/span.rs"",""tracing-subscriber/src/registry/sharded.rs"",""tracing-flame/src/lib.rs"",""tracing-core/src/field.rs""]","{""filePath"":""tracing-serde/src/fields.rs"",""expectedRoute"":""search"",""expectedOutcome"":""results""}",
tracing,literal-unindexed,tracing-def-01,explicit-symbol,Where is worker_thread implemented?,success,0,1,0.5,0.6309297535714575,"[""tracing-appender/src/non_blocking.rs"",""tracing-appender/src/worker.rs""]","{""filePath"":""tracing-appender/src/worker.rs"",""expectedRoute"":""definition"",""expectedOutcome"":""results""}",
tracing,literal-unindexed,tracing-def-02,explicit-symbol,Where is try_cache implemented?,success,1,1,1,1,"[""tracing-log/src/interest_cache.rs"",""tracing-log/src/log_tracer.rs""]","{""filePath"":""tracing-log/src/interest_cache.rs"",""expectedRoute"":""definition"",""expectedOutcome"":""results""}",
tracing,literal-unindexed,tracing-def-03,explicit-symbol,Where is memfd_create_syscall implemented?,success,0,1,0.5,0.6309297535714575,"[""tracing-journald/CHANGELOG.md"",""tracing-journald/src/memfd.rs""]","{""filePath"":""tracing-journald/src/memfd.rs"",""expectedRoute"":""definition"",""expectedOutcome"":""results""}",
tracing,literal-unindexed,tracing-def-04,explicit-symbol,Where is filter_as_usize implemented?,success,1,1,1,1,"[""tracing-core/src/metadata.rs""]","{""filePath"":""tracing-core/src/metadata.rs"",""expectedRoute"":""definition"",""expectedOutcome"":""results""}",
tracing,literal-unindexed,tracing-def-05,explicit-symbol,Where is try_bool implemented?,success,1,1,1,1,"[""tracing-error/src/backtrace.rs""]","{""filePath"":""tracing-error/src/backtrace.rs"",""expectedRoute"":""definition"",""expectedOutcome"":""results""}",
tracing,literal-unindexed,tracing-def-06,explicit-symbol,Where is rebuild_interest_cache implemented?,success,1,1,1,1,"[""tracing-core/src/callsite.rs"",""tracing-core/src/subscriber.rs"",""tracing-log/src/interest_cache.rs"",""tracing-subscriber/src/layer/mod.rs"",""tracing-subscriber/src/reload.rs""]","{""filePath"":""tracing-core/src/callsite.rs"",""expectedRoute"":""definition"",""expectedOutcome"":""results""}",
tracing,literal-unindexed,tracing-nl-01,natural-language,"Where does a log writer either try enqueueing without waiting and count a dropped line on failure while reporting the byte count, or block on enqueueing and return an error if the channel is closed?",success,0,0,0,0,[],"{""filePath"":""tracing-appender/src/non_blocking.rs"",""expectedRoute"":""search"",""expectedOutcome"":""results""}",
tracing,literal-unindexed,tracing-nl-02,natural-language,"Where does a future wrapper enter its associated tracing span just for each poll of the inner future, rather than keeping that span entered while the future is suspended?",success,0,0,0,0,[],"{""filePath"":""tracing/src/instrument.rs"",""expectedRoute"":""search"",""expectedOutcome"":""results""}",
tracing,literal-unindexed,tracing-nl-03,natural-language,"Where does log-output filename construction omit the timestamp when rotation is disabled and a prefix or suffix is supplied, but combine the formatted date with the optional prefix and suffix for rotating output?",success,0,0,0,0,[],"{""filePath"":""tracing-appender/src/rolling.rs"",""expectedRoute"":""search"",""expectedOutcome"":""results""}",
tracing,literal-unindexed,tracing-nl-04,natural-language,"Where is a runtime tracing-layer mutation performed under a write lock, followed by releasing that lock before rebuilding cached interest and then updating the compatible logging maximum level when enabled?",success,0,0,0,0,[],"{""filePath"":""tracing-subscriber/src/reload.rs"",""expectedRoute"":""search"",""expectedOutcome"":""results""}",
tracing,literal-unindexed,tracing-nl-05,natural-language,"Where does serialization of tracing fields advertise a known map length for events and initial span attributes, but leave the map length unspecified for later span updates?",success,0,0,0,0,[],"{""filePath"":""tracing-serde/src/fields.rs"",""expectedRoute"":""search"",""expectedOutcome"":""results""}",
tracing,ocbi-hybrid,tracing-def-01,explicit-symbol,Where is worker_thread implemented?,success,1,1,1,1,"[""tracing-appender/src/worker.rs""]","{""filePath"":""tracing-appender/src/worker.rs"",""expectedRoute"":""definition"",""expectedOutcome"":""results""}",
tracing,ocbi-hybrid,tracing-def-02,explicit-symbol,Where is try_cache implemented?,success,1,1,1,1,"[""tracing-log/src/interest_cache.rs""]","{""filePath"":""tracing-log/src/interest_cache.rs"",""expectedRoute"":""definition"",""expectedOutcome"":""results""}",
tracing,ocbi-hybrid,tracing-def-03,explicit-symbol,Where is memfd_create_syscall implemented?,success,1,1,1,1,"[""tracing-journald/src/memfd.rs""]","{""filePath"":""tracing-journald/src/memfd.rs"",""expectedRoute"":""definition"",""expectedOutcome"":""results""}",
tracing,ocbi-hybrid,tracing-def-04,explicit-symbol,Where is filter_as_usize implemented?,success,1,1,1,1,"[""tracing-core/src/metadata.rs""]","{""filePath"":""tracing-core/src/metadata.rs"",""expectedRoute"":""definition"",""expectedOutcome"":""results""}",
tracing,ocbi-hybrid,tracing-def-05,explicit-symbol,Where is try_bool implemented?,success,0,0,0,0,[],"{""filePath"":""tracing-error/src/backtrace.rs"",""expectedRoute"":""definition"",""expectedOutcome"":""results""}",
tracing,ocbi-hybrid,tracing-def-06,explicit-symbol,Where is rebuild_interest_cache implemented?,success,1,1,1,1,"[""tracing-core/src/callsite.rs""]","{""filePath"":""tracing-core/src/callsite.rs"",""expectedRoute"":""definition"",""expectedOutcome"":""results""}",
tracing,ocbi-hybrid,tracing-nl-01,natural-language,"Where does a log writer either try enqueueing without waiting and count a dropped line on failure while reporting the byte count, or block on enqueueing and return an error if the channel is closed?",success,1,1,1,1,"[""tracing-appender/src/non_blocking.rs"",""tracing-core/src/dispatcher.rs"",""examples/examples/env-filter-explorer.rs"",""tracing-subscriber/src/registry/sharded.rs"",""tracing-core/src/subscriber.rs"",""tracing-subscriber/src/filter/env/mod.rs"",""tracing-subscriber/src/layer/mod.rs"",""tracing-log/benches/logging.rs"",""tracing/src/span.rs"",""tracing/README.md""]","{""filePath"":""tracing-appender/src/non_blocking.rs"",""expectedRoute"":""search"",""expectedOutcome"":""results""}",
tracing,ocbi-hybrid,tracing-nl-02,natural-language,"Where does a future wrapper enter its associated tracing span just for each poll of the inner future, rather than keeping that span entered while the future is suspended?",success,1,1,1,1,"[""tracing/src/instrument.rs"",""tracing-futures/src/lib.rs"",""tracing/src/span.rs"",""tracing-tower/src/service_span.rs"",""tracing-futures/tests/std_future.rs"",""tracing-tower/src/request_span.rs"",""tracing/README.md"",""README.md"",""tracing-futures/src/executor/futures_01.rs"",""tracing-futures/CHANGELOG.md""]","{""filePath"":""tracing/src/instrument.rs"",""expectedRoute"":""search"",""expectedOutcome"":""results""}",
tracing,ocbi-hybrid,tracing-nl-03,natural-language,"Where does log-output filename construction omit the timestamp when rotation is disabled and a prefix or suffix is supplied, but combine the formatted date with the optional prefix and suffix for rotating output?",success,0,1,0.3333333333333333,0.5,"[""tracing-appender/src/rolling/builder.rs"",""tracing-log/src/lib.rs"",""tracing-appender/src/rolling.rs"",""tracing-subscriber/src/fmt/time/time_crate.rs"",""tracing-subscriber/CHANGELOG.md"",""tracing-subscriber/src/fmt/format/mod.rs"",""tracing-appender/CHANGELOG.md"",""tracing/CHANGELOG.md"",""tracing-subscriber/src/fmt/format/json.rs"",""tracing-attributes/CHANGELOG.md""]","{""filePath"":""tracing-appender/src/rolling.rs"",""expectedRoute"":""search"",""expectedOutcome"":""results""}",
tracing,ocbi-hybrid,tracing-nl-04,natural-language,"Where is a runtime tracing-layer mutation performed under a write lock, followed by releasing that lock before rebuilding cached interest and then updating the compatible logging maximum level when enabled?",success,0,1,0.5,0.6309297535714575,"[""tracing-journald/src/lib.rs"",""tracing-subscriber/src/reload.rs"",""tracing-log/src/interest_cache.rs"",""tracing-core/src/callsite.rs"",""tracing-subscriber/src/fmt/writer.rs"",""tracing-core/src/subscriber.rs"",""tracing-subscriber/src/layer/mod.rs"",""tracing-subscriber/src/macros.rs"",""tracing-subscriber/src/registry/mod.rs"",""tracing-core/src/spin/mutex.rs""]","{""filePath"":""tracing-subscriber/src/reload.rs"",""expectedRoute"":""search"",""expectedOutcome"":""results""}",
tracing,ocbi-hybrid,tracing-nl-05,natural-language,"Where does serialization of tracing fields advertise a known map length for events and initial span attributes, but leave the map length unspecified for later span updates?",success,1,1,1,1,"[""tracing-serde/src/fields.rs"",""examples/examples/tower-load.rs"",""tracing-subscriber/src/registry/extensions.rs"",""tracing-core/src/metadata.rs"",""tracing-error/src/backtrace.rs"",""tracing-journald/src/lib.rs"",""tracing-subscriber/src/fmt/mod.rs"",""tracing-attributes/README.md"",""tracing-core/src/subscriber.rs"",""tracing/CHANGELOG.md""]","{""filePath"":""tracing-serde/src/fields.rs"",""expectedRoute"":""search"",""expectedOutcome"":""results""}",
tracing,ocbi-structural,tracing-def-01,explicit-symbol,Where is worker_thread implemented?,success,1,1,1,1,"[""tracing-appender/src/worker.rs""]","{""filePath"":""tracing-appender/src/worker.rs"",""expectedRoute"":""definition"",""expectedOutcome"":""results""}",
tracing,ocbi-structural,tracing-def-02,explicit-symbol,Where is try_cache implemented?,success,1,1,1,1,"[""tracing-log/src/interest_cache.rs""]","{""filePath"":""tracing-log/src/interest_cache.rs"",""expectedRoute"":""definition"",""expectedOutcome"":""results""}",
tracing,ocbi-structural,tracing-def-03,explicit-symbol,Where is memfd_create_syscall implemented?,success,1,1,1,1,"[""tracing-journald/src/memfd.rs""]","{""filePath"":""tracing-journald/src/memfd.rs"",""expectedRoute"":""definition"",""expectedOutcome"":""results""}",
tracing,ocbi-structural,tracing-def-04,explicit-symbol,Where is filter_as_usize implemented?,success,1,1,1,1,"[""tracing-core/src/metadata.rs""]","{""filePath"":""tracing-core/src/metadata.rs"",""expectedRoute"":""definition"",""expectedOutcome"":""results""}",
tracing,ocbi-structural,tracing-def-05,explicit-symbol,Where is try_bool implemented?,success,0,0,0,0,[],"{""filePath"":""tracing-error/src/backtrace.rs"",""expectedRoute"":""definition"",""expectedOutcome"":""results""}",
tracing,ocbi-structural,tracing-def-06,explicit-symbol,Where is rebuild_interest_cache implemented?,success,1,1,1,1,"[""tracing-core/src/callsite.rs""]","{""filePath"":""tracing-core/src/callsite.rs"",""expectedRoute"":""definition"",""expectedOutcome"":""results""}",
tracing,ocbi-structural,tracing-nl-01,natural-language,"Where does a log writer either try enqueueing without waiting and count a dropped line on failure while reporting the byte count, or block on enqueueing and return an error if the channel is closed?",success,1,1,1,1,"[""tracing-appender/src/non_blocking.rs"",""tracing-subscriber/src/registry/sharded.rs"",""tracing-core/src/subscriber.rs"",""tracing-subscriber/src/layer/mod.rs"",""tracing-log/benches/logging.rs"",""tracing-subscriber/src/fmt/format/mod.rs"",""tracing-subscriber/src/fmt/writer.rs"",""tracing-log/src/interest_cache.rs"",""tracing-subscriber/src/fmt/mod.rs"",""tracing-core/src/dispatcher.rs""]","{""filePath"":""tracing-appender/src/non_blocking.rs"",""expectedRoute"":""search"",""expectedOutcome"":""results""}",
tracing,ocbi-structural,tracing-nl-02,natural-language,"Where does a future wrapper enter its associated tracing span just for each poll of the inner future, rather than keeping that span entered while the future is suspended?",success,0,1,0.2,0.38685280723454163,"[""tracing-futures/src/lib.rs"",""tracing-tower/src/service_span.rs"",""tracing/src/span.rs"",""tracing-tower/src/request_span.rs"",""tracing/src/instrument.rs"",""README.md"",""tracing/README.md"",""tracing-futures/src/executor/futures_01.rs"",""tracing-attributes/tests/async_fn.rs"",""tracing-attributes/src/expand.rs""]","{""filePath"":""tracing/src/instrument.rs"",""expectedRoute"":""search"",""expectedOutcome"":""results""}",
tracing,ocbi-structural,tracing-nl-03,natural-language,"Where does log-output filename construction omit the timestamp when rotation is disabled and a prefix or suffix is supplied, but combine the formatted date with the optional prefix and suffix for rotating output?",success,0,1,0.5,0.6309297535714575,"[""tracing-appender/src/rolling/builder.rs"",""tracing-appender/src/rolling.rs"",""tracing/src/lib.rs"",""tracing-appender/README.md"",""tracing-subscriber/src/lib.rs"",""tracing-subscriber/src/fmt/format/mod.rs"",""tracing-subscriber/src/fmt/mod.rs""]","{""filePath"":""tracing-appender/src/rolling.rs"",""expectedRoute"":""search"",""expectedOutcome"":""results""}",
tracing,ocbi-structural,tracing-nl-04,natural-language,"Where is a runtime tracing-layer mutation performed under a write lock, followed by releasing that lock before rebuilding cached interest and then updating the compatible logging maximum level when enabled?",success,0,1,0.5,0.6309297535714575,"[""tracing-subscriber/src/layer/mod.rs"",""tracing-subscriber/src/reload.rs"",""tracing-subscriber/src/layer/layered.rs"",""tracing-mock/src/layer.rs"",""tracing-attributes/src/expand.rs"",""tracing-subscriber/src/layer/tests.rs""]","{""filePath"":""tracing-subscriber/src/reload.rs"",""expectedRoute"":""search"",""expectedOutcome"":""results""}",
tracing,ocbi-structural,tracing-nl-05,natural-language,"Where does serialization of tracing fields advertise a known map length for events and initial span attributes, but leave the map length unspecified for later span updates?",success,0,0,0,0,"[""examples/examples/tower-load.rs"",""tracing-subscriber/src/registry/extensions.rs"",""tracing-journald/src/lib.rs"",""tracing-subscriber/src/fmt/mod.rs"",""tracing/CHANGELOG.md"",""tracing-core/src/subscriber.rs"",""tracing-mock/src/layer.rs"",""tracing-subscriber/src/fmt/fmt_layer.rs"",""tracing-core/src/field.rs"",""examples/examples/sloggish/main.rs""]","{""filePath"":""tracing-serde/src/fields.rs"",""expectedRoute"":""search"",""expectedOutcome"":""results""}",
tracing,plain-file-bm25,tracing-def-01,explicit-symbol,Where is worker_thread implemented?,success,1,1,1,1,"[""tracing-appender/src/worker.rs"",""tracing-appender/src/non_blocking.rs"",""tracing-appender/src/lib.rs"",""tracing-appender/CHANGELOG.md"",""examples/examples/thread-info.rs"",""tracing/tests/missed_register_callsite.rs"",""tracing-subscriber/benches/fmt.rs"",""tracing-core/tests/missed_register_callsite.rs"",""tracing-log/benches/logging.rs"",""tracing-subscriber/benches/filter.rs""]","{""filePath"":""tracing-appender/src/worker.rs"",""expectedRoute"":""definition"",""expectedOutcome"":""results""}",
tracing,plain-file-bm25,tracing-def-02,explicit-symbol,Where is try_cache implemented?,success,1,1,1,1,"[""tracing-log/src/interest_cache.rs"",""tracing-log/src/log_tracer.rs"",""tracing-subscriber/src/reload.rs"",""tracing-core/src/subscriber.rs"",""tracing-core/src/callsite.rs"",""tracing-log/src/lib.rs"",""tracing-subscriber/tests/option_filter_interest_caching.rs"",""tracing-log/benches/logging.rs"",""tracing-log/Cargo.toml"",""tracing-core/tests/local_dispatch_before_init.rs""]","{""filePath"":""tracing-log/src/interest_cache.rs"",""expectedRoute"":""definition"",""expectedOutcome"":""results""}",
tracing,plain-file-bm25,tracing-def-03,explicit-symbol,Where is memfd_create_syscall implemented?,success,1,1,1,1,"[""tracing-journald/src/memfd.rs"",""tracing-journald/CHANGELOG.md"",""tracing-journald/src/lib.rs"","".github/workflows/release.yml"",""examples/examples/inferno-flame.rs"",""tracing-appender/src/rolling.rs"",""examples/examples/fmt-custom-field.rs"",""examples/examples/echo.rs"",""tracing-mock/src/span.rs"",""examples/examples/fmt-custom-event.rs""]","{""filePath"":""tracing-journald/src/memfd.rs"",""expectedRoute"":""definition"",""expectedOutcome"":""results""}",
tracing,plain-file-bm25,tracing-def-04,explicit-symbol,Where is filter_as_usize implemented?,success,1,1,1,1,"[""tracing-core/src/metadata.rs"",""examples/examples/env-filter-explorer.rs"",""tracing-log/benches/logging.rs"",""tracing-attributes/tests/err.rs"",""tracing-subscriber/src/filter/targets.rs"",""tracing-subscriber/src/fmt/writer.rs"",""examples/examples/tower-load.rs"",""tracing-subscriber/src/registry/sharded.rs"",""tracing-attributes/tests/async_fn.rs"",""examples/examples/async-fn.rs""]","{""filePath"":""tracing-core/src/metadata.rs"",""expectedRoute"":""definition"",""expectedOutcome"":""results""}",
tracing,plain-file-bm25,tracing-def-05,explicit-symbol,Where is try_bool implemented?,success,0,1,0.3333333333333333,0.5,"[""tracing-subscriber/src/reload.rs"",""tracing-core/src/subscriber.rs"",""tracing-error/src/backtrace.rs"",""tracing-subscriber/src/fmt/mod.rs"",""tracing-subscriber/src/filter/env/mod.rs"",""tracing-core/src/dispatcher.rs"",""tracing-log/src/interest_cache.rs"",""tracing-subscriber/tests/registry_span_instrument_drop.rs"",""tracing-subscriber/src/registry/sharded.rs"",""tracing-subscriber/src/layer/layered.rs""]","{""filePath"":""tracing-error/src/backtrace.rs"",""expectedRoute"":""definition"",""expectedOutcome"":""results""}",
tracing,plain-file-bm25,tracing-def-06,explicit-symbol,Where is rebuild_interest_cache implemented?,success,1,1,1,1,"[""tracing-core/src/callsite.rs"",""tracing-core/src/subscriber.rs"",""tracing-log/src/interest_cache.rs"",""tracing-subscriber/src/reload.rs"",""tracing-log/src/log_tracer.rs"",""tracing-subscriber/src/layer/mod.rs"",""tracing-log/src/lib.rs"",""tracing-subscriber/tests/option_filter_interest_caching.rs"",""tracing-log/benches/logging.rs"",""tracing-log/Cargo.toml""]","{""filePath"":""tracing-core/src/callsite.rs"",""expectedRoute"":""definition"",""expectedOutcome"":""results""}",
tracing,plain-file-bm25,tracing-nl-01,natural-language,"Where does a log writer either try enqueueing without waiting and count a dropped line on failure while reporting the byte count, or block on enqueueing and return an error if the channel is closed?",success,1,1,1,1,"[""tracing-appender/src/non_blocking.rs"",""tracing-subscriber/src/fmt/fmt_layer.rs"",""tracing-subscriber/src/registry/sharded.rs"",""tracing-core/src/dispatcher.rs"",""tracing/src/span.rs"",""tracing/src/lib.rs"",""tracing-core/src/subscriber.rs"",""tracing-subscriber/src/layer/mod.rs"",""tracing-subscriber/src/fmt/writer.rs"",""tracing-subscriber/src/fmt/mod.rs""]","{""filePath"":""tracing-appender/src/non_blocking.rs"",""expectedRoute"":""search"",""expectedOutcome"":""results""}",
tracing,plain-file-bm25,tracing-nl-02,natural-language,"Where does a future wrapper enter its associated tracing span just for each poll of the inner future, rather than keeping that span entered while the future is suspended?",success,1,1,1,1,"[""tracing/src/instrument.rs"",""tracing-futures/src/lib.rs"",""tracing/src/span.rs"",""tracing-tower/src/service_span.rs"",""tracing-error/src/backtrace.rs"",""tracing-tower/src/request_span.rs"",""tracing-subscriber/src/registry/sharded.rs"",""tracing-core/src/subscriber.rs"",""tracing-core/src/callsite.rs"",""tracing-attributes/tests/async_fn.rs""]","{""filePath"":""tracing/src/instrument.rs"",""expectedRoute"":""search"",""expectedOutcome"":""results""}",
tracing,plain-file-bm25,tracing-nl-03,natural-language,"Where does log-output filename construction omit the timestamp when rotation is disabled and a prefix or suffix is supplied, but combine the formatted date with the optional prefix and suffix for rotating output?",success,0,1,0.5,0.6309297535714575,"[""tracing-appender/src/rolling/builder.rs"",""tracing-appender/src/rolling.rs"",""tracing-subscriber/src/fmt/format/mod.rs"",""tracing-appender/src/lib.rs"",""tracing-appender/README.md"",""tracing-appender/CHANGELOG.md"",""tracing/src/lib.rs"",""tracing-subscriber/src/fmt/format/pretty.rs"",""tracing-subscriber/src/fmt/format/json.rs"",""tracing-subscriber/src/fmt/mod.rs""]","{""filePath"":""tracing-appender/src/rolling.rs"",""expectedRoute"":""search"",""expectedOutcome"":""results""}",
tracing,plain-file-bm25,tracing-nl-04,natural-language,"Where is a runtime tracing-layer mutation performed under a write lock, followed by releasing that lock before rebuilding cached interest and then updating the compatible logging maximum level when enabled?",success,0,1,0.5,0.6309297535714575,"[""tracing-core/src/callsite.rs"",""tracing-subscriber/src/reload.rs"",""tracing-log/src/interest_cache.rs"",""tracing-subscriber/src/fmt/mod.rs"",""tracing-subscriber/src/layer/mod.rs"",""tracing-subscriber/src/filter/env/mod.rs"",""tracing-mock/src/subscriber.rs"",""tracing-subscriber/src/fmt/writer.rs"",""tracing-subscriber/src/registry/sharded.rs"",""tracing-mock/src/layer.rs""]","{""filePath"":""tracing-subscriber/src/reload.rs"",""expectedRoute"":""search"",""expectedOutcome"":""results""}",
tracing,plain-file-bm25,tracing-nl-05,natural-language,"Where does serialization of tracing fields advertise a known map length for events and initial span attributes, but leave the map length unspecified for later span updates?",success,0,0,0,0,"[""tracing-journald/src/lib.rs"",""examples/examples/tower-load.rs"",""tracing/CHANGELOG.md"",""tracing/src/span.rs"",""tracing-subscriber/src/fmt/mod.rs"",""tracing-subscriber/src/layer/mod.rs"",""tracing-subscriber/src/registry/sharded.rs"",""tracing-core/src/span.rs"",""tracing-subscriber/src/fmt/fmt_layer.rs"",""tracing-core/src/field.rs""]","{""filePath"":""tracing-serde/src/fields.rs"",""expectedRoute"":""search"",""expectedOutcome"":""results""}",
