"repository","query_id","track","condition","question","gold_paths","status","hit_at_1","hit_at_5","mrr_at_10","ndcg_at_10","first_relevant_file_rank","returned_paths","error"
"pino","pino-def-01","explicit-symbol","ocbi-hybrid","Where is getCallers implemented?","lib/caller.js","success","0","0","0","0","","",""
"pino","pino-def-02","explicit-symbol","ocbi-hybrid","Where is genLog implemented?","lib/tools.js","success","1","1","1","1","1","lib/tools.js",""
"pino","pino-def-03","explicit-symbol","ocbi-hybrid","Where is multistream implemented?","lib/multistream.js","success","1","1","1","1","1","lib/multistream.js",""
"pino","pino-def-04","explicit-symbol","ocbi-hybrid","Where is redaction implemented?","lib/redaction.js","success","1","1","1","1","1","lib/redaction.js",""
"pino","pino-def-05","explicit-symbol","ocbi-hybrid","Where is genLevelComparison implemented?","lib/levels.js","success","1","1","1","1","1","lib/levels.js",""
"pino","pino-def-06","explicit-symbol","ocbi-hybrid","Where is transport implemented?","lib/transport.js","success","1","1","1","1","1","lib/transport.js",""
"pino","pino-nl-01","natural-language","ocbi-hybrid","Where does client-side logging prepare an outgoing event by removing binding objects from the message list by reference identity, sending it, and then replacing the event with an empty one?","browser.js","success","1","1","1","1","1","browser.js;pino.d.ts;docs/browser.md;test/broken-pipe.test.js;docs/api.md;docs/web.md;test/diagnostics.test.js;docs/child-loggers.md;docs/transports.md;docs/diagnostics.md",""
"pino","pino-nl-02","natural-language","ocbi-hybrid","Where are user-supplied log fields given precedence over fields returned by an enrichment callback, before the merged record is serialized and written?","lib/proto.js","success","1","1","1","1","1","lib/proto.js;docs/child-loggers.md;docs/api.md;pino.d.ts;docs/asynchronous.md;SECURITY.md;docs/browser.md;lib/redaction.js;docs/help.md;docs/transports.md",""
"pino","pino-nl-03","natural-language","ocbi-hybrid","Where is the worker-side output setup optimized to return a lone destination or pipeline directly only when no per-destination severity threshold was specified?","lib/worker.js","success","0","1","0.5","0.6309297535714575","2","lib/transport.js;lib/worker.js;pino.d.ts;lib/tools.js;file.js;examples/basic.js;lib/levels.js;pino.js;lib/proto.js;lib/transport-stream.js",""
"pino","pino-nl-04","natural-language","ocbi-hybrid","Where is a logging output module loaded with dynamic import or require fallbacks, with up to two nested default exports unwrapped and a non-callable export rejected?","lib/transport-stream.js","success","1","1","1","1","1","lib/transport-stream.js;pino.js;pino.d.ts;lib/proto.js;lib/constants.js;browser.js;lib/tools.js;lib/deprecations.js;lib/time.js;lib/meta.js",""
"pino","pino-nl-05","natural-language","ocbi-hybrid","Where is an ISO-style UTC log timestamp with nine fractional digits formed by anchoring wall-clock time once and then adding elapsed monotonic nanoseconds?","lib/time.js","success","0","0","0.14285714285714285","0.3333333333333333","7","browser.js;pino.d.ts;benchmarks/utils/wrap-log-level.js;lib/tools.js;benchmarks/utils/generate-benchmark-doc.js;pino.js;lib/time.js;lib/symbols.js;benchmarks/multi-arg.bench.js;benchmarks/long-string.bench.js",""
"pino","pino-def-01","explicit-symbol","ocbi-structural","Where is getCallers implemented?","lib/caller.js","success","0","0","0","0","","",""
"pino","pino-def-02","explicit-symbol","ocbi-structural","Where is genLog implemented?","lib/tools.js","success","1","1","1","1","1","lib/tools.js",""
"pino","pino-def-03","explicit-symbol","ocbi-structural","Where is multistream implemented?","lib/multistream.js","success","1","1","1","1","1","lib/multistream.js",""
"pino","pino-def-04","explicit-symbol","ocbi-structural","Where is redaction implemented?","lib/redaction.js","success","1","1","1","1","1","lib/redaction.js",""
"pino","pino-def-05","explicit-symbol","ocbi-structural","Where is genLevelComparison implemented?","lib/levels.js","success","1","1","1","1","1","lib/levels.js",""
"pino","pino-def-06","explicit-symbol","ocbi-structural","Where is transport implemented?","lib/transport.js","success","1","1","1","1","1","lib/transport.js",""
"pino","pino-nl-01","natural-language","ocbi-structural","Where does client-side logging prepare an outgoing event by removing binding objects from the message list by reference identity, sending it, and then replacing the event with an empty one?","browser.js","success","0","0","0","0","","pino.d.ts;docs/browser.md;docs/web.md;test/broken-pipe.test.js;docs/api.md;docs/child-loggers.md;test/diagnostics.test.js;docs/transports.md;docs/help.md;docs/asynchronous.md",""
"pino","pino-nl-02","natural-language","ocbi-structural","Where are user-supplied log fields given precedence over fields returned by an enrichment callback, before the merged record is serialized and written?","lib/proto.js","success","1","1","1","1","1","lib/proto.js;docs/api.md;docs/child-loggers.md;SECURITY.md;docs/help.md;lib/redaction.js;docs/transports.md;docs/asynchronous.md;docs/browser.md;docs/diagnostics.md",""
"pino","pino-nl-03","natural-language","ocbi-structural","Where is the worker-side output setup optimized to return a lone destination or pipeline directly only when no per-destination severity threshold was specified?","lib/worker.js","success","0","1","0.3333333333333333","0.5","3","lib/tools.js;lib/transport.js;lib/worker.js;pino.d.ts;lib/levels.js;examples/basic.js;file.js;pino.js;lib/proto.js;lib/redaction.js",""
"pino","pino-nl-04","natural-language","ocbi-structural","Where is a logging output module loaded with dynamic import or require fallbacks, with up to two nested default exports unwrapped and a non-callable export rejected?","lib/transport-stream.js","success","1","1","1","1","1","lib/transport-stream.js;pino.js;lib/proto.js;browser.js;lib/constants.js;pino.d.ts;lib/deprecations.js;lib/meta.js;lib/redaction.js;lib/time.js",""
"pino","pino-nl-05","natural-language","ocbi-structural","Where is an ISO-style UTC log timestamp with nine fractional digits formed by anchoring wall-clock time once and then adding elapsed monotonic nanoseconds?","lib/time.js","success","0","0","0","0","","benchmarks/utils/wrap-log-level.js;pino.d.ts;pino.js;lib/tools.js;lib/redaction.js;benchmarks/utils/generate-benchmark-doc.js;browser.js;lib/transport-stream.js;lib/proto.js;benchmarks/utils/runbench.js",""
"pino","pino-def-01","explicit-symbol","codegraph","Where is getCallers implemented?","lib/caller.js","success","1","1","1","1","1","lib/caller.js;lib/transport.js;test/fixtures/caller-loop.js",""
"pino","pino-def-02","explicit-symbol","codegraph","Where is genLog implemented?","lib/tools.js","success","1","1","1","1","1","lib/tools.js;lib/levels.js",""
"pino","pino-def-03","explicit-symbol","codegraph","Where is multistream implemented?","lib/multistream.js","success","1","1","1","1","1","lib/multistream.js;test/multistream.test.js;pino.d.ts;benchmarks/multistream.js;test/types/pino.ts;test/types/pino-multistream.tst.ts;test/types/pino-top-export.tst.ts",""
"pino","pino-def-04","explicit-symbol","codegraph","Where is redaction implemented?","lib/redaction.js","success","1","1","1","1","1","lib/redaction.js;lib/proto.js;pino.js;test/browser-redaction.test.js",""
"pino","pino-def-05","explicit-symbol","codegraph","Where is genLevelComparison implemented?","lib/levels.js","success","1","1","1","1","1","lib/levels.js",""
"pino","pino-def-06","explicit-symbol","codegraph","Where is transport implemented?","lib/transport.js","success","1","1","1","1","1","lib/transport.js;lib/tools.js;pino.d.ts;test/fixtures/transport-exit-immediately.js;test/fixtures/transport-exit-on-ready.js;test/fixtures/ts/transport-exit-immediately.ts;test/fixtures/ts/transport-exit-on-ready.ts;test/fixtures/transport-main.js;test/fixtures/ts/transport-main.ts;test/fixtures/transport-string-stdout.js",""
"pino","pino-nl-01","natural-language","codegraph","Where does client-side logging prepare an outgoing event by removing binding objects from the message list by reference identity, sending it, and then replacing the event with an empty one?","browser.js","success","0","0","0","0","","lib/multistream.js;pino.d.ts;test/types/pino.tst.ts",""
"pino","pino-nl-02","natural-language","codegraph","Where are user-supplied log fields given precedence over fields returned by an enrichment callback, before the merged record is serialized and written?","lib/proto.js","success","0","0","0","0","","browser.js;lib/tools.js;lib/levels.js",""
"pino","pino-nl-03","natural-language","codegraph","Where is the worker-side output setup optimized to return a lone destination or pipeline directly only when no per-destination severity threshold was specified?","lib/worker.js","success","1","1","1","1","1","lib/worker.js;pino.js;lib/transport.js;lib/tools.js;test/fixtures/transport-preload.mjs;test/types/pino.tst.ts;test/types/pino-transport.tst.ts;test/types/pino.ts;test/types/pino-type-only.tst.ts",""
"pino","pino-nl-04","natural-language","codegraph","Where is a logging output module loaded with dynamic import or require fallbacks, with up to two nested default exports unwrapped and a non-callable export rejected?","lib/transport-stream.js","success","0","0","0","0","","pino.d.ts;test/types/pino.tst.ts;test/types/pino-type-only.tst.ts",""
"pino","pino-nl-05","natural-language","codegraph","Where is an ISO-style UTC log timestamp with nine fractional digits formed by anchoring wall-clock time once and then adding elapsed monotonic nanoseconds?","lib/time.js","success","0","0","0","0","","lib/multistream.js;pino.d.ts;pino.js",""
"pino","pino-def-01","explicit-symbol","codebase-memory","Where is getCallers implemented?","lib/caller.js","success","1","1","1","1","1","lib/caller.js",""
"pino","pino-def-02","explicit-symbol","codebase-memory","Where is genLog implemented?","lib/tools.js","success","0","1","0.5","0.6309297535714575","2","lib/levels.js;lib/tools.js",""
"pino","pino-def-03","explicit-symbol","codebase-memory","Where is multistream implemented?","lib/multistream.js","success","1","1","1","1","1","lib/multistream.js;test/multistream.test.js;test/types/pino-import.tst.js;pino.d.ts",""
"pino","pino-def-04","explicit-symbol","codebase-memory","Where is redaction implemented?","lib/redaction.js","success","0","1","0.5","0.6309297535714575","2","docs/redaction.md;lib/redaction.js",""
"pino","pino-def-05","explicit-symbol","codebase-memory","Where is genLevelComparison implemented?","lib/levels.js","success","0","1","0.5","0.6309297535714575","2","pino.js;lib/levels.js",""
"pino","pino-def-06","explicit-symbol","codebase-memory","Where is transport implemented?","lib/transport.js","success","0","0","0.16666666666666666","0.3562071871080222","6","test/fixtures/transport-exit-immediately-with-async-dest.js;test/fixtures/transport-main.js;test/fixtures/ts/transport-string-stdout.ts;test/fixtures/transport-invalid-node-options.js;test/fixtures/transport-exit-on-ready.js;lib/transport.js;test/fixtures/transport-string-stdout.js;test/types/pino-import.tst.js;test/fixtures/ts/transport-exit-on-ready.ts;test/types/pino-transport.tst.ts",""
"pino","pino-nl-01","natural-language","codebase-memory","Where does client-side logging prepare an outgoing event by removing binding objects from the message list by reference identity, sending it, and then replacing the event with an empty one?","browser.js","unsupported","","","","","","",""
"pino","pino-nl-02","natural-language","codebase-memory","Where are user-supplied log fields given precedence over fields returned by an enrichment callback, before the merged record is serialized and written?","lib/proto.js","unsupported","","","","","","",""
"pino","pino-nl-03","natural-language","codebase-memory","Where is the worker-side output setup optimized to return a lone destination or pipeline directly only when no per-destination severity threshold was specified?","lib/worker.js","unsupported","","","","","","",""
"pino","pino-nl-04","natural-language","codebase-memory","Where is a logging output module loaded with dynamic import or require fallbacks, with up to two nested default exports unwrapped and a non-callable export rejected?","lib/transport-stream.js","unsupported","","","","","","",""
"pino","pino-nl-05","natural-language","codebase-memory","Where is an ISO-style UTC log timestamp with nine fractional digits formed by anchoring wall-clock time once and then adding elapsed monotonic nanoseconds?","lib/time.js","unsupported","","","","","","",""
"pino","pino-def-01","explicit-symbol","grepai","Where is getCallers implemented?","lib/caller.js","success","1","1","1","1","1","lib/caller.js;lib/levels.js;pino.d.ts;test/types/pino-type-only.tst.ts;browser.js;lib/tools.js;benchmarks/formatters.bench.js;benchmarks/utils/wrap-log-level.js;test/types/tsconfig.json;lib/constants.js",""
"pino","pino-def-02","explicit-symbol","grepai","Where is genLog implemented?","lib/tools.js","success","0","1","0.5","0.6309297535714575","2","pino.d.ts;lib/tools.js;test/types/pino-type-only.tst.ts;test/types/pino.ts;pino.js;benchmarks/utils/wrap-log-level.js;lib/levels.js;.github/workflows/publish-release.yml;browser.js;test/types/pino.tst.ts",""
"pino","pino-def-03","explicit-symbol","grepai","Where is multistream implemented?","lib/multistream.js","success","1","1","1","1","1","lib/multistream.js;test/types/pino-multistream.tst.ts;benchmarks/multistream.js;test/types/pino.ts;benchmarks/multi-arg.bench.js;lib/worker.js;benchmarks/deep-object.bench.js;benchmarks/child.bench.js;benchmarks/basic.bench.js;lib/proto.js",""
"pino","pino-def-04","explicit-symbol","grepai","Where is redaction implemented?","lib/redaction.js","success","1","1","1","1","1","lib/redaction.js;benchmarks/internal/redact.bench.js;browser.js;benchmarks/child-creation.bench.js;.github/workflows/ci.yml;pino.d.ts;test/types/pino.tst.ts;.github/workflows/bench.yml;inc-version.sh;lib/deprecations.js",""
"pino","pino-def-05","explicit-symbol","grepai","Where is genLevelComparison implemented?","lib/levels.js","success","1","1","1","1","1","lib/levels.js;pino.d.ts;benchmarks/internal/custom-levels.js;benchmarks/utils/wrap-log-level.js;browser.js;lib/proto.js;lib/multistream.js;pino.js;test/types/pino.ts;lib/constants.js",""
"pino","pino-def-06","explicit-symbol","grepai","Where is transport implemented?","lib/transport.js","success","1","1","1","1","1","lib/transport.js;lib/transport-stream.js;examples/transport.js;test/types/pino-transport.tst.ts;test/types/pino-top-export.tst.ts;test/types/pino-import.tst.js;file.js;pino.d.ts;lib/tools.js;test/helper.d.ts",""
"pino","pino-nl-01","natural-language","grepai","Where does client-side logging prepare an outgoing event by removing binding objects from the message list by reference identity, sending it, and then replacing the event with an empty one?","browser.js","success","0","1","0.3333333333333333","0.5","3","pino.d.ts;benchmarks/utils/wrap-log-level.js;browser.js;lib/tools.js;examples/transport.js;lib/proto.js;test/types/pino.tst.ts;file.js;examples/basic.js;test/types/pino-type-only.tst.ts",""
"pino","pino-nl-02","natural-language","grepai","Where are user-supplied log fields given precedence over fields returned by an enrichment callback, before the merged record is serialized and written?","lib/proto.js","success","0","1","0.25","0.43067655807339306","4","pino.d.ts;benchmarks/utils/wrap-log-level.js;test/types/pino-type-only.tst.ts;lib/proto.js;benchmarks/utils/generate-benchmark-doc.js;lib/constants.js;browser.js;test/types/pino.tst.ts;test/types/pino.ts;lib/tools.js",""
"pino","pino-nl-03","natural-language","grepai","Where is the worker-side output setup optimized to return a lone destination or pipeline directly only when no per-destination severity threshold was specified?","lib/worker.js","success","1","1","1","1","1","lib/worker.js;lib/transport.js;pino.d.ts;lib/tools.js;file.js;test/types/pino-top-export.tst.ts;test/types/pino-transport.tst.ts;lib/transport-stream.js;examples/transport.js;test/types/pino.tst.ts",""
"pino","pino-nl-04","natural-language","grepai","Where is a logging output module loaded with dynamic import or require fallbacks, with up to two nested default exports unwrapped and a non-callable export rejected?","lib/transport-stream.js","success","0","1","0.25","0.43067655807339306","4","benchmarks/utils/wrap-log-level.js;pino.d.ts;pino.js;lib/transport-stream.js;lib/tools.js;test/helper.d.ts;test/types/pino-type-only.tst.ts;test/types/pino-top-export.tst.ts;lib/transport.js;test/types/pino.tst.ts",""
"pino","pino-nl-05","natural-language","grepai","Where is an ISO-style UTC log timestamp with nine fractional digits formed by anchoring wall-clock time once and then adding elapsed monotonic nanoseconds?","lib/time.js","success","1","1","1","1","1","lib/time.js;pino.d.ts;benchmarks/utils/generate-benchmark-doc.js;pino.js;lib/symbols.js;test/types/pino.ts;benchmarks/utils/wrap-log-level.js;lib/tools.js;test/types/pino-type-only.tst.ts;test/types/pino.tst.ts",""
"pino","pino-def-01","explicit-symbol","literal-unindexed","Where is getCallers implemented?","lib/caller.js","success","1","1","1","1","1","lib/caller.js;lib/transport.js;test/fixtures/caller-loop.js",""
"pino","pino-def-02","explicit-symbol","literal-unindexed","Where is genLog implemented?","lib/tools.js","success","0","1","0.5","0.6309297535714575","2","lib/levels.js;lib/tools.js",""
"pino","pino-def-03","explicit-symbol","literal-unindexed","Where is multistream implemented?","lib/multistream.js","success","0","0","0.16666666666666666","0.3562071871080222","6","benchmarks/multistream.js;docs/api.md;docs/browser.md;docs/help.md;docs/transports.md;lib/multistream.js;lib/worker.js;pino.d.ts;pino.js;test/multistream.test.js",""
"pino","pino-def-04","explicit-symbol","literal-unindexed","Where is redaction implemented?","lib/redaction.js","success","0","0","0.14285714285714285","0.3333333333333333","7","README.md;SECURITY.md;docs/api.md;docs/redaction.md;docsify/sidebar.md;lib/proto.js;lib/redaction.js;pino.js",""
"pino","pino-def-05","explicit-symbol","literal-unindexed","Where is genLevelComparison implemented?","lib/levels.js","success","1","1","1","1","1","lib/levels.js;pino.js",""
"pino","pino-def-06","explicit-symbol","literal-unindexed","Where is transport implemented?","lib/transport.js","success","0","0","0","0","","README.md;SECURITY.md;benchmarks/basic.bench.js;benchmarks/deep-object.bench.js;benchmarks/long-string.bench.js;benchmarks/multi-arg.bench.js;benchmarks/object.bench.js;docs/api.md;docs/asynchronous.md;docs/browser.md",""
"pino","pino-nl-01","natural-language","literal-unindexed","Where does client-side logging prepare an outgoing event by removing binding objects from the message list by reference identity, sending it, and then replacing the event with an empty one?","browser.js","success","0","0","0","0","","",""
"pino","pino-nl-02","natural-language","literal-unindexed","Where are user-supplied log fields given precedence over fields returned by an enrichment callback, before the merged record is serialized and written?","lib/proto.js","success","0","0","0","0","","",""
"pino","pino-nl-03","natural-language","literal-unindexed","Where is the worker-side output setup optimized to return a lone destination or pipeline directly only when no per-destination severity threshold was specified?","lib/worker.js","success","0","0","0","0","","",""
"pino","pino-nl-04","natural-language","literal-unindexed","Where is a logging output module loaded with dynamic import or require fallbacks, with up to two nested default exports unwrapped and a non-callable export rejected?","lib/transport-stream.js","success","0","0","0","0","","",""
"pino","pino-nl-05","natural-language","literal-unindexed","Where is an ISO-style UTC log timestamp with nine fractional digits formed by anchoring wall-clock time once and then adding elapsed monotonic nanoseconds?","lib/time.js","success","0","0","0","0","","",""
"pino","pino-def-01","explicit-symbol","plain-file-bm25","Where is getCallers implemented?","lib/caller.js","success","0","1","0.5","0.6309297535714575","2","test/fixtures/caller-loop.js;lib/caller.js;lib/transport.js",""
"pino","pino-def-02","explicit-symbol","plain-file-bm25","Where is genLog implemented?","lib/tools.js","success","0","1","0.5","0.6309297535714575","2","lib/levels.js;lib/tools.js",""
"pino","pino-def-03","explicit-symbol","plain-file-bm25","Where is multistream implemented?","lib/multistream.js","success","0","0","0.1111111111111111","0.3010299956639812","9","test/types/pino-multistream.tst.ts;test/multistream.test.js;test/types/pino-import.tst.js;test/types/pino-top-export.tst.ts;test/types/pino.ts;benchmarks/multistream.js;lib/worker.js;test/transport/uses-pino-config.test.js;lib/multistream.js;docs/help.md",""
"pino","pino-def-04","explicit-symbol","plain-file-bm25","Where is redaction implemented?","lib/redaction.js","success","0","1","0.5","0.6309297535714575","2","docsify/sidebar.md;lib/redaction.js;docs/redaction.md;pino.js;lib/proto.js;README.md;SECURITY.md;docs/api.md",""
"pino","pino-def-05","explicit-symbol","plain-file-bm25","Where is genLevelComparison implemented?","lib/levels.js","success","0","1","0.5","0.6309297535714575","2","pino.js;lib/levels.js",""
"pino","pino-def-06","explicit-symbol","plain-file-bm25","Where is transport implemented?","lib/transport.js","success","0","0","0","0","","test/transport/core.test.js;test/transport/bundlers-support.test.js;test/types/pino-transport.tst.ts;test/transport/pipeline.test.js;test/transport/core.transpiled.test.ts;test/transport/crash.test.js;test/transport/uses-pino-config.test.js;test/transport/node-options.test.js;docs/transports.md;test/transport/native-type-stripping.test.mjs",""
"pino","pino-nl-01","natural-language","plain-file-bm25","Where does client-side logging prepare an outgoing event by removing binding objects from the message list by reference identity, sending it, and then replacing the event with an empty one?","browser.js","success","0","0","0","0","","docs/browser.md;pino.d.ts;docs/help.md;docs/api.md;docs/child-loggers.md;docs/web.md;docs/asynchronous.md;docs/transports.md;README.md;docs/ecosystem.md",""
"pino","pino-nl-02","natural-language","plain-file-bm25","Where are user-supplied log fields given precedence over fields returned by an enrichment callback, before the merged record is serialized and written?","lib/proto.js","success","0","0","0.1111111111111111","0.3010299956639812","9","docs/api.md;docs/child-loggers.md;pino.d.ts;SECURITY.md;docs/help.md;CONTRIBUTING.md;docs/browser.md;docs/asynchronous.md;lib/proto.js;docs/transports.md",""
"pino","pino-nl-03","natural-language","plain-file-bm25","Where is the worker-side output setup optimized to return a lone destination or pipeline directly only when no per-destination severity threshold was specified?","lib/worker.js","success","0","0","0.16666666666666666","0.3562071871080222","6","docs/api.md;docs/transports.md;docs/browser.md;docs/asynchronous.md;docs/help.md;lib/worker.js;pino.d.ts;SECURITY.md;test/transport/core.test.js;lib/transport.js",""
"pino","pino-nl-04","natural-language","plain-file-bm25","Where is a logging output module loaded with dynamic import or require fallbacks, with up to two nested default exports unwrapped and a non-callable export rejected?","lib/transport-stream.js","success","1","1","1","1","1","lib/transport-stream.js;pino.d.ts;docs/child-loggers.md;docs/browser.md;docs/help.md;docs/api.md;docs/redaction.md;docs/transports.md;docs/web.md;lib/redaction.js",""
"pino","pino-nl-05","natural-language","plain-file-bm25","Where is an ISO-style UTC log timestamp with nine fractional digits formed by anchoring wall-clock time once and then adding elapsed monotonic nanoseconds?","lib/time.js","success","0","0","0","0","","docs/api.md;docs/help.md;test/timestamp.test.js;pino.d.ts;docs/browser.md;docs/child-loggers.md;test/browser-timestamp.test.js;README.md;CONTRIBUTING.md;test/formatters.test.js",""
"zod","zod-def-01","explicit-symbol","ocbi-hybrid","Where is ZodCompileAsyncError implemented?","packages/zod/src/v4/core/compile.ts","success","1","1","1","1","1","packages/zod/src/v4/core/compile.ts",""
"zod","zod-def-02","explicit-symbol","ocbi-hybrid","Where is treeifyError implemented?","packages/zod/src/v4/core/errors.ts","success","1","1","1","1","1","packages/zod/src/v4/core/errors.ts",""
"zod","zod-def-03","explicit-symbol","ocbi-hybrid","Where is JSONSchemaGenerator implemented?","packages/zod/src/v4/core/json-schema-generator.ts","success","1","1","1","1","1","packages/zod/src/v4/core/json-schema-generator.ts",""
"zod","zod-def-04","explicit-symbol","ocbi-hybrid","Where is isRecursiveSchema implemented?","packages/zod/src/v4/core/memoizer.ts","success","1","1","1","1","1","packages/zod/src/v4/core/memoizer.ts",""
"zod","zod-def-05","explicit-symbol","ocbi-hybrid","Where is rawShape implemented?","packages/zod/src/v4/core/util.ts","success","1","1","1","1","1","packages/zod/src/v4/core/util.ts",""
"zod","zod-def-06","explicit-symbol","ocbi-hybrid","Where is nanoidOfLength implemented?","packages/zod/src/v4/core/regexes.ts","success","1","1","1","1","1","packages/zod/src/v4/core/regexes.ts",""
"zod","zod-nl-01","natural-language","ocbi-hybrid","Where does schema metadata lookup inherit a parent's metadata except its unique identifier, then let metadata attached to the child override inherited fields?","packages/zod/src/v4/core/registries.ts","success","0","0","0","0","","packages/zod/src/v4/classic/from-json-schema.ts;packages/zod/src/v4/classic/tests/to-json-schema-methods.test.ts;packages/zod/src/v4/core/json-schema-generator.ts;packages/docs/content/json-schema.mdx;packages/zod/src/v4/classic/tests/issue-schema.test.ts;packages/docs/content/metadata.mdx;packages/zod/src/v4/classic/tests/from-json-schema.test.ts;packages/zod/src/v4/core/to-json-schema.ts;packages/docs/next.config.mjs;packages/zod/src/v4/classic/tests/registries.test.ts",""
"zod","zod-nl-02","natural-language","ocbi-hybrid","Where is accumulated generated source turned into a callable function by first creating a factory with named closure bindings and then supplying the corresponding captured values?","packages/zod/src/v4/core/doc.ts","success","0","1","0.3333333333333333","0.5","3","packages/bench/memory/realworld.ts;packages/bench/compile-helper-scope.ts;packages/zod/src/v4/core/doc.ts;packages/zod/src/v4/classic/errors.ts;packages/bench/memory/indent-leak.ts;packages/zod/src/v4/core/compile.ts;packages/bench/memory/harness.ts;packages/bench/benchUtil.ts;packages/zod/src/v4/core/memoizer.ts;packages/bench/memory/snapshot.ts",""
"zod","zod-nl-03","natural-language","ocbi-hybrid","Where does failed non-throwing validation defer constructing its error object until it is read, cache that object, and release captured issue and context state once an error exists?","packages/zod/src/v4/core/parse.ts","success","0","0","0","0","","packages/zod/src/v4/classic/tests/validate.test.ts;packages/zod/src/v4/core/errors.ts;packages/bench/validate-abort-sweep.ts;packages/zod/src/v4/classic/tests/error.test.ts;packages/docs/content/blog/zod-4-6.mdx;packages/zod/src/v4/classic/tests/optional.test.ts;packages/zod/src/v4/classic/tests/issue-schema.test.ts;packages/zod/src/v4/classic/tests/discriminated-unions.test.ts;packages/zod/src/v4/core/util.ts;packages/zod/src/v4/classic/tests/catch.test.ts",""
"zod","zod-nl-04","natural-language","ocbi-hybrid","Where is schema-library configuration kept in one shared global object so separately loaded copies reuse existing settings and updates merge into that same object?","packages/zod/src/v4/core/core.ts","success","1","1","1","1","1","packages/zod/src/v4/core/core.ts;packages/zod/src/v4/core/to-json-schema.ts;packages/bench/compile-matrix.ts;packages/zod/src/v4/core/registries.ts;packages/zod/src/v4/classic/from-json-schema.ts;packages/zod/src/v4/classic/tests/global-config.test.ts;packages/zod/src/v4/classic/tests/registries.test.ts;packages/docs/content/library-authors.mdx;packages/zod/src/v4/core/tests/compile-off-by-default.test.ts;packages/docs/content/blog/zod-4-6.mdx",""
"zod","zod-nl-05","natural-language","ocbi-hybrid","Where is a schema copy transformed so every nested object property becomes optional, and a discriminator-based union becomes an ordinary union because its now-optional discriminator values would conflict?","packages/zod/src/v4/classic/deep-partial.ts;packages/zod/src/v4/mini/deep-partial.ts","success","0","0","0.16666666666666666","0.21840743681816419","6","packages/zod/src/v4/classic/from-json-schema.ts;packages/zod/src/v4/core/json-schema.ts;packages/zod/src/v4/classic/compat.ts;packages/zod/src/v3/types.ts;packages/treeshake/zod-mini-full.ts;packages/zod/src/v4/classic/deep-partial.ts;packages/treeshake/zod-full.ts;packages/zod/src/v4/core/api.ts;packages/treeshake/zod3-full.ts;packages/zod/src/v4/core/schemas.ts",""
"zod","zod-def-01","explicit-symbol","ocbi-structural","Where is ZodCompileAsyncError implemented?","packages/zod/src/v4/core/compile.ts","success","1","1","1","1","1","packages/zod/src/v4/core/compile.ts",""
"zod","zod-def-02","explicit-symbol","ocbi-structural","Where is treeifyError implemented?","packages/zod/src/v4/core/errors.ts","success","1","1","1","1","1","packages/zod/src/v4/core/errors.ts",""
"zod","zod-def-03","explicit-symbol","ocbi-structural","Where is JSONSchemaGenerator implemented?","packages/zod/src/v4/core/json-schema-generator.ts","success","1","1","1","1","1","packages/zod/src/v4/core/json-schema-generator.ts",""
"zod","zod-def-04","explicit-symbol","ocbi-structural","Where is isRecursiveSchema implemented?","packages/zod/src/v4/core/memoizer.ts","success","1","1","1","1","1","packages/zod/src/v4/core/memoizer.ts",""
"zod","zod-def-05","explicit-symbol","ocbi-structural","Where is rawShape implemented?","packages/zod/src/v4/core/util.ts","success","1","1","1","1","1","packages/zod/src/v4/core/util.ts",""
"zod","zod-def-06","explicit-symbol","ocbi-structural","Where is nanoidOfLength implemented?","packages/zod/src/v4/core/regexes.ts","success","1","1","1","1","1","packages/zod/src/v4/core/regexes.ts",""
"zod","zod-nl-01","natural-language","ocbi-structural","Where does schema metadata lookup inherit a parent's metadata except its unique identifier, then let metadata attached to the child override inherited fields?","packages/zod/src/v4/core/registries.ts","success","0","0","0","0","","packages/zod/src/v4/classic/tests/to-json-schema-methods.test.ts;packages/zod/src/v4/core/json-schema-generator.ts;packages/docs/content/json-schema.mdx;packages/docs/content/metadata.mdx;packages/zod/src/v4/classic/from-json-schema.ts;packages/zod/src/v4/classic/tests/from-json-schema.test.ts;packages/zod/src/v4/core/to-json-schema.ts;packages/zod/src/v4/classic/tests/registries.test.ts;packages/docs/next.config.mjs;packages/docs/app/blog/layout.tsx",""
"zod","zod-nl-02","natural-language","ocbi-structural","Where is accumulated generated source turned into a callable function by first creating a factory with named closure bindings and then supplying the corresponding captured values?","packages/zod/src/v4/core/doc.ts","success","0","1","0.25","0.43067655807339306","4","packages/bench/validate-abort-sweep.ts;packages/bench/compile-helper-scope.ts;packages/bench/memory/indent-leak.ts;packages/zod/src/v4/core/doc.ts;packages/zod/src/v4/core/compile.ts;packages/zod/src/v4/core/errors.ts;packages/bench/compile-matrix.ts;packages/bench/failing-safeparse.ts;packages/zod/src/v4/core/regexes.ts;packages/zod/src/v4/core/to-json-schema.ts",""
"zod","zod-nl-03","natural-language","ocbi-structural","Where does failed non-throwing validation defer constructing its error object until it is read, cache that object, and release captured issue and context state once an error exists?","packages/zod/src/v4/core/parse.ts","success","0","0","0.1111111111111111","0.3010299956639812","9","packages/zod/src/v4/core/errors.ts;packages/zod/src/v4/classic/tests/error.test.ts;packages/docs/content/blog/zod-4-6.mdx;packages/zod/src/v4/classic/tests/optional.test.ts;packages/zod/src/v4/classic/tests/discriminated-unions.test.ts;packages/zod/src/v4/core/util.ts;packages/docs/content/error-customization.mdx;packages/zod/src/v4/classic/tests/properties.test.ts;packages/zod/src/v4/core/parse.ts;packages/zod/src/v4/core/memoizer.ts",""
"zod","zod-nl-04","natural-language","ocbi-structural","Where is schema-library configuration kept in one shared global object so separately loaded copies reuse existing settings and updates merge into that same object?","packages/zod/src/v4/core/core.ts","success","0","1","0.3333333333333333","0.5","3","packages/zod/src/v4/core/to-json-schema.ts;packages/bench/validate-abort-sweep.ts;packages/zod/src/v4/core/core.ts;packages/bench/compile-matrix.ts;packages/bench/validate-vs-safeparse.ts;packages/zod/src/v4/classic/tests/global-config.test.ts;packages/zod/src/v4/classic/tests/cyclic-data.test.ts;packages/zod/src/v4/classic/tests/to-json-schema.test.ts;packages/zod/src/v4/classic/tests/error-utils.test.ts;packages/docs/content/blog/zod-4-6.mdx",""
"zod","zod-nl-05","natural-language","ocbi-structural","Where is a schema copy transformed so every nested object property becomes optional, and a discriminator-based union becomes an ordinary union because its now-optional discriminator values would conflict?","packages/zod/src/v4/classic/deep-partial.ts;packages/zod/src/v4/mini/deep-partial.ts","success","0","1","0.2","0.23719771276929622","5","packages/zod/src/v4/classic/from-json-schema.ts;packages/zod/src/v4/core/to-json-schema.ts;packages/zod/src/v4/core/json-schema-processors.ts;packages/zod/src/v4/core/memoizer.ts;packages/zod/src/v4/classic/deep-partial.ts;packages/zod/src/v3/types.ts;packages/zod/src/v4/core/api.ts;packages/zod/src/v4/core/compile.ts;packages/zod/src/v4/core/util.ts;packages/zod/src/v3/locales/en.ts",""
"zod","zod-def-01","explicit-symbol","codegraph","Where is ZodCompileAsyncError implemented?","packages/zod/src/v4/core/compile.ts","success","1","1","1","1","1","packages/zod/src/v4/core/compile.ts;scripts/compile-fuzz.ts;packages/zod/src/v4/core/tests/compile.test.ts",""
"zod","zod-def-02","explicit-symbol","codegraph","Where is treeifyError implemented?","packages/zod/src/v4/core/errors.ts","success","1","1","1","1","1","packages/zod/src/v4/core/errors.ts;packages/zod/src/v4/classic/errors.ts;packages/zod/src/v4/classic/tests/error-utils.test.ts",""
"zod","zod-def-03","explicit-symbol","codegraph","Where is JSONSchemaGenerator implemented?","packages/zod/src/v4/core/json-schema-generator.ts","success","1","1","1","1","1","packages/zod/src/v4/core/json-schema-generator.ts;packages/zod/src/v4/core/to-json-schema.ts",""
"zod","zod-def-04","explicit-symbol","codegraph","Where is isRecursiveSchema implemented?","packages/zod/src/v4/core/memoizer.ts","success","1","1","1","1","1","packages/zod/src/v4/core/memoizer.ts;packages/zod/src/v4/core/compile.ts",""
"zod","zod-def-05","explicit-symbol","codegraph","Where is rawShape implemented?","packages/zod/src/v4/core/util.ts","success","1","1","1","1","1","packages/zod/src/v4/core/util.ts",""
"zod","zod-def-06","explicit-symbol","codegraph","Where is nanoidOfLength implemented?","packages/zod/src/v4/core/regexes.ts","success","1","1","1","1","1","packages/zod/src/v4/core/regexes.ts",""
"zod","zod-nl-01","natural-language","codegraph","Where does schema metadata lookup inherit a parent's metadata except its unique identifier, then let metadata attached to the child override inherited fields?","packages/zod/src/v4/core/registries.ts","success","0","0","0","0","","packages/zod/src/v4/core/schemas.ts;packages/zod/src/v4/core/json-schema-generator.ts;packages/zod/src/v3/types.ts;packages/zod/src/v4/core/to-json-schema.ts",""
"zod","zod-nl-02","natural-language","codegraph","Where is accumulated generated source turned into a callable function by first creating a factory with named closure bindings and then supplying the corresponding captured values?","packages/zod/src/v4/core/doc.ts","success","0","0","0","0","","packages/zod/src/v3/ZodError.ts;packages/zod/src/v3/types.ts",""
"zod","zod-nl-03","natural-language","codegraph","Where does failed non-throwing validation defer constructing its error object until it is read, cache that object, and release captured issue and context state once an error exists?","packages/zod/src/v4/core/parse.ts","success","0","0","0","0","","packages/zod/src/v3/ZodError.ts;packages/zod/src/v4/classic/errors.ts;packages/zod/src/v4/classic/parse.ts;packages/zod/src/v3/helpers/parseUtil.ts;packages/zod/src/v3/types.ts",""
"zod","zod-nl-04","natural-language","codegraph","Where is schema-library configuration kept in one shared global object so separately loaded copies reuse existing settings and updates merge into that same object?","packages/zod/src/v4/core/core.ts","success","0","0","0","0","","packages/zod/src/v4/core/json-schema.ts;packages/tsc/bench/lots-of-objects.ts;packages/zod/src/v4/core/memoizer.ts;packages/zod/src/v4/core/to-json-schema.ts",""
"zod","zod-nl-05","natural-language","codegraph","Where is a schema copy transformed so every nested object property becomes optional, and a discriminator-based union becomes an ordinary union because its now-optional discriminator values would conflict?","packages/zod/src/v4/classic/deep-partial.ts;packages/zod/src/v4/mini/deep-partial.ts","success","0","0","0","0","","packages/bench/discriminated-union.ts;packages/bench/memory/compiled-slope.ts;packages/zod/src/v3/types.ts",""
"zod","zod-def-01","explicit-symbol","codebase-memory","Where is ZodCompileAsyncError implemented?","packages/zod/src/v4/core/compile.ts","success","1","1","1","1","1","packages/zod/src/v4/core/compile.ts",""
"zod","zod-def-02","explicit-symbol","codebase-memory","Where is treeifyError implemented?","packages/zod/src/v4/core/errors.ts","success","1","1","1","1","1","packages/zod/src/v4/core/errors.ts",""
"zod","zod-def-03","explicit-symbol","codebase-memory","Where is JSONSchemaGenerator implemented?","packages/zod/src/v4/core/json-schema-generator.ts","success","1","1","1","1","1","packages/zod/src/v4/core/json-schema-generator.ts",""
"zod","zod-def-04","explicit-symbol","codebase-memory","Where is isRecursiveSchema implemented?","packages/zod/src/v4/core/memoizer.ts","success","1","1","1","1","1","packages/zod/src/v4/core/memoizer.ts",""
"zod","zod-def-05","explicit-symbol","codebase-memory","Where is rawShape implemented?","packages/zod/src/v4/core/util.ts","success","1","1","1","1","1","packages/zod/src/v4/core/util.ts",""
"zod","zod-def-06","explicit-symbol","codebase-memory","Where is nanoidOfLength implemented?","packages/zod/src/v4/core/regexes.ts","success","1","1","1","1","1","packages/zod/src/v4/core/regexes.ts",""
"zod","zod-nl-01","natural-language","codebase-memory","Where does schema metadata lookup inherit a parent's metadata except its unique identifier, then let metadata attached to the child override inherited fields?","packages/zod/src/v4/core/registries.ts","unsupported","","","","","","",""
"zod","zod-nl-02","natural-language","codebase-memory","Where is accumulated generated source turned into a callable function by first creating a factory with named closure bindings and then supplying the corresponding captured values?","packages/zod/src/v4/core/doc.ts","unsupported","","","","","","",""
"zod","zod-nl-03","natural-language","codebase-memory","Where does failed non-throwing validation defer constructing its error object until it is read, cache that object, and release captured issue and context state once an error exists?","packages/zod/src/v4/core/parse.ts","unsupported","","","","","","",""
"zod","zod-nl-04","natural-language","codebase-memory","Where is schema-library configuration kept in one shared global object so separately loaded copies reuse existing settings and updates merge into that same object?","packages/zod/src/v4/core/core.ts","unsupported","","","","","","",""
"zod","zod-nl-05","natural-language","codebase-memory","Where is a schema copy transformed so every nested object property becomes optional, and a discriminator-based union becomes an ordinary union because its now-optional discriminator values would conflict?","packages/zod/src/v4/classic/deep-partial.ts;packages/zod/src/v4/mini/deep-partial.ts","unsupported","","","","","","",""
"zod","zod-def-01","explicit-symbol","grepai","Where is ZodCompileAsyncError implemented?","packages/zod/src/v4/core/compile.ts","success","1","1","1","1","1","packages/zod/src/v4/core/compile.ts;packages/zod/src/v4/classic/parse.ts;packages/zod/src/v4/core/parse.ts;packages/zod/src/v4/core/core.ts;packages/zod/src/v4/classic/schemas.ts;packages/zod/src/v3/ZodError.ts;packages/zod/src/v4/classic/errors.ts;packages/zod/src/v4/core/errors.ts;packages/zod/src/v3/types.ts;packages/zod/src/v4/mini/schemas.ts",""
"zod","zod-def-02","explicit-symbol","grepai","Where is treeifyError implemented?","packages/zod/src/v4/core/errors.ts","success","1","1","1","1","1","packages/zod/src/v4/core/errors.ts;packages/treeshake/valibot-boolean.ts;packages/zod/src/v4/locales/fr-CA.ts;packages/zod/src/v4/locales/fr.ts;packages/treeshake/zod-boolean.ts;packages/treeshake/zod3-boolean.ts;packages/treeshake/valibot-object.ts;packages/treeshake/zod-mini-boolean.ts;packages/treeshake/valibot-string.ts;packages/treeshake/zod-locale.ts",""
"zod","zod-def-03","explicit-symbol","grepai","Where is JSONSchemaGenerator implemented?","packages/zod/src/v4/core/json-schema-generator.ts","success","0","1","0.3333333333333333","0.5","3","packages/zod/src/v4/core/index.ts;packages/zod/src/v4/core/json-schema.ts;packages/zod/src/v4/core/json-schema-generator.ts;packages/zod/src/v4/classic/schemas.ts;packages/zod/src/v4/core/to-json-schema.ts;packages/zod/src/v4/classic/from-json-schema.ts;packages/zod/src/v4/core/json-schema-processors.ts;packages/zod/src/v4/core/standard-schema.ts;packages/zod/src/v4/core/util.ts;packages/zod/src/v4/core/errors.ts",""
"zod","zod-def-04","explicit-symbol","grepai","Where is isRecursiveSchema implemented?","packages/zod/src/v4/core/memoizer.ts","success","0","0","0","0","","packages/zod/src/v4/core/json-schema-generator.ts;packages/zod/src/v4/classic/from-json-schema.ts;packages/zod/src/v4/core/json-schema.ts;packages/zod/src/v4/core/json-schema-processors.ts;packages/zod/src/v4/core/standard-schema.ts;packages/zod/src/v4/core/checks.ts;packages/zod/src/v4/core/to-json-schema.ts;packages/zod/src/v4/core/index.ts;packages/zod/src/v4/core/api.ts;packages/zod/src/v4/locales/ro.ts",""
"zod","zod-def-05","explicit-symbol","grepai","Where is rawShape implemented?","packages/zod/src/v4/core/util.ts","success","1","1","1","1","1","packages/zod/src/v4/core/util.ts;packages/zod/src/v3/types.ts;packages/zod/src/v4/index.ts;packages/zod/src/v4/core/regexes.ts;packages/zod/src/v3/helpers/errorUtil.ts;packages/zod/src/v4/classic/compat.ts;packages/zod/src/v3/benchmarks/realworld.ts;packages/zod/src/v4/mini/external.ts;packages/zod/src/v4/core/checks.ts;packages/zod/src/v3/helpers/parseUtil.ts",""
"zod","zod-def-06","explicit-symbol","grepai","Where is nanoidOfLength implemented?","packages/zod/src/v4/core/regexes.ts","success","0","0","0","0","","packages/zod/src/v4/classic/schemas.ts;packages/zod/src/v4/classic/deep-partial.ts;packages/zod/src/v4/mini/deep-partial.ts;packages/zod/src/v4/locales/tk.ts;packages/zod/src/v4/mini/iso.ts;packages/zod/src/v4/mini/coerce.ts;packages/zod/src/v4/core/schemas.ts;packages/bench/safe.ts;packages/bench/tsconfig.bench.json;packages/zod/src/v4/locales/ja.ts",""
"zod","zod-nl-01","natural-language","grepai","Where does schema metadata lookup inherit a parent's metadata except its unique identifier, then let metadata attached to the child override inherited fields?","packages/zod/src/v4/core/registries.ts","success","0","1","0.3333333333333333","0.5","3","packages/zod/src/v4/core/to-json-schema.ts;packages/zod/src/v4/classic/from-json-schema.ts;packages/zod/src/v4/core/registries.ts;packages/zod/src/v4/classic/schemas.ts;packages/zod/src/v4/core/json-schema-processors.ts;packages/zod/src/v4/core/json-schema-generator.ts;packages/zod/src/v3/standard-schema.ts;packages/zod/src/v4/core/json-schema.ts;packages/zod/src/v4/core/visit.ts;packages/bench/memory/own-props.ts",""
"zod","zod-nl-02","natural-language","grepai","Where is accumulated generated source turned into a callable function by first creating a factory with named closure bindings and then supplying the corresponding captured values?","packages/zod/src/v4/core/doc.ts","success","1","1","1","1","1","packages/zod/src/v4/core/doc.ts;packages/zod/src/v4/core/compile.ts;packages/zod/src/compile.ts;packages/zod/src/v4/core/util.ts;packages/zod/src/v4/core/to-json-schema.ts;packages/zod/src/v4/core/json-schema-processors.ts;packages/zod/src/v4/mini/schemas.ts;packages/zod/src/v4/core/schemas.ts;packages/zod/src/v4/core/errors.ts;packages/bench/memory/harness.ts",""
"zod","zod-nl-03","natural-language","grepai","Where does failed non-throwing validation defer constructing its error object until it is read, cache that object, and release captured issue and context state once an error exists?","packages/zod/src/v4/core/parse.ts","success","1","1","1","1","1","packages/zod/src/v4/core/parse.ts;packages/zod/src/v4/core/compile.ts;packages/zod/src/v3/locales/en.ts;packages/zod/src/v4/core/schemas.ts;packages/zod/src/v4/core/errors.ts;packages/bench/validate-vs-safeparse.ts;packages/zod/src/v4/locales/it.ts;packages/bench/validate-abort-sweep.ts;scripts/fail-on-console.ts;packages/zod/src/compile.ts",""
"zod","zod-nl-04","natural-language","grepai","Where is schema-library configuration kept in one shared global object so separately loaded copies reuse existing settings and updates merge into that same object?","packages/zod/src/v4/core/core.ts","success","0","1","0.5","0.6309297535714575","2","packages/zod/src/v4/core/to-json-schema.ts;packages/zod/src/v4/core/core.ts;packages/zod/src/v4/core/registries.ts;packages/zod/src/v4/classic/from-json-schema.ts;packages/zod/src/v4/core/compile.ts;packages/zod/src/v4/core/json-schema-processors.ts;packages/zod/src/v4/classic/schemas.ts;packages/zod/src/v4/core/json-schema-generator.ts;packages/zod/src/compile.ts;packages/zod/src/v4/core/errors.ts",""
"zod","zod-nl-05","natural-language","grepai","Where is a schema copy transformed so every nested object property becomes optional, and a discriminator-based union becomes an ordinary union because its now-optional discriminator values would conflict?","packages/zod/src/v4/classic/deep-partial.ts;packages/zod/src/v4/mini/deep-partial.ts","success","0","0","0.14285714285714285","0.39780880120575696","7","packages/zod/src/v3/types.ts;packages/zod/src/v4/core/schemas.ts;packages/zod/src/v4/core/to-json-schema.ts;packages/zod/src/v4/core/json-schema-processors.ts;packages/zod/src/v4/classic/from-json-schema.ts;packages/zod/src/v4/core/api.ts;packages/zod/src/v4/classic/deep-partial.ts;packages/zod/src/v4/mini/deep-partial.ts;packages/zod/src/v3/standard-schema.ts;packages/zod/src/v4/core/checks.ts",""
"zod","zod-def-01","explicit-symbol","literal-unindexed","Where is ZodCompileAsyncError implemented?","packages/zod/src/v4/core/compile.ts","success","0","1","0.25","0.43067655807339306","4","packages/docs/content/compile.mdx;packages/zod/README.md;packages/zod/src/v4/classic/external.ts;packages/zod/src/v4/core/compile.ts;packages/zod/src/v4/core/tests/compile.test.ts;packages/zod/src/v4/mini/external.ts;scripts/compile-fuzz.ts",""
"zod","zod-def-02","explicit-symbol","literal-unindexed","Where is treeifyError implemented?","packages/zod/src/v4/core/errors.ts","success","0","0","0.14285714285714285","0.3333333333333333","7","packages/docs/content/blog/zod-4-5.mdx;packages/docs/content/error-formatting.mdx;packages/docs/content/v4/changelog.mdx;packages/zod/src/v4/classic/errors.ts;packages/zod/src/v4/classic/external.ts;packages/zod/src/v4/classic/tests/error-utils.test.ts;packages/zod/src/v4/core/errors.ts;packages/zod/src/v4/mini/external.ts",""
"zod","zod-def-03","explicit-symbol","literal-unindexed","Where is JSONSchemaGenerator implemented?","packages/zod/src/v4/core/json-schema-generator.ts","success","0","1","0.3333333333333333","0.5","3","packages/zod/src/v4/classic/tests/to-json-schema.test.ts;packages/zod/src/v4/core/index.ts;packages/zod/src/v4/core/json-schema-generator.ts;packages/zod/src/v4/core/to-json-schema.ts",""
"zod","zod-def-04","explicit-symbol","literal-unindexed","Where is isRecursiveSchema implemented?","packages/zod/src/v4/core/memoizer.ts","success","0","1","0.3333333333333333","0.5","3","packages/zod/src/v4/classic/tests/cyclic-data.test.ts;packages/zod/src/v4/core/compile.ts;packages/zod/src/v4/core/memoizer.ts",""
"zod","zod-def-05","explicit-symbol","literal-unindexed","Where is rawShape implemented?","packages/zod/src/v4/core/util.ts","success","0","1","0.3333333333333333","0.5","3","packages/zod/src/v4/core/memoizer.ts;packages/zod/src/v4/core/schemas.ts;packages/zod/src/v4/core/util.ts",""
"zod","zod-def-06","explicit-symbol","literal-unindexed","Where is nanoidOfLength implemented?","packages/zod/src/v4/core/regexes.ts","success","1","1","1","1","1","packages/zod/src/v4/core/regexes.ts;packages/zod/src/v4/core/schemas.ts",""
"zod","zod-nl-01","natural-language","literal-unindexed","Where does schema metadata lookup inherit a parent's metadata except its unique identifier, then let metadata attached to the child override inherited fields?","packages/zod/src/v4/core/registries.ts","success","0","0","0","0","","",""
"zod","zod-nl-02","natural-language","literal-unindexed","Where is accumulated generated source turned into a callable function by first creating a factory with named closure bindings and then supplying the corresponding captured values?","packages/zod/src/v4/core/doc.ts","success","0","0","0","0","","",""
"zod","zod-nl-03","natural-language","literal-unindexed","Where does failed non-throwing validation defer constructing its error object until it is read, cache that object, and release captured issue and context state once an error exists?","packages/zod/src/v4/core/parse.ts","success","0","0","0","0","","",""
"zod","zod-nl-04","natural-language","literal-unindexed","Where is schema-library configuration kept in one shared global object so separately loaded copies reuse existing settings and updates merge into that same object?","packages/zod/src/v4/core/core.ts","success","0","0","0","0","","",""
"zod","zod-nl-05","natural-language","literal-unindexed","Where is a schema copy transformed so every nested object property becomes optional, and a discriminator-based union becomes an ordinary union because its now-optional discriminator values would conflict?","packages/zod/src/v4/classic/deep-partial.ts;packages/zod/src/v4/mini/deep-partial.ts","success","0","0","0","0","","",""
"zod","zod-def-01","explicit-symbol","plain-file-bm25","Where is ZodCompileAsyncError implemented?","packages/zod/src/v4/core/compile.ts","success","0","1","0.2","0.38685280723454163","5","packages/zod/src/v4/mini/external.ts;packages/zod/src/v4/classic/external.ts;packages/docs/content/compile.mdx;scripts/compile-fuzz.ts;packages/zod/src/v4/core/compile.ts;packages/zod/README.md;packages/zod/src/v4/core/tests/compile.test.ts",""
"zod","zod-def-02","explicit-symbol","plain-file-bm25","Where is treeifyError implemented?","packages/zod/src/v4/core/errors.ts","success","0","0","0.16666666666666666","0.3562071871080222","6","packages/zod/src/v4/classic/tests/error-utils.test.ts;packages/docs/content/error-formatting.mdx;packages/zod/src/v4/classic/errors.ts;packages/zod/src/v4/mini/external.ts;packages/zod/src/v4/classic/external.ts;packages/zod/src/v4/core/errors.ts;packages/docs/content/v4/changelog.mdx;packages/docs/content/blog/zod-4-5.mdx",""
"zod","zod-def-03","explicit-symbol","plain-file-bm25","Where is JSONSchemaGenerator implemented?","packages/zod/src/v4/core/json-schema-generator.ts","success","1","1","1","1","1","packages/zod/src/v4/core/json-schema-generator.ts;packages/zod/src/v4/core/index.ts;packages/zod/src/v4/classic/tests/to-json-schema.test.ts;packages/zod/src/v4/core/to-json-schema.ts",""
"zod","zod-def-04","explicit-symbol","plain-file-bm25","Where is isRecursiveSchema implemented?","packages/zod/src/v4/core/memoizer.ts","success","0","1","0.5","0.6309297535714575","2","packages/zod/src/v4/classic/tests/cyclic-data.test.ts;packages/zod/src/v4/core/memoizer.ts;packages/zod/src/v4/core/compile.ts",""
"zod","zod-def-05","explicit-symbol","plain-file-bm25","Where is rawShape implemented?","packages/zod/src/v4/core/util.ts","success","0","1","0.5","0.6309297535714575","2","packages/zod/src/v4/core/memoizer.ts;packages/zod/src/v4/core/util.ts;packages/zod/src/v4/core/schemas.ts",""
"zod","zod-def-06","explicit-symbol","plain-file-bm25","Where is nanoidOfLength implemented?","packages/zod/src/v4/core/regexes.ts","success","1","1","1","1","1","packages/zod/src/v4/core/regexes.ts;packages/zod/src/v4/core/schemas.ts",""
"zod","zod-nl-01","natural-language","plain-file-bm25","Where does schema metadata lookup inherit a parent's metadata except its unique identifier, then let metadata attached to the child override inherited fields?","packages/zod/src/v4/core/registries.ts","success","0","1","0.25","0.43067655807339306","4","packages/zod/src/v4/core/to-json-schema.ts;packages/docs/content/metadata.mdx;packages/zod/src/v3/tests/error.test.ts;packages/zod/src/v4/core/registries.ts;packages/docs/content/json-schema.mdx;packages/zod/src/v4/classic/from-json-schema.ts;packages/zod/src/v4/classic/tests/from-json-schema.test.ts;packages/zod/src/v4/core/core.ts;packages/zod/src/v4/core/json-schema-generator.ts;wiki/optionality.md",""
"zod","zod-nl-02","natural-language","plain-file-bm25","Where is accumulated generated source turned into a callable function by first creating a factory with named closure bindings and then supplying the corresponding captured values?","packages/zod/src/v4/core/doc.ts","success","0","1","0.3333333333333333","0.5","3",".claude/skills/triage/SKILL.md;packages/zod/src/v4/core/compile.ts;packages/zod/src/v4/core/doc.ts;packages/treeshake/bundle-size.test.ts;AGENTS.md;packages/docs-v3/home.md;.claude/skills/security-advisory/SKILL.md;wiki/compile.md;packages/zod/src/v4/classic/tests/cyclic-data.test.ts;packages/bench/compile-helper-scope.ts",""
"zod","zod-nl-03","natural-language","plain-file-bm25","Where does failed non-throwing validation defer constructing its error object until it is read, cache that object, and release captured issue and context state once an error exists?","packages/zod/src/v4/core/parse.ts","success","0","0","0","0","","wiki/compile.md;packages/docs/content/blog/zod-4-6.mdx;.claude/skills/security-advisory/SKILL.md;packages/zod/src/v4/core/memoizer.ts;.github/workflows/release.yml;packages/zod/src/v4/classic/tests/error.test.ts;.claude/skills/triage/SKILL.md;packages/treeshake/bundle-size.test.ts;packages/docs/content/error-customization.mdx;AGENTS.md",""
"zod","zod-nl-04","natural-language","plain-file-bm25","Where is schema-library configuration kept in one shared global object so separately loaded copies reuse existing settings and updates merge into that same object?","packages/zod/src/v4/core/core.ts","success","0","0","0","0","","packages/zod/src/v4/classic/tests/global-config.test.ts;wiki/compile.md;packages/docs/content/library-authors.mdx;packages/zod/src/v4/classic/tests/cyclic-data.test.ts;packages/docs/content/v4/index.mdx;packages/zod/src/v4/core/to-json-schema.ts;.claude/skills/triage/SKILL.md;.claude/skills/security-advisory/SKILL.md;packages/docs/content/v4/changelog.mdx;packages/docs/content/v4/versioning.mdx",""
"zod","zod-nl-05","natural-language","plain-file-bm25","Where is a schema copy transformed so every nested object property becomes optional, and a discriminator-based union becomes an ordinary union because its now-optional discriminator values would conflict?","packages/zod/src/v4/classic/deep-partial.ts;packages/zod/src/v4/mini/deep-partial.ts","success","0","0","0.1","0.17723928678404774","10","packages/zod/src/v4/classic/tests/discriminated-unions.test.ts;packages/zod/src/v4/core/compile.ts;wiki/optionality.md;wiki/compile.md;packages/zod/src/v4/classic/tests/instance-footprint.test.ts;packages/zod/src/v4/core/tests/compile-differential.test.ts;packages/zod/src/v4/classic/tests/deep-partial.test.ts;packages/zod/src/v4/core/to-json-schema.ts;packages/zod/src/v4/core/schemas.ts;packages/zod/src/v4/classic/deep-partial.ts",""
"requests","requests-def-01","explicit-symbol","ocbi-hybrid","Where is HTTPDigestAuth implemented?","src/requests/auth.py","success","1","1","1","1","1","src/requests/auth.py",""
"requests","requests-def-02","explicit-symbol","ocbi-hybrid","Where is CaseInsensitiveDict implemented?","src/requests/structures.py","success","1","1","1","1","1","src/requests/structures.py",""
"requests","requests-def-03","explicit-symbol","ocbi-hybrid","Where is cookiejar_from_dict implemented?","src/requests/cookies.py","success","1","1","1","1","1","src/requests/cookies.py",""
"requests","requests-def-04","explicit-symbol","ocbi-hybrid","Where is HTTPAdapter implemented?","src/requests/adapters.py","success","1","1","1","1","1","src/requests/adapters.py",""
"requests","requests-def-05","explicit-symbol","ocbi-hybrid","Where is PreparedRequest implemented?","src/requests/models.py","success","1","1","1","1","1","src/requests/models.py",""
"requests","requests-def-06","explicit-symbol","ocbi-hybrid","Where is Session implemented?","src/requests/sessions.py","success","1","1","1","1","1","src/requests/sessions.py",""
"requests","requests-nl-01","natural-language","ocbi-hybrid","Where does the one-shot HTTP convenience call create a temporary connection session in a context manager so it is closed after forwarding the request?","src/requests/api.py","success","0","0","0.1111111111111111","0.3010299956639812","9","src/requests/sessions.py;src/requests/adapters.py;src/requests/exceptions.py;src/requests/cookies.py;tests/test_requests.py;docs/user/advanced.rst;tests/test_testserver.py;HISTORY.md;src/requests/api.py;docs/user/quickstart.rst",""
"requests","requests-nl-02","natural-language","ocbi-hybrid","Where is text checked for ASCII-only content by attempting an ASCII encoding and returning false when a character cannot be encoded?","src/requests/_internal_utils.py","success","1","1","1","1","1","src/requests/_internal_utils.py;src/requests/utils.py;src/requests/models.py;src/requests/sessions.py;src/requests/exceptions.py;src/requests/adapters.py;src/requests/compat.py;src/requests/structures.py;src/requests/__init__.py;src/requests/auth.py",""
"requests","requests-nl-03","natural-language","ocbi-hybrid","Where are response callbacks executed in sequence with each non-null return replacing the object passed to the next callback, while a null return preserves the current object?","src/requests/hooks.py","success","0","0","0","0","","src/requests/sessions.py;src/requests/utils.py;src/requests/auth.py;tests/test_testserver.py;docs/user/advanced.rst;src/requests/api.py;src/requests/adapters.py;HISTORY.md;tests/test_requests.py;src/requests/cookies.py",""
"requests","requests-nl-04","natural-language","ocbi-hybrid","Where does the JSON decoding failure type preserve the decoder-specific construction arguments and delegate pickling to the decoder exception instead of the inherited I/O error behavior?","src/requests/exceptions.py","success","1","1","1","1","1","src/requests/exceptions.py;tests/test_lowlevel.py;src/requests/utils.py;docs/user/quickstart.rst;src/requests/models.py;HISTORY.md;tests/test_requests.py;src/requests/_internal_utils.py;src/requests/adapters.py;docs/user/advanced.rst",""
"requests","requests-nl-05","natural-language","ocbi-hybrid","Where is an optional character-detection library selected by trying the legacy detector first, then the normalizing detector only if the first import was unavailable?","src/requests/compat.py","success","1","1","1","1","1","src/requests/compat.py;src/requests/__init__.py;src/requests/exceptions.py;src/requests/models.py;src/requests/certs.py;src/requests/packages.py;src/requests/adapters.py;src/requests/utils.py;src/requests/sessions.py;src/requests/_internal_utils.py",""
"requests","requests-def-01","explicit-symbol","ocbi-structural","Where is HTTPDigestAuth implemented?","src/requests/auth.py","success","1","1","1","1","1","src/requests/auth.py",""
"requests","requests-def-02","explicit-symbol","ocbi-structural","Where is CaseInsensitiveDict implemented?","src/requests/structures.py","success","1","1","1","1","1","src/requests/structures.py",""
"requests","requests-def-03","explicit-symbol","ocbi-structural","Where is cookiejar_from_dict implemented?","src/requests/cookies.py","success","1","1","1","1","1","src/requests/cookies.py",""
"requests","requests-def-04","explicit-symbol","ocbi-structural","Where is HTTPAdapter implemented?","src/requests/adapters.py","success","1","1","1","1","1","src/requests/adapters.py",""
"requests","requests-def-05","explicit-symbol","ocbi-structural","Where is PreparedRequest implemented?","src/requests/models.py","success","1","1","1","1","1","src/requests/models.py",""
"requests","requests-def-06","explicit-symbol","ocbi-structural","Where is Session implemented?","src/requests/sessions.py","success","1","1","1","1","1","src/requests/sessions.py",""
"requests","requests-nl-01","natural-language","ocbi-structural","Where does the one-shot HTTP convenience call create a temporary connection session in a context manager so it is closed after forwarding the request?","src/requests/api.py","success","0","0","0.14285714285714285","0.3333333333333333","7","src/requests/adapters.py;src/requests/cookies.py;tests/test_requests.py;docs/user/advanced.rst;src/requests/sessions.py;HISTORY.md;src/requests/api.py;src/requests/certs.py;src/requests/models.py;tests/test_testserver.py",""
"requests","requests-nl-02","natural-language","ocbi-structural","Where is text checked for ASCII-only content by attempting an ASCII encoding and returning false when a character cannot be encoded?","src/requests/_internal_utils.py","success","1","1","1","1","1","src/requests/_internal_utils.py;src/requests/utils.py;src/requests/exceptions.py;src/requests/adapters.py;src/requests/sessions.py;src/requests/models.py;src/requests/compat.py;src/requests/certs.py;src/requests/structures.py;src/requests/api.py",""
"requests","requests-nl-03","natural-language","ocbi-structural","Where are response callbacks executed in sequence with each non-null return replacing the object passed to the next callback, while a null return preserves the current object?","src/requests/hooks.py","success","0","0","0","0","","src/requests/utils.py;src/requests/auth.py;src/requests/sessions.py;src/requests/api.py;docs/user/advanced.rst;HISTORY.md;src/requests/cookies.py;tests/test_requests.py;docs/api.rst;src/requests/models.py",""
"requests","requests-nl-04","natural-language","ocbi-structural","Where does the JSON decoding failure type preserve the decoder-specific construction arguments and delegate pickling to the decoder exception instead of the inherited I/O error behavior?","src/requests/exceptions.py","success","1","1","1","1","1","src/requests/exceptions.py;src/requests/utils.py;docs/user/quickstart.rst;HISTORY.md;src/requests/_internal_utils.py;src/requests/adapters.py;src/requests/models.py;docs/api.rst;tests/test_requests.py;src/requests/sessions.py",""
"requests","requests-nl-05","natural-language","ocbi-structural","Where is an optional character-detection library selected by trying the legacy detector first, then the normalizing detector only if the first import was unavailable?","src/requests/compat.py","success","1","1","1","1","1","src/requests/compat.py;src/requests/exceptions.py;src/requests/sessions.py;src/requests/adapters.py;src/requests/certs.py;src/requests/models.py;src/requests/api.py;src/requests/utils.py;src/requests/auth.py;src/requests/__init__.py",""
"requests","requests-def-01","explicit-symbol","codegraph","Where is HTTPDigestAuth implemented?","src/requests/auth.py","success","1","1","1","1","1","src/requests/auth.py;tests/test_requests.py",""
"requests","requests-def-02","explicit-symbol","codegraph","Where is CaseInsensitiveDict implemented?","src/requests/structures.py","success","1","1","1","1","1","src/requests/structures.py;src/requests/utils.py;src/requests/_types.py;src/requests/adapters.py;src/requests/models.py;src/requests/sessions.py;tests/test_structures.py;tests/test_requests.py;tests/test_utils.py",""
"requests","requests-def-03","explicit-symbol","codegraph","Where is cookiejar_from_dict implemented?","src/requests/cookies.py","success","1","1","1","1","1","src/requests/cookies.py;src/requests/utils.py;src/requests/models.py;src/requests/sessions.py;tests/test_requests.py",""
"requests","requests-def-04","explicit-symbol","codegraph","Where is HTTPAdapter implemented?","src/requests/adapters.py","success","1","1","1","1","1","src/requests/adapters.py;src/requests/models.py;src/requests/sessions.py;tests/test_requests.py",""
"requests","requests-def-05","explicit-symbol","codegraph","Where is PreparedRequest implemented?","src/requests/models.py","success","1","1","1","1","1","src/requests/models.py;src/requests/auth.py;src/requests/cookies.py;src/requests/_types.py;src/requests/sessions.py;src/requests/utils.py;src/requests/adapters.py;src/requests/__init__.py",""
"requests","requests-def-06","explicit-symbol","codegraph","Where is Session implemented?","src/requests/sessions.py","success","1","1","1","1","1","src/requests/sessions.py;src/requests/__init__.py;src/requests/models.py;tests/test_requests.py;src/requests/adapters.py",""
"requests","requests-nl-01","natural-language","codegraph","Where does the one-shot HTTP convenience call create a temporary connection session in a context manager so it is closed after forwarding the request?","src/requests/api.py","success","0","0","0","0","","src/requests/exceptions.py;src/requests/models.py;src/requests/adapters.py;tests/test_requests.py",""
"requests","requests-nl-02","natural-language","codegraph","Where is text checked for ASCII-only content by attempting an ASCII encoding and returning false when a character cannot be encoded?","src/requests/_internal_utils.py","success","0","0","0","0","","src/requests/models.py;src/requests/utils.py;tests/test_utils.py",""
"requests","requests-nl-03","natural-language","codegraph","Where are response callbacks executed in sequence with each non-null return replacing the object passed to the next callback, while a null return preserves the current object?","src/requests/hooks.py","success","0","0","0","0","","src/requests/models.py;src/requests/utils.py;src/requests/_types.py",""
"requests","requests-nl-04","natural-language","codegraph","Where does the JSON decoding failure type preserve the decoder-specific construction arguments and delegate pickling to the decoder exception instead of the inherited I/O error behavior?","src/requests/exceptions.py","success","1","1","1","1","1","src/requests/exceptions.py;src/requests/models.py;tests/test_requests.py;tests/test_lowlevel.py;src/requests/utils.py",""
"requests","requests-nl-05","natural-language","codegraph","Where is an optional character-detection library selected by trying the legacy detector first, then the normalizing detector only if the first import was unavailable?","src/requests/compat.py","success","0","1","0.3333333333333333","0.5","3","src/requests/help.py;src/requests/__init__.py;src/requests/compat.py",""
"requests","requests-def-01","explicit-symbol","codebase-memory","Where is HTTPDigestAuth implemented?","src/requests/auth.py","success","1","1","1","1","1","src/requests/auth.py",""
"requests","requests-def-02","explicit-symbol","codebase-memory","Where is CaseInsensitiveDict implemented?","src/requests/structures.py","success","1","1","1","1","1","src/requests/structures.py",""
"requests","requests-def-03","explicit-symbol","codebase-memory","Where is cookiejar_from_dict implemented?","src/requests/cookies.py","success","1","1","1","1","1","src/requests/cookies.py",""
"requests","requests-def-04","explicit-symbol","codebase-memory","Where is HTTPAdapter implemented?","src/requests/adapters.py","success","1","1","1","1","1","src/requests/adapters.py",""
"requests","requests-def-05","explicit-symbol","codebase-memory","Where is PreparedRequest implemented?","src/requests/models.py","success","1","1","1","1","1","src/requests/models.py",""
"requests","requests-def-06","explicit-symbol","codebase-memory","Where is Session implemented?","src/requests/sessions.py","success","1","1","1","1","1","src/requests/sessions.py",""
"requests","requests-nl-01","natural-language","codebase-memory","Where does the one-shot HTTP convenience call create a temporary connection session in a context manager so it is closed after forwarding the request?","src/requests/api.py","unsupported","","","","","","",""
"requests","requests-nl-02","natural-language","codebase-memory","Where is text checked for ASCII-only content by attempting an ASCII encoding and returning false when a character cannot be encoded?","src/requests/_internal_utils.py","unsupported","","","","","","",""
"requests","requests-nl-03","natural-language","codebase-memory","Where are response callbacks executed in sequence with each non-null return replacing the object passed to the next callback, while a null return preserves the current object?","src/requests/hooks.py","unsupported","","","","","","",""
"requests","requests-nl-04","natural-language","codebase-memory","Where does the JSON decoding failure type preserve the decoder-specific construction arguments and delegate pickling to the decoder exception instead of the inherited I/O error behavior?","src/requests/exceptions.py","unsupported","","","","","","",""
"requests","requests-nl-05","natural-language","codebase-memory","Where is an optional character-detection library selected by trying the legacy detector first, then the normalizing detector only if the first import was unavailable?","src/requests/compat.py","unsupported","","","","","","",""
"requests","requests-def-01","explicit-symbol","grepai","Where is HTTPDigestAuth implemented?","src/requests/auth.py","success","0","1","0.2","0.38685280723454163","5","src/requests/status_codes.py;src/requests/__init__.py;src/requests/sessions.py;src/requests/api.py;src/requests/auth.py;src/requests/models.py;tests/conftest.py;requirements-dev.txt;tests/__init__.py;src/requests/help.py",""
"requests","requests-def-02","explicit-symbol","grepai","Where is CaseInsensitiveDict implemented?","src/requests/structures.py","success","1","1","1","1","1","src/requests/structures.py;src/requests/models.py;tests/__init__.py;src/requests/utils.py;src/requests/exceptions.py;src/requests/status_codes.py;src/requests/cookies.py;src/requests/adapters.py;tests/compat.py;src/requests/__init__.py",""
"requests","requests-def-03","explicit-symbol","grepai","Where is cookiejar_from_dict implemented?","src/requests/cookies.py","success","1","1","1","1","1","src/requests/cookies.py;src/requests/utils.py;src/requests/sessions.py;src/requests/models.py;src/requests/compat.py;src/requests/structures.py;src/requests/exceptions.py;src/requests/auth.py;src/requests/help.py;.github/dependabot.yml",""
"requests","requests-def-04","explicit-symbol","grepai","Where is HTTPAdapter implemented?","src/requests/adapters.py","success","0","0","0.14285714285714285","0.3333333333333333","7","src/requests/models.py;src/requests/__init__.py;src/requests/status_codes.py;tests/conftest.py;src/requests/sessions.py;src/requests/cookies.py;src/requests/adapters.py;src/requests/auth.py;src/requests/api.py;src/requests/compat.py",""
"requests","requests-def-05","explicit-symbol","grepai","Where is PreparedRequest implemented?","src/requests/models.py","success","1","1","1","1","1","src/requests/models.py;src/requests/sessions.py;src/requests/adapters.py;src/requests/auth.py;src/requests/utils.py;src/requests/_types.py;src/requests/exceptions.py;src/requests/api.py;docs/requirements.txt;src/requests/cookies.py",""
"requests","requests-def-06","explicit-symbol","grepai","Where is Session implemented?","src/requests/sessions.py","success","1","1","1","1","1","src/requests/sessions.py;src/requests/__init__.py;tests/testserver/server.py;tests/conftest.py;src/requests/utils.py;src/requests/adapters.py;.github/workflows/lock-issues.yml;src/requests/models.py;src/requests/api.py;src/requests/status_codes.py",""
"requests","requests-nl-01","natural-language","grepai","Where does the one-shot HTTP convenience call create a temporary connection session in a context manager so it is closed after forwarding the request?","src/requests/api.py","success","0","1","0.5","0.6309297535714575","2","src/requests/sessions.py;src/requests/api.py;src/requests/models.py;src/requests/adapters.py;tests/testserver/server.py;src/requests/exceptions.py;tests/conftest.py;src/requests/cookies.py;.github/workflows/close-issues.yml;src/requests/utils.py",""
"requests","requests-nl-02","natural-language","grepai","Where is text checked for ASCII-only content by attempting an ASCII encoding and returning false when a character cannot be encoded?","src/requests/_internal_utils.py","success","1","1","1","1","1","src/requests/_internal_utils.py;src/requests/utils.py;src/requests/models.py;src/requests/auth.py;tests/compat.py;src/requests/adapters.py;.pre-commit-config.yaml;src/requests/compat.py;docs/_static/custom.css;src/requests/exceptions.py",""
"requests","requests-nl-03","natural-language","grepai","Where are response callbacks executed in sequence with each non-null return replacing the object passed to the next callback, while a null return preserves the current object?","src/requests/hooks.py","success","0","0","0.1","0.2890648263178879","10","src/requests/models.py;src/requests/api.py;src/requests/status_codes.py;src/requests/utils.py;src/requests/structures.py;src/requests/auth.py;src/requests/sessions.py;src/requests/adapters.py;src/requests/_types.py;src/requests/hooks.py",""
"requests","requests-nl-04","natural-language","grepai","Where does the JSON decoding failure type preserve the decoder-specific construction arguments and delegate pickling to the decoder exception instead of the inherited I/O error behavior?","src/requests/exceptions.py","success","1","1","1","1","1","src/requests/exceptions.py;src/requests/models.py;src/requests/help.py;src/requests/utils.py;src/requests/structures.py;src/requests/_types.py;src/requests/cookies.py;src/requests/adapters.py;src/requests/status_codes.py;tests/utils.py",""
"requests","requests-nl-05","natural-language","grepai","Where is an optional character-detection library selected by trying the legacy detector first, then the normalizing detector only if the first import was unavailable?","src/requests/compat.py","success","0","1","0.3333333333333333","0.5","3","src/requests/__init__.py;src/requests/models.py;src/requests/compat.py;src/requests/exceptions.py;tests/__init__.py;src/requests/packages.py;src/requests/help.py;.pre-commit-config.yaml;src/requests/auth.py;tests/compat.py",""
"requests","requests-def-01","explicit-symbol","literal-unindexed","Where is HTTPDigestAuth implemented?","src/requests/auth.py","success","0","1","0.2","0.38685280723454163","5","HISTORY.md;docs/api.rst;docs/user/advanced.rst;docs/user/authentication.rst;src/requests/auth.py;tests/test_lowlevel.py;tests/test_requests.py",""
"requests","requests-def-02","explicit-symbol","literal-unindexed","Where is CaseInsensitiveDict implemented?","src/requests/structures.py","success","0","0","0.16666666666666666","0.3562071871080222","6","HISTORY.md;src/requests/_types.py;src/requests/adapters.py;src/requests/models.py;src/requests/sessions.py;src/requests/structures.py;src/requests/utils.py;tests/test_requests.py;tests/test_structures.py;tests/test_utils.py",""
"requests","requests-def-03","explicit-symbol","literal-unindexed","Where is cookiejar_from_dict implemented?","src/requests/cookies.py","success","0","1","0.5","0.6309297535714575","2","docs/api.rst;src/requests/cookies.py;src/requests/models.py;src/requests/sessions.py;src/requests/utils.py;tests/test_requests.py",""
"requests","requests-def-04","explicit-symbol","literal-unindexed","Where is HTTPAdapter implemented?","src/requests/adapters.py","success","0","1","0.25","0.43067655807339306","4","HISTORY.md;docs/api.rst;docs/user/advanced.rst;src/requests/adapters.py;src/requests/models.py;src/requests/sessions.py;tests/test_adapters.py;tests/test_requests.py",""
"requests","requests-def-05","explicit-symbol","literal-unindexed","Where is PreparedRequest implemented?","src/requests/models.py","success","0","0","0.1","0.2890648263178879","10","HISTORY.md;docs/api.rst;docs/user/advanced.rst;src/requests/__init__.py;src/requests/_types.py;src/requests/adapters.py;src/requests/auth.py;src/requests/cookies.py;src/requests/exceptions.py;src/requests/models.py",""
"requests","requests-def-06","explicit-symbol","literal-unindexed","Where is Session implemented?","src/requests/sessions.py","success","0","0","0","0","","HISTORY.md;README.md;docs/api.rst;docs/index.rst;docs/user/advanced.rst;docs/user/authentication.rst;src/requests/__init__.py;src/requests/adapters.py;src/requests/api.py;src/requests/models.py",""
"requests","requests-nl-01","natural-language","literal-unindexed","Where does the one-shot HTTP convenience call create a temporary connection session in a context manager so it is closed after forwarding the request?","src/requests/api.py","success","0","0","0","0","","",""
"requests","requests-nl-02","natural-language","literal-unindexed","Where is text checked for ASCII-only content by attempting an ASCII encoding and returning false when a character cannot be encoded?","src/requests/_internal_utils.py","success","0","0","0","0","","",""
"requests","requests-nl-03","natural-language","literal-unindexed","Where are response callbacks executed in sequence with each non-null return replacing the object passed to the next callback, while a null return preserves the current object?","src/requests/hooks.py","success","0","0","0","0","","",""
"requests","requests-nl-04","natural-language","literal-unindexed","Where does the JSON decoding failure type preserve the decoder-specific construction arguments and delegate pickling to the decoder exception instead of the inherited I/O error behavior?","src/requests/exceptions.py","success","0","0","0","0","","",""
"requests","requests-nl-05","natural-language","literal-unindexed","Where is an optional character-detection library selected by trying the legacy detector first, then the normalizing detector only if the first import was unavailable?","src/requests/compat.py","success","0","0","0","0","","",""
"requests","requests-def-01","explicit-symbol","plain-file-bm25","Where is HTTPDigestAuth implemented?","src/requests/auth.py","success","0","1","0.3333333333333333","0.5","3","docs/user/authentication.rst;tests/test_lowlevel.py;src/requests/auth.py;docs/api.rst;tests/test_requests.py;HISTORY.md;docs/user/advanced.rst",""
"requests","requests-def-02","explicit-symbol","plain-file-bm25","Where is CaseInsensitiveDict implemented?","src/requests/structures.py","success","1","1","1","1","1","src/requests/structures.py;tests/test_structures.py;src/requests/_types.py;tests/test_requests.py;tests/test_utils.py;src/requests/utils.py;src/requests/models.py;src/requests/sessions.py;src/requests/adapters.py;HISTORY.md",""
"requests","requests-def-03","explicit-symbol","plain-file-bm25","Where is cookiejar_from_dict implemented?","src/requests/cookies.py","success","1","1","1","1","1","src/requests/cookies.py;src/requests/utils.py;src/requests/sessions.py;src/requests/models.py;src/requests/_types.py;docs/api.rst;tests/test_utils.py;src/requests/auth.py;tests/test_requests.py;src/requests/api.py",""
"requests","requests-def-04","explicit-symbol","plain-file-bm25","Where is HTTPAdapter implemented?","src/requests/adapters.py","success","1","1","1","1","1","src/requests/adapters.py;tests/test_adapters.py;tests/test_requests.py;docs/user/advanced.rst;docs/api.rst;HISTORY.md;src/requests/sessions.py;src/requests/models.py",""
"requests","requests-def-05","explicit-symbol","plain-file-bm25","Where is PreparedRequest implemented?","src/requests/models.py","success","0","1","0.25","0.43067655807339306","4","src/requests/adapters.py;src/requests/_types.py;src/requests/auth.py;src/requests/models.py;src/requests/sessions.py;src/requests/exceptions.py;src/requests/__init__.py;src/requests/cookies.py;HISTORY.md;tests/test_requests.py",""
"requests","requests-def-06","explicit-symbol","plain-file-bm25","Where is Session implemented?","src/requests/sessions.py","success","0","1","0.3333333333333333","0.5","3","docs/user/advanced.rst;tests/test_requests.py;src/requests/sessions.py;docs/api.rst;src/requests/__init__.py;HISTORY.md;src/requests/api.py;docs/user/authentication.rst;docs/community/recommended.rst;src/requests/adapters.py",""
"requests","requests-nl-01","natural-language","plain-file-bm25","Where does the one-shot HTTP convenience call create a temporary connection session in a context manager so it is closed after forwarding the request?","src/requests/api.py","success","0","0","0","0","","HISTORY.md;src/requests/adapters.py;docs/user/advanced.rst;src/requests/sessions.py;tests/test_requests.py;docs/user/quickstart.rst;src/requests/models.py;src/requests/utils.py;tests/test_testserver.py;src/requests/cookies.py",""
"requests","requests-nl-02","natural-language","plain-file-bm25","Where is text checked for ASCII-only content by attempting an ASCII encoding and returning false when a character cannot be encoded?","src/requests/_internal_utils.py","success","0","0","0.125","0.31546487678572877","8","src/requests/utils.py;HISTORY.md;src/requests/models.py;docs/user/quickstart.rst;docs/user/advanced.rst;tests/test_utils.py;tests/test_requests.py;src/requests/_internal_utils.py;tests/test_lowlevel.py;src/requests/sessions.py",""
"requests","requests-nl-03","natural-language","plain-file-bm25","Where are response callbacks executed in sequence with each non-null return replacing the object passed to the next callback, while a null return preserves the current object?","src/requests/hooks.py","success","0","0","0","0","","src/requests/utils.py;HISTORY.md;docs/user/advanced.rst;src/requests/models.py;src/requests/sessions.py;src/requests/auth.py;LICENSE;docs/user/quickstart.rst;tests/test_requests.py;src/requests/api.py",""
"requests","requests-nl-04","natural-language","plain-file-bm25","Where does the JSON decoding failure type preserve the decoder-specific construction arguments and delegate pickling to the decoder exception instead of the inherited I/O error behavior?","src/requests/exceptions.py","success","0","1","0.25","0.43067655807339306","4","docs/user/quickstart.rst;HISTORY.md;docs/api.rst;src/requests/exceptions.py;src/requests/utils.py;tests/test_requests.py;src/requests/sessions.py;docs/user/advanced.rst;src/requests/models.py;src/requests/api.py",""
"requests","requests-nl-05","natural-language","plain-file-bm25","Where is an optional character-detection library selected by trying the legacy detector first, then the normalizing detector only if the first import was unavailable?","src/requests/compat.py","success","0","0","0.14285714285714285","0.3333333333333333","7","HISTORY.md;src/requests/utils.py;docs/user/advanced.rst;src/requests/exceptions.py;src/requests/models.py;src/requests/sessions.py;src/requests/compat.py;src/requests/__init__.py;src/requests/adapters.py;LICENSE",""
"echo","echo-def-01","explicit-symbol","ocbi-hybrid","Where is BindPathValues implemented?","bind.go","success","1","1","1","1","1","bind.go",""
"echo","echo-def-02","explicit-symbol","ocbi-hybrid","Where is NewHTTPError implemented?","httperror.go","success","1","1","1","1","1","httperror.go",""
"echo","echo-def-03","explicit-symbol","ocbi-hybrid","Where is ExtractIPFromXFFHeader implemented?","ip.go","success","1","1","1","1","1","ip.go",""
"echo","echo-def-04","explicit-symbol","ocbi-hybrid","Where is NewResponse implemented?","response.go","success","1","1","1","1","1","response.go",""
"echo","echo-def-05","explicit-symbol","ocbi-hybrid","Where is HandlerName implemented?","route.go","success","1","1","1","1","1","route.go",""
"echo","echo-def-06","explicit-symbol","ocbi-hybrid","Where is ExtractSchemeDirect implemented?","scheme.go","success","1","1","1","1","1","scheme.go",""
"echo","echo-nl-01","natural-language","ocbi-hybrid","Where is a request given a cancellable deadline context, with a returned deadline-exceeded error translated to service unavailable by default?","middleware/context_timeout.go","success","1","1","1","1","1","middleware/context_timeout.go;context.go;rfc9457.go;middleware/proxy.go;middleware/request_logger.go;middleware/recover.go;httperror.go;middleware/rate_limiter.go;middleware/extractor.go;middleware/cors.go",""
"echo","echo-nl-02","natural-language","ocbi-hybrid","Where are incoming gzip bodies decoded using pooled readers, with a default expansion-size ceiling and the request length changed to unknown?","middleware/decompress.go","success","1","1","1","1","1","middleware/decompress.go;middleware/static.go;middleware/compress.go;echo.go;middleware/request_logger.go;middleware/decompress_test.go;context.go;middleware/body_limit.go;router.go;binder_external_test.go",""
"echo","echo-nl-03","natural-language","ocbi-hybrid","Where are handler panics converted into errors with an optional captured stack, while the HTTP server abort sentinel is deliberately rethrown?","middleware/recover.go","success","1","1","1","1","1","middleware/recover.go;middleware/proxy.go;echo.go;response.go;server_test.go;rfc9457.go;server.go;middleware/compress.go;middleware/body_dump.go;API_CHANGES_V5.md",""
"echo","echo-nl-04","natural-language","ocbi-hybrid","Where does middleware reuse an incoming correlation identifier or generate one when absent, place it in the response header, and invoke an optional hook before continuing?","middleware/request_id.go","success","0","1","0.5","0.6309297535714575","2","middleware/cors.go;middleware/request_id.go;middleware/middleware_test.go;middleware/rate_limiter.go;ROADMAP.md;middleware/csrf.go;middleware/compress.go;middleware/redirect.go;middleware/static.go;middleware/request_logger.go",""
"echo","echo-nl-05","natural-language","ocbi-hybrid","Where are oversized request bodies rejected both from their declared length and while reading, probing at most one byte beyond the allowance and retaining the overflow error on later reads?","middleware/body_limit.go","success","1","1","1","1","1","middleware/body_limit.go;ip.go;middleware/body_dump_test.go;middleware/util.go;middleware/randomstring_bench_test.go;middleware/body_limit_test.go;router.go;bind.go;context.go;echo.go",""
"echo","echo-def-01","explicit-symbol","ocbi-structural","Where is BindPathValues implemented?","bind.go","success","1","1","1","1","1","bind.go",""
"echo","echo-def-02","explicit-symbol","ocbi-structural","Where is NewHTTPError implemented?","httperror.go","success","1","1","1","1","1","httperror.go",""
"echo","echo-def-03","explicit-symbol","ocbi-structural","Where is ExtractIPFromXFFHeader implemented?","ip.go","success","1","1","1","1","1","ip.go",""
"echo","echo-def-04","explicit-symbol","ocbi-structural","Where is NewResponse implemented?","response.go","success","1","1","1","1","1","response.go",""
"echo","echo-def-05","explicit-symbol","ocbi-structural","Where is HandlerName implemented?","route.go","success","1","1","1","1","1","route.go",""
"echo","echo-def-06","explicit-symbol","ocbi-structural","Where is ExtractSchemeDirect implemented?","scheme.go","success","1","1","1","1","1","scheme.go",""
"echo","echo-nl-01","natural-language","ocbi-structural","Where is a request given a cancellable deadline context, with a returned deadline-exceeded error translated to service unavailable by default?","middleware/context_timeout.go","success","0","1","0.25","0.43067655807339306","4","context.go;rfc9457.go;httperror.go;middleware/context_timeout.go;middleware/request_id.go;middleware/request_logger.go;context_generic.go;echo.go;middleware/static_other.go;echotest/context.go",""
"echo","echo-nl-02","natural-language","ocbi-structural","Where are incoming gzip bodies decoded using pooled readers, with a default expansion-size ceiling and the request length changed to unknown?","middleware/decompress.go","success","0","1","0.5","0.6309297535714575","2","middleware/static.go;middleware/decompress.go;middleware/compress.go;echo.go;middleware/request_logger.go;context.go;middleware/body_limit.go;router.go;binder_external_test.go;ip.go",""
"echo","echo-nl-03","natural-language","ocbi-structural","Where are handler panics converted into errors with an optional captured stack, while the HTTP server abort sentinel is deliberately rethrown?","middleware/recover.go","success","1","1","1","1","1","middleware/recover.go;echo.go;rfc9457.go;server.go;middleware/proxy.go;router_concurrent_test.go;router.go;middleware/proxy_test.go;rfc9457_test.go;middleware/request_logger.go",""
"echo","echo-nl-04","natural-language","ocbi-structural","Where does middleware reuse an incoming correlation identifier or generate one when absent, place it in the response header, and invoke an optional hook before continuing?","middleware/request_id.go","success","1","1","1","1","1","middleware/request_id.go;middleware/rate_limiter.go;middleware/compress.go;middleware/cors.go;ROADMAP.md;middleware/static.go;middleware/request_logger.go;middleware/proxy_test.go;middleware/proxy.go;echo.go",""
"echo","echo-nl-05","natural-language","ocbi-structural","Where are oversized request bodies rejected both from their declared length and while reading, probing at most one byte beyond the allowance and retaining the overflow error on later reads?","middleware/body_limit.go","success","0","0","0.14285714285714285","0.3333333333333333","7","ip.go;middleware/util.go;middleware/randomstring_bench_test.go;bind.go;context.go;router.go;middleware/body_limit.go;middleware/request_logger.go;echo.go;ROADMAP.md",""
"echo","echo-def-01","explicit-symbol","codegraph","Where is BindPathValues implemented?","bind.go","success","1","1","1","1","1","bind.go",""
"echo","echo-def-02","explicit-symbol","codegraph","Where is NewHTTPError implemented?","httperror.go","success","1","1","1","1","1","httperror.go;middleware/rate_limiter.go;middleware/key_auth.go",""
"echo","echo-def-03","explicit-symbol","codegraph","Where is ExtractIPFromXFFHeader implemented?","ip.go","success","1","1","1","1","1","ip.go;context.go",""
"echo","echo-def-04","explicit-symbol","codegraph","Where is NewResponse implemented?","response.go","success","1","1","1","1","1","response.go",""
"echo","echo-def-05","explicit-symbol","codegraph","Where is HandlerName implemented?","route.go","success","1","1","1","1","1","route.go",""
"echo","echo-def-06","explicit-symbol","codegraph","Where is ExtractSchemeDirect implemented?","scheme.go","success","1","1","1","1","1","scheme.go",""
"echo","echo-nl-01","natural-language","codegraph","Where is a request given a cancellable deadline context, with a returned deadline-exceeded error translated to service unavailable by default?","middleware/context_timeout.go","success","0","0","0","0","","httperror.go;context.go;middleware/extractor.go;middleware/body_dump_test.go;middleware/decompress_test.go;echo.go;middleware/body_limit_test.go",""
"echo","echo-nl-02","natural-language","codegraph","Where are incoming gzip bodies decoded using pooled readers, with a default expansion-size ceiling and the request length changed to unknown?","middleware/decompress.go","success","0","0","0","0","","context.go;middleware/body_limit.go;middleware/request_id.go;middleware/body_dump_test.go;middleware/decompress_test.go;echo.go;middleware/body_limit_test.go;middleware/extractor.go",""
"echo","echo-nl-03","natural-language","codegraph","Where are handler panics converted into errors with an optional captured stack, while the HTTP server abort sentinel is deliberately rethrown?","middleware/recover.go","success","1","1","1","1","1","middleware/recover.go;httperror.go;binder.go;rfc9457_test.go;httperror_test.go;bind.go;json_test.go;binder_error_response_test.go",""
"echo","echo-nl-04","natural-language","codegraph","Where does middleware reuse an incoming correlation identifier or generate one when absent, place it in the response header, and invoke an optional hook before continuing?","middleware/request_id.go","success","0","0","0","0","","response.go;echo.go;response_test.go;httperror.go;route.go",""
"echo","echo-nl-05","natural-language","codegraph","Where are oversized request bodies rejected both from their declared length and while reading, probing at most one byte beyond the allowance and retaining the overflow error on later reads?","middleware/body_limit.go","success","0","0","0","0","","rfc9457.go;httperror.go;rfc9457_test.go",""
"echo","echo-def-01","explicit-symbol","codebase-memory","Where is BindPathValues implemented?","bind.go","success","1","1","1","1","1","bind.go",""
"echo","echo-def-02","explicit-symbol","codebase-memory","Where is NewHTTPError implemented?","httperror.go","success","1","1","1","1","1","httperror.go",""
"echo","echo-def-03","explicit-symbol","codebase-memory","Where is ExtractIPFromXFFHeader implemented?","ip.go","success","1","1","1","1","1","ip.go",""
"echo","echo-def-04","explicit-symbol","codebase-memory","Where is NewResponse implemented?","response.go","success","1","1","1","1","1","response.go",""
"echo","echo-def-05","explicit-symbol","codebase-memory","Where is HandlerName implemented?","route.go","success","0","1","0.5","0.6309297535714575","2","API_CHANGES_V5.md;route.go",""
"echo","echo-def-06","explicit-symbol","codebase-memory","Where is ExtractSchemeDirect implemented?","scheme.go","success","1","1","1","1","1","scheme.go",""
"echo","echo-nl-01","natural-language","codebase-memory","Where is a request given a cancellable deadline context, with a returned deadline-exceeded error translated to service unavailable by default?","middleware/context_timeout.go","unsupported","","","","","","",""
"echo","echo-nl-02","natural-language","codebase-memory","Where are incoming gzip bodies decoded using pooled readers, with a default expansion-size ceiling and the request length changed to unknown?","middleware/decompress.go","unsupported","","","","","","",""
"echo","echo-nl-03","natural-language","codebase-memory","Where are handler panics converted into errors with an optional captured stack, while the HTTP server abort sentinel is deliberately rethrown?","middleware/recover.go","unsupported","","","","","","",""
"echo","echo-nl-04","natural-language","codebase-memory","Where does middleware reuse an incoming correlation identifier or generate one when absent, place it in the response header, and invoke an optional hook before continuing?","middleware/request_id.go","unsupported","","","","","","",""
"echo","echo-nl-05","natural-language","codebase-memory","Where are oversized request bodies rejected both from their declared length and while reading, probing at most one byte beyond the allowance and retaining the overflow error on later reads?","middleware/body_limit.go","unsupported","","","","","","",""
"echo","echo-def-01","explicit-symbol","grepai","Where is BindPathValues implemented?","bind.go","success","1","1","1","1","1","bind.go;binder_generic.go;binder.go;router.go;route_path.go;context.go;llms-full.txt;echo.go;middleware/static.go;route.go",""
"echo","echo-def-02","explicit-symbol","grepai","Where is NewHTTPError implemented?","httperror.go","success","0","1","0.5","0.6309297535714575","2","middleware/csrf.go;httperror.go;vhost.go;rfc9457.go;echo.go;middleware/redirect.go;middleware/static_other.go;middleware/static.go;middleware/proxy.go;middleware/method_override.go",""
"echo","echo-def-03","explicit-symbol","grepai","Where is ExtractIPFromXFFHeader implemented?","ip.go","success","1","1","1","1","1","ip.go;middleware/extractor.go;context.go;scheme.go;echo.go;middleware/csrf.go;_fixture/folder/index.html;_fixture/index.html;middleware/request_logger.go;middleware/rate_limiter.go",""
"echo","echo-def-04","explicit-symbol","grepai","Where is NewResponse implemented?","response.go","success","1","1","1","1","1","response.go;context.go;middleware/body_dump.go;middleware/compress.go;httperror.go;middleware/csrf.go;vhost.go;middleware/request_logger.go;echo.go;middleware/static.go",""
"echo","echo-def-05","explicit-symbol","grepai","Where is HandlerName implemented?","route.go","success","0","0","0","0","",".github/FUNDING.yml;middleware/request_logger.go;echo.go;middleware/key_auth.go;middleware/basic_auth.go;router.go;vhost.go;middleware/proxy.go;httperror.go;middleware/body_dump.go",""
"echo","echo-def-06","explicit-symbol","grepai","Where is ExtractSchemeDirect implemented?","scheme.go","success","0","1","0.2","0.38685280723454163","5","middleware/extractor.go;ip.go;context.go;middleware/redirect.go;scheme.go;middleware/rewrite.go;middleware/util.go;_fixture/folder/index.html;_fixture/index.html;echotest/context.go",""
"echo","echo-nl-01","natural-language","grepai","Where is a request given a cancellable deadline context, with a returned deadline-exceeded error translated to service unavailable by default?","middleware/context_timeout.go","success","1","1","1","1","1","middleware/context_timeout.go;middleware/rate_limiter.go;middleware/proxy.go;context.go;rfc9457.go;middleware/request_logger.go;.github/workflows/ci.yml;middleware/rewrite.go;middleware/request_id.go;middleware/cors.go",""
"echo","echo-nl-02","natural-language","grepai","Where are incoming gzip bodies decoded using pooled readers, with a default expansion-size ceiling and the request length changed to unknown?","middleware/decompress.go","success","1","1","1","1","1","middleware/decompress.go;middleware/compress.go;middleware/request_logger.go;json.go;middleware/body_limit.go;middleware/body_dump.go;middleware/util.go;context.go;middleware/rate_limiter.go;echo.go",""
"echo","echo-nl-03","natural-language","grepai","Where are handler panics converted into errors with an optional captured stack, while the HTTP server abort sentinel is deliberately rethrown?","middleware/recover.go","success","1","1","1","1","1","middleware/recover.go;echo.go;middleware/proxy.go;response.go;server.go;httperror.go;rfc9457.go;echotest/context.go;middleware/compress.go;middleware/csrf.go",""
"echo","echo-nl-04","natural-language","grepai","Where does middleware reuse an incoming correlation identifier or generate one when absent, place it in the response header, and invoke an optional hook before continuing?","middleware/request_id.go","success","1","1","1","1","1","middleware/request_id.go;middleware/redirect.go;response.go;middleware/secure.go;middleware/proxy.go;middleware/middleware.go;middleware/rate_limiter.go;echo.go;middleware/request_logger.go;context.go",""
"echo","echo-nl-05","natural-language","grepai","Where are oversized request bodies rejected both from their declared length and while reading, probing at most one byte beyond the allowance and retaining the overflow error on later reads?","middleware/body_limit.go","success","1","1","1","1","1","middleware/body_limit.go;middleware/body_dump.go;response.go;middleware/compress.go;middleware/decompress.go;middleware/request_logger.go;context.go;router.go;json.go;echo.go",""
"echo","echo-def-01","explicit-symbol","literal-unindexed","Where is BindPathValues implemented?","bind.go","success","0","1","0.5","0.6309297535714575","2","API_CHANGES_V5.md;bind.go;bind_test.go;llms-full.txt",""
"echo","echo-def-02","explicit-symbol","literal-unindexed","Where is NewHTTPError implemented?","httperror.go","success","0","1","0.25","0.43067655807339306","4","API_CHANGES_V5.md;CHANGELOG.md;echotest/context_test.go;httperror.go;httperror_test.go;llms-full.txt;llms.txt;middleware/compress.go;middleware/context_timeout_test.go;middleware/csrf.go",""
"echo","echo-def-03","explicit-symbol","literal-unindexed","Where is ExtractIPFromXFFHeader implemented?","ip.go","success","0","1","0.5","0.6309297535714575","2","context.go;ip.go;ip_test.go",""
"echo","echo-def-04","explicit-symbol","literal-unindexed","Where is NewResponse implemented?","response.go","success","0","0","0.125","0.31546487678572877","8","API_CHANGES_V5.md;context.go;echo.go;middleware/body_dump.go;middleware/compress.go;middleware/compress_test.go;middleware/proxy.go;response.go;response_test.go",""
"echo","echo-def-05","explicit-symbol","literal-unindexed","Where is HandlerName implemented?","route.go","success","0","1","0.5","0.6309297535714575","2","API_CHANGES_V5.md;route.go;route_test.go;router_test.go",""
"echo","echo-def-06","explicit-symbol","literal-unindexed","Where is ExtractSchemeDirect implemented?","scheme.go","success","0","1","0.5","0.6309297535714575","2","CHANGELOG.md;scheme.go;scheme_test.go",""
"echo","echo-nl-01","natural-language","literal-unindexed","Where is a request given a cancellable deadline context, with a returned deadline-exceeded error translated to service unavailable by default?","middleware/context_timeout.go","success","0","0","0","0","","",""
"echo","echo-nl-02","natural-language","literal-unindexed","Where are incoming gzip bodies decoded using pooled readers, with a default expansion-size ceiling and the request length changed to unknown?","middleware/decompress.go","success","0","0","0","0","","",""
"echo","echo-nl-03","natural-language","literal-unindexed","Where are handler panics converted into errors with an optional captured stack, while the HTTP server abort sentinel is deliberately rethrown?","middleware/recover.go","success","0","0","0","0","","",""
"echo","echo-nl-04","natural-language","literal-unindexed","Where does middleware reuse an incoming correlation identifier or generate one when absent, place it in the response header, and invoke an optional hook before continuing?","middleware/request_id.go","success","0","0","0","0","","",""
"echo","echo-nl-05","natural-language","literal-unindexed","Where are oversized request bodies rejected both from their declared length and while reading, probing at most one byte beyond the allowance and retaining the overflow error on later reads?","middleware/body_limit.go","success","0","0","0","0","","",""
"echo","echo-def-01","explicit-symbol","plain-file-bm25","Where is BindPathValues implemented?","bind.go","success","1","1","1","1","1","bind.go;llms-full.txt;API_CHANGES_V5.md;bind_test.go",""
"echo","echo-def-02","explicit-symbol","plain-file-bm25","Where is NewHTTPError implemented?","httperror.go","success","0","0","0.16666666666666666","0.3562071871080222","6","llms.txt;middleware/proxy.go;middleware/decompress.go;middleware/request_logger_test.go;API_CHANGES_V5.md;httperror.go;middleware/key_auth.go;middleware/csrf_test.go;echotest/context_test.go;middleware/rate_limiter.go",""
"echo","echo-def-03","explicit-symbol","plain-file-bm25","Where is ExtractIPFromXFFHeader implemented?","ip.go","success","1","1","1","1","1","ip.go;ip_test.go;context.go",""
"echo","echo-def-04","explicit-symbol","plain-file-bm25","Where is NewResponse implemented?","response.go","success","0","1","0.5","0.6309297535714575","2","response_test.go;response.go;API_CHANGES_V5.md;context.go;echo.go",""
"echo","echo-def-05","explicit-symbol","plain-file-bm25","Where is HandlerName implemented?","route.go","success","1","1","1","1","1","route.go;route_test.go;API_CHANGES_V5.md;router_test.go",""
"echo","echo-def-06","explicit-symbol","plain-file-bm25","Where is ExtractSchemeDirect implemented?","scheme.go","success","1","1","1","1","1","scheme.go;scheme_test.go;CHANGELOG.md",""
"echo","echo-nl-01","natural-language","plain-file-bm25","Where is a request given a cancellable deadline context, with a returned deadline-exceeded error translated to service unavailable by default?","middleware/context_timeout.go","success","0","1","0.5","0.6309297535714575","2","middleware/context_timeout_test.go;middleware/context_timeout.go;middleware/proxy.go;server_test.go;router.go;middleware/decompress.go;binder_generic.go;server.go;middleware/request_logger.go;middleware/extractor.go",""
"echo","echo-nl-02","natural-language","plain-file-bm25","Where are incoming gzip bodies decoded using pooled readers, with a default expansion-size ceiling and the request length changed to unknown?","middleware/decompress.go","success","1","1","1","1","1","middleware/decompress.go;middleware/static.go;middleware/compress.go;json.go;context.go;CHANGELOG.md;middleware/proxy.go;router.go;middleware/request_logger.go;ip.go",""
"echo","echo-nl-03","natural-language","plain-file-bm25","Where are handler panics converted into errors with an optional captured stack, while the HTTP server abort sentinel is deliberately rethrown?","middleware/recover.go","success","0","1","0.2","0.38685280723454163","5","middleware/proxy.go;echo.go;rfc9457.go;group.go;middleware/recover.go;middleware/static.go;httperror.go;router.go;API_CHANGES_V5.md;rfc9457_test.go",""
"echo","echo-nl-04","natural-language","plain-file-bm25","Where does middleware reuse an incoming correlation identifier or generate one when absent, place it in the response header, and invoke an optional hook before continuing?","middleware/request_id.go","success","0","0","0.125","0.31546487678572877","8","router.go;echo.go;middleware/static.go;middleware/csrf.go;ROADMAP.md;middleware/cors.go;middleware/proxy.go;middleware/request_id.go;ip.go;context.go",""
"echo","echo-nl-05","natural-language","plain-file-bm25","Where are oversized request bodies rejected both from their declared length and while reading, probing at most one byte beyond the allowance and retaining the overflow error on later reads?","middleware/body_limit.go","success","0","1","0.2","0.38685280723454163","5","json.go;context.go;router.go;group.go;middleware/body_limit.go;bind.go;json_test.go;middleware/static.go;ip.go;ROADMAP.md",""
"bytes","bytes-def-01","explicit-symbol","ocbi-hybrid","Where is IntoIter implemented?","src/buf/iter.rs","success","1","1","1","1","1","src/buf/iter.rs",""
"bytes","bytes-def-02","explicit-symbol","ocbi-hybrid","Where is Limit implemented?","src/buf/limit.rs","success","1","1","1","1","1","src/buf/limit.rs",""
"bytes","bytes-def-03","explicit-symbol","ocbi-hybrid","Where is Reader implemented?","src/buf/reader.rs","success","1","1","1","1","1","src/buf/reader.rs",""
"bytes","bytes-def-04","explicit-symbol","ocbi-hybrid","Where is Writer implemented?","src/buf/writer.rs","success","1","1","1","1","1","src/buf/writer.rs",""
"bytes","bytes-def-05","explicit-symbol","ocbi-hybrid","Where is Chain implemented?","src/buf/chain.rs","success","1","1","1","1","1","src/buf/chain.rs",""
"bytes","bytes-def-06","explicit-symbol","ocbi-hybrid","Where is Take implemented?","src/buf/take.rs","success","1","1","1","1","1","src/buf/take.rs",""
"bytes","bytes-nl-01","natural-language","ocbi-hybrid","Where does a byte deque expose the first nonempty part of its split storage, report at most two slices for vectored I/O, and consume bytes by draining the front?","src/buf/vec_deque.rs","success","0","0","0.16666666666666666","0.3562071871080222","6","benches/bytes_mut.rs;tests/test_buf.rs;benches/bytes.rs;SECURITY.md;src/bytes_mut.rs;src/buf/vec_deque.rs;src/bytes.rs;CHANGELOG.md;tests/test_bytes.rs;tests/test_buf_mut.rs",""
"bytes","bytes-nl-02","natural-language","ocbi-hybrid","Where is deserialization of a byte sequence allowed to keep growing while its initial allocation from the sequence size hint is capped at 4096?","src/serde.rs","success","0","1","0.25","0.43067655807339306","4","benches/bytes_mut.rs;src/bytes_mut.rs;src/buf/uninit_slice.rs;src/serde.rs;src/buf/buf_mut.rs;src/buf/buf_impl.rs;src/bytes.rs;src/lib.rs;src/buf/iter.rs;benches/buf.rs",""
"bytes","bytes-nl-03","natural-language","ocbi-hybrid","Where does a writable view of possibly uninitialized storage permit only initialized-byte writes, checking a single-byte index or an equal-length source slice before copying?","src/buf/uninit_slice.rs","success","1","1","1","1","1","src/buf/uninit_slice.rs;src/lib.rs;src/bytes.rs;src/bytes_mut.rs;benches/bytes.rs;src/serde.rs;benches/bytes_mut.rs;src/buf/buf_mut.rs;src/buf/buf_impl.rs;benches/buf.rs",""
"bytes","bytes-nl-04","natural-language","ocbi-hybrid","Where does converting an immutable byte buffer to a mutable one succeed only for uniquely owned storage and otherwise return the original buffer unchanged?","src/bytes.rs","success","0","1","0.25","0.43067655807339306","4","benches/bytes_mut.rs;tests/test_buf.rs;src/bytes_mut.rs;src/bytes.rs;src/buf/buf_mut.rs;src/buf/buf_impl.rs;src/buf/uninit_slice.rs;src/lib.rs;tests/test_bytes.rs;benches/bytes.rs",""
"bytes","bytes-nl-05","natural-language","ocbi-hybrid","Where can a mutable byte buffer attempt to reclaim existing capacity without allocating new storage, immediately succeeding when enough spare capacity already remains?","src/bytes_mut.rs","success","1","1","1","1","1","src/bytes_mut.rs;tests/test_bytes.rs;src/buf/uninit_slice.rs;CHANGELOG.md;benches/bytes_mut.rs;src/bytes.rs;tests/test_buf.rs;src/buf/buf_mut.rs",""
"bytes","bytes-def-01","explicit-symbol","ocbi-structural","Where is IntoIter implemented?","src/buf/iter.rs","success","1","1","1","1","1","src/buf/iter.rs",""
"bytes","bytes-def-02","explicit-symbol","ocbi-structural","Where is Limit implemented?","src/buf/limit.rs","success","1","1","1","1","1","src/buf/limit.rs",""
"bytes","bytes-def-03","explicit-symbol","ocbi-structural","Where is Reader implemented?","src/buf/reader.rs","success","1","1","1","1","1","src/buf/reader.rs",""
"bytes","bytes-def-04","explicit-symbol","ocbi-structural","Where is Writer implemented?","src/buf/writer.rs","success","1","1","1","1","1","src/buf/writer.rs",""
"bytes","bytes-def-05","explicit-symbol","ocbi-structural","Where is Chain implemented?","src/buf/chain.rs","success","1","1","1","1","1","src/buf/chain.rs",""
"bytes","bytes-def-06","explicit-symbol","ocbi-structural","Where is Take implemented?","src/buf/take.rs","success","1","1","1","1","1","src/buf/take.rs",""
"bytes","bytes-nl-01","natural-language","ocbi-structural","Where does a byte deque expose the first nonempty part of its split storage, report at most two slices for vectored I/O, and consume bytes by draining the front?","src/buf/vec_deque.rs","success","0","0","0.1","0.2890648263178879","10","tests/test_buf.rs;SECURITY.md;src/bytes_mut.rs;src/bytes.rs;CHANGELOG.md;tests/test_bytes.rs;src/buf/mod.rs;src/buf/buf_impl.rs;src/buf/chain.rs;src/buf/vec_deque.rs",""
"bytes","bytes-nl-02","natural-language","ocbi-structural","Where is deserialization of a byte sequence allowed to keep growing while its initial allocation from the sequence size hint is capped at 4096?","src/serde.rs","success","0","1","0.2","0.38685280723454163","5","src/buf/uninit_slice.rs;benches/bytes_mut.rs;benches/bytes.rs;src/buf/iter.rs;src/serde.rs;src/bytes_mut.rs;src/bytes.rs;src/buf/buf_impl.rs;src/buf/buf_mut.rs;benches/buf.rs",""
"bytes","bytes-nl-03","natural-language","ocbi-structural","Where does a writable view of possibly uninitialized storage permit only initialized-byte writes, checking a single-byte index or an equal-length source slice before copying?","src/buf/uninit_slice.rs","success","0","1","0.5","0.6309297535714575","2","src/lib.rs;src/buf/uninit_slice.rs;benches/bytes.rs;benches/bytes_mut.rs;src/bytes_mut.rs;src/serde.rs;src/buf/buf_mut.rs;src/bytes.rs;src/buf/buf_impl.rs;src/fmt/debug.rs",""
"bytes","bytes-nl-04","natural-language","ocbi-structural","Where does converting an immutable byte buffer to a mutable one succeed only for uniquely owned storage and otherwise return the original buffer unchanged?","src/bytes.rs","success","0","1","0.5","0.6309297535714575","2","src/bytes_mut.rs;src/bytes.rs;src/buf/uninit_slice.rs;src/buf/buf_mut.rs;src/buf/buf_impl.rs;src/lib.rs;tests/test_bytes.rs",""
"bytes","bytes-nl-05","natural-language","ocbi-structural","Where can a mutable byte buffer attempt to reclaim existing capacity without allocating new storage, immediately succeeding when enough spare capacity already remains?","src/bytes_mut.rs","success","1","1","1","1","1","src/bytes_mut.rs;tests/test_bytes.rs;src/buf/uninit_slice.rs;CHANGELOG.md;src/bytes.rs;tests/test_buf.rs;src/buf/buf_impl.rs;src/buf/buf_mut.rs;src/serde.rs",""
"bytes","bytes-def-01","explicit-symbol","codegraph","Where is IntoIter implemented?","src/buf/iter.rs","success","1","1","1","1","1","src/buf/iter.rs;src/buf/chain.rs;src/bytes.rs;src/bytes_mut.rs;src/buf/mod.rs;tests/test_iter.rs",""
"bytes","bytes-def-02","explicit-symbol","codegraph","Where is Limit implemented?","src/buf/limit.rs","success","1","1","1","1","1","src/buf/limit.rs;src/buf/buf_mut.rs;src/buf/take.rs;tests/test_limit.rs;src/buf/buf_impl.rs;tests/test_bytes.rs;src/buf/mod.rs;src/bytes.rs",""
"bytes","bytes-def-03","explicit-symbol","codegraph","Where is Reader implemented?","src/buf/reader.rs","success","1","1","1","1","1","src/buf/reader.rs;src/buf/buf_impl.rs;tests/test_reader.rs;src/buf/mod.rs",""
"bytes","bytes-def-04","explicit-symbol","codegraph","Where is Writer implemented?","src/buf/writer.rs","success","1","1","1","1","1","src/buf/writer.rs;src/buf/buf_mut.rs;src/buf/mod.rs",""
"bytes","bytes-def-05","explicit-symbol","codegraph","Where is Chain implemented?","src/buf/chain.rs","success","1","1","1","1","1","src/buf/chain.rs;src/buf/buf_impl.rs;tests/test_take.rs;src/buf/buf_mut.rs;tests/test_chain.rs;src/buf/mod.rs",""
"bytes","bytes-def-06","explicit-symbol","codegraph","Where is Take implemented?","src/buf/take.rs","success","1","1","1","1","1","src/buf/take.rs;src/buf/buf_impl.rs;tests/test_take.rs;src/buf/mod.rs;src/bytes_mut.rs",""
"bytes","bytes-nl-01","natural-language","codegraph","Where does a byte deque expose the first nonempty part of its split storage, report at most two slices for vectored I/O, and consume bytes by draining the front?","src/buf/vec_deque.rs","success","0","0","0","0","","src/bytes_mut.rs;src/bytes.rs;src/buf/buf_impl.rs;src/buf/uninit_slice.rs;tests/test_bytes.rs;src/buf/buf_mut.rs",""
"bytes","bytes-nl-02","natural-language","codegraph","Where is deserialization of a byte sequence allowed to keep growing while its initial allocation from the sequence size hint is capped at 4096?","src/serde.rs","success","0","0","0","0","","src/buf/iter.rs;benches/bytes_mut.rs;src/bytes.rs;src/bytes_mut.rs",""
"bytes","bytes-nl-03","natural-language","codegraph","Where does a writable view of possibly uninitialized storage permit only initialized-byte writes, checking a single-byte index or an equal-length source slice before copying?","src/buf/uninit_slice.rs","success","0","1","0.5","0.6309297535714575","2","benches/bytes_mut.rs;src/buf/uninit_slice.rs;src/buf/writer.rs;src/bytes_mut.rs;src/buf/buf_mut.rs;src/buf/chain.rs;src/bytes.rs",""
"bytes","bytes-nl-04","natural-language","codegraph","Where does converting an immutable byte buffer to a mutable one succeed only for uniquely owned storage and otherwise return the original buffer unchanged?","src/bytes.rs","success","1","1","1","1","1","src/bytes.rs;src/buf/buf_impl.rs",""
"bytes","bytes-nl-05","natural-language","codegraph","Where can a mutable byte buffer attempt to reclaim existing capacity without allocating new storage, immediately succeeding when enough spare capacity already remains?","src/bytes_mut.rs","success","0","0","0","0","","src/buf/reader.rs;src/buf/writer.rs;src/bytes.rs;tests/test_bytes.rs;tests/test_iter.rs",""
"bytes","bytes-def-01","explicit-symbol","codebase-memory","Where is IntoIter implemented?","src/buf/iter.rs","success","1","1","1","1","1","src/buf/iter.rs",""
"bytes","bytes-def-02","explicit-symbol","codebase-memory","Where is Limit implemented?","src/buf/limit.rs","success","1","1","1","1","1","src/buf/limit.rs;src/buf/buf_mut.rs;src/buf/take.rs",""
"bytes","bytes-def-03","explicit-symbol","codebase-memory","Where is Reader implemented?","src/buf/reader.rs","success","1","1","1","1","1","src/buf/reader.rs;src/buf/buf_impl.rs",""
"bytes","bytes-def-04","explicit-symbol","codebase-memory","Where is Writer implemented?","src/buf/writer.rs","success","1","1","1","1","1","src/buf/writer.rs;src/buf/buf_mut.rs",""
"bytes","bytes-def-05","explicit-symbol","codebase-memory","Where is Chain implemented?","src/buf/chain.rs","success","1","1","1","1","1","src/buf/chain.rs;src/buf/buf_impl.rs",""
"bytes","bytes-def-06","explicit-symbol","codebase-memory","Where is Take implemented?","src/buf/take.rs","success","1","1","1","1","1","src/buf/take.rs;src/buf/buf_impl.rs",""
"bytes","bytes-nl-01","natural-language","codebase-memory","Where does a byte deque expose the first nonempty part of its split storage, report at most two slices for vectored I/O, and consume bytes by draining the front?","src/buf/vec_deque.rs","unsupported","","","","","","",""
"bytes","bytes-nl-02","natural-language","codebase-memory","Where is deserialization of a byte sequence allowed to keep growing while its initial allocation from the sequence size hint is capped at 4096?","src/serde.rs","unsupported","","","","","","",""
"bytes","bytes-nl-03","natural-language","codebase-memory","Where does a writable view of possibly uninitialized storage permit only initialized-byte writes, checking a single-byte index or an equal-length source slice before copying?","src/buf/uninit_slice.rs","unsupported","","","","","","",""
"bytes","bytes-nl-04","natural-language","codebase-memory","Where does converting an immutable byte buffer to a mutable one succeed only for uniquely owned storage and otherwise return the original buffer unchanged?","src/bytes.rs","unsupported","","","","","","",""
"bytes","bytes-nl-05","natural-language","codebase-memory","Where can a mutable byte buffer attempt to reclaim existing capacity without allocating new storage, immediately succeeding when enough spare capacity already remains?","src/bytes_mut.rs","unsupported","","","","","","",""
"bytes","bytes-def-01","explicit-symbol","grepai","Where is IntoIter implemented?","src/buf/iter.rs","success","0","1","0.5","0.6309297535714575","2","src/buf/chain.rs;src/buf/iter.rs;src/buf/mod.rs;src/buf/uninit_slice.rs;src/buf/reader.rs;src/buf/vec_deque.rs;src/buf/buf_impl.rs;src/lib.rs;src/bytes_mut.rs;src/serde.rs",""
"bytes","bytes-def-02","explicit-symbol","grepai","Where is Limit implemented?","src/buf/limit.rs","success","1","1","1","1","1","src/buf/limit.rs;src/buf/take.rs;src/buf/buf_mut.rs;benches/bytes_mut.rs;src/lib.rs;src/bytes_mut.rs;src/buf/buf_impl.rs;benches/bytes.rs;benches/buf.rs;src/buf/mod.rs",""
"bytes","bytes-def-03","explicit-symbol","grepai","Where is Reader implemented?","src/buf/reader.rs","success","1","1","1","1","1","src/buf/reader.rs;src/buf/buf_impl.rs;src/buf/mod.rs;src/lib.rs;src/buf/iter.rs;src/serde.rs;src/buf/take.rs;benches/buf.rs;src/bytes_mut.rs;clippy.toml",""
"bytes","bytes-def-04","explicit-symbol","grepai","Where is Writer implemented?","src/buf/writer.rs","success","1","1","1","1","1","src/buf/writer.rs;src/buf/buf_mut.rs;src/fmt/hex.rs;src/fmt/debug.rs;src/buf/mod.rs;src/lib.rs;src/buf/chain.rs;src/buf/reader.rs;clippy.toml;src/serde.rs",""
"bytes","bytes-def-05","explicit-symbol","grepai","Where is Chain implemented?","src/buf/chain.rs","success","1","1","1","1","1","src/buf/chain.rs;clippy.toml;src/buf/buf_impl.rs;src/bytes.rs;src/bytes_mut.rs;src/buf/take.rs;src/loom.rs;benches/buf.rs;src/buf/mod.rs;benches/bytes.rs",""
"bytes","bytes-def-06","explicit-symbol","grepai","Where is Take implemented?","src/buf/take.rs","success","1","1","1","1","1","src/buf/take.rs;src/buf/reader.rs;ci/miri.sh;src/buf/mod.rs;ci/test-stable.sh;ci/tsan.sh;.github/workflows/ci.yml;ci/panic-abort.sh;src/buf/buf_mut.rs;clippy.toml",""
"bytes","bytes-nl-01","natural-language","grepai","Where does a byte deque expose the first nonempty part of its split storage, report at most two slices for vectored I/O, and consume bytes by draining the front?","src/buf/vec_deque.rs","success","0","1","0.5","0.6309297535714575","2","src/bytes_mut.rs;src/buf/vec_deque.rs;benches/bytes.rs;src/bytes.rs;benches/bytes_mut.rs;src/fmt/debug.rs;src/lib.rs;src/buf/buf_impl.rs;src/serde.rs;src/buf/uninit_slice.rs",""
"bytes","bytes-nl-02","natural-language","grepai","Where is deserialization of a byte sequence allowed to keep growing while its initial allocation from the sequence size hint is capped at 4096?","src/serde.rs","success","0","0","0.1111111111111111","0.3010299956639812","9","src/bytes_mut.rs;src/buf/buf_mut.rs;src/buf/buf_impl.rs;src/buf/limit.rs;src/bytes.rs;src/buf/take.rs;src/lib.rs;src/buf/iter.rs;src/serde.rs;src/buf/uninit_slice.rs",""
"bytes","bytes-nl-03","natural-language","grepai","Where does a writable view of possibly uninitialized storage permit only initialized-byte writes, checking a single-byte index or an equal-length source slice before copying?","src/buf/uninit_slice.rs","success","1","1","1","1","1","src/buf/uninit_slice.rs;src/bytes.rs;src/buf/buf_impl.rs;src/serde.rs;src/bytes_mut.rs;src/lib.rs;src/buf/buf_mut.rs;src/buf/take.rs;src/buf/iter.rs;benches/bytes_mut.rs",""
"bytes","bytes-nl-04","natural-language","grepai","Where does converting an immutable byte buffer to a mutable one succeed only for uniquely owned storage and otherwise return the original buffer unchanged?","src/bytes.rs","success","1","1","1","1","1","src/bytes.rs;src/bytes_mut.rs;src/buf/buf_mut.rs;benches/bytes_mut.rs;src/buf/chain.rs;src/buf/mod.rs;src/buf/iter.rs;src/buf/uninit_slice.rs;benches/bytes.rs;src/lib.rs",""
"bytes","bytes-nl-05","natural-language","grepai","Where can a mutable byte buffer attempt to reclaim existing capacity without allocating new storage, immediately succeeding when enough spare capacity already remains?","src/bytes_mut.rs","success","1","1","1","1","1","src/bytes_mut.rs;src/buf/buf_mut.rs;src/bytes.rs;src/buf/take.rs;src/buf/buf_impl.rs;benches/bytes_mut.rs;src/buf/limit.rs;src/lib.rs;src/buf/mod.rs;benches/bytes.rs",""
"bytes","bytes-def-01","explicit-symbol","literal-unindexed","Where is IntoIter implemented?","src/buf/iter.rs","success","0","1","0.3333333333333333","0.5","3","CHANGELOG.md;src/buf/chain.rs;src/buf/iter.rs;src/buf/mod.rs;src/bytes.rs;src/bytes_mut.rs;tests/test_iter.rs",""
"bytes","bytes-def-02","explicit-symbol","literal-unindexed","Where is Limit implemented?","src/buf/limit.rs","success","0","1","0.3333333333333333","0.5","3","CHANGELOG.md;src/buf/buf_mut.rs;src/buf/limit.rs;src/buf/mod.rs;tests/test_limit.rs",""
"bytes","bytes-def-03","explicit-symbol","literal-unindexed","Where is Reader implemented?","src/buf/reader.rs","success","0","1","0.25","0.43067655807339306","4","CHANGELOG.md;src/buf/buf_impl.rs;src/buf/mod.rs;src/buf/reader.rs",""
"bytes","bytes-def-04","explicit-symbol","literal-unindexed","Where is Writer implemented?","src/buf/writer.rs","success","0","1","0.25","0.43067655807339306","4","CHANGELOG.md;src/buf/buf_mut.rs;src/buf/mod.rs;src/buf/writer.rs",""
"bytes","bytes-def-05","explicit-symbol","literal-unindexed","Where is Chain implemented?","src/buf/chain.rs","success","0","1","0.25","0.43067655807339306","4","CHANGELOG.md;src/buf/buf_impl.rs;src/buf/buf_mut.rs;src/buf/chain.rs;src/buf/mod.rs",""
"bytes","bytes-def-06","explicit-symbol","literal-unindexed","Where is Take implemented?","src/buf/take.rs","success","0","1","0.25","0.43067655807339306","4","CHANGELOG.md;src/buf/buf_impl.rs;src/buf/mod.rs;src/buf/take.rs",""
"bytes","bytes-nl-01","natural-language","literal-unindexed","Where does a byte deque expose the first nonempty part of its split storage, report at most two slices for vectored I/O, and consume bytes by draining the front?","src/buf/vec_deque.rs","success","0","0","0","0","","",""
"bytes","bytes-nl-02","natural-language","literal-unindexed","Where is deserialization of a byte sequence allowed to keep growing while its initial allocation from the sequence size hint is capped at 4096?","src/serde.rs","success","0","0","0","0","","",""
"bytes","bytes-nl-03","natural-language","literal-unindexed","Where does a writable view of possibly uninitialized storage permit only initialized-byte writes, checking a single-byte index or an equal-length source slice before copying?","src/buf/uninit_slice.rs","success","0","0","0","0","","",""
"bytes","bytes-nl-04","natural-language","literal-unindexed","Where does converting an immutable byte buffer to a mutable one succeed only for uniquely owned storage and otherwise return the original buffer unchanged?","src/bytes.rs","success","0","0","0","0","","",""
"bytes","bytes-nl-05","natural-language","literal-unindexed","Where can a mutable byte buffer attempt to reclaim existing capacity without allocating new storage, immediately succeeding when enough spare capacity already remains?","src/bytes_mut.rs","success","0","0","0","0","","",""
"bytes","bytes-def-01","explicit-symbol","plain-file-bm25","Where is IntoIter implemented?","src/buf/iter.rs","success","1","1","1","1","1","src/buf/iter.rs;tests/test_iter.rs;src/buf/chain.rs;src/buf/mod.rs;src/bytes.rs;CHANGELOG.md;src/bytes_mut.rs",""
"bytes","bytes-def-02","explicit-symbol","plain-file-bm25","Where is Limit implemented?","src/buf/limit.rs","success","0","1","0.5","0.6309297535714575","2","tests/test_limit.rs;src/buf/limit.rs;src/buf/take.rs;src/buf/mod.rs;CHANGELOG.md;src/buf/buf_mut.rs;src/buf/buf_impl.rs;tests/test_bytes.rs",""
"bytes","bytes-def-03","explicit-symbol","plain-file-bm25","Where is Reader implemented?","src/buf/reader.rs","success","1","1","1","1","1","src/buf/reader.rs;tests/test_reader.rs;src/buf/mod.rs;src/buf/buf_impl.rs;CHANGELOG.md",""
"bytes","bytes-def-04","explicit-symbol","plain-file-bm25","Where is Writer implemented?","src/buf/writer.rs","success","1","1","1","1","1","src/buf/writer.rs;src/buf/mod.rs;src/buf/buf_mut.rs;CHANGELOG.md",""
"bytes","bytes-def-05","explicit-symbol","plain-file-bm25","Where is Chain implemented?","src/buf/chain.rs","success","1","1","1","1","1","src/buf/chain.rs;tests/test_chain.rs;tests/test_take.rs;tests/test_reader.rs;src/buf/mod.rs;tests/test_buf.rs;CHANGELOG.md;src/buf/buf_mut.rs;src/buf/buf_impl.rs",""
"bytes","bytes-def-06","explicit-symbol","plain-file-bm25","Where is Take implemented?","src/buf/take.rs","success","0","1","0.5","0.6309297535714575","2","tests/test_take.rs;src/buf/take.rs;src/buf/mod.rs;tests/test_buf.rs;CHANGELOG.md;src/buf/chain.rs;src/buf/buf_impl.rs;src/bytes_mut.rs;src/buf/buf_mut.rs;src/bytes.rs",""
"bytes","bytes-nl-01","natural-language","plain-file-bm25","Where does a byte deque expose the first nonempty part of its split storage, report at most two slices for vectored I/O, and consume bytes by draining the front?","src/buf/vec_deque.rs","success","0","0","0","0","","src/bytes_mut.rs;CHANGELOG.md;src/bytes.rs;src/lib.rs;src/buf/chain.rs;tests/test_buf.rs;tests/test_bytes.rs;src/buf/mod.rs;src/buf/buf_mut.rs;src/buf/buf_impl.rs",""
"bytes","bytes-nl-02","natural-language","plain-file-bm25","Where is deserialization of a byte sequence allowed to keep growing while its initial allocation from the sequence size hint is capped at 4096?","src/serde.rs","success","1","1","1","1","1","src/serde.rs;src/bytes_mut.rs;CHANGELOG.md;src/bytes.rs;src/buf/mod.rs;tests/test_bytes.rs;src/buf/chain.rs;src/buf/buf_mut.rs;src/lib.rs;tests/test_buf_mut.rs",""
"bytes","bytes-nl-03","natural-language","plain-file-bm25","Where does a writable view of possibly uninitialized storage permit only initialized-byte writes, checking a single-byte index or an equal-length source slice before copying?","src/buf/uninit_slice.rs","success","0","1","0.3333333333333333","0.5","3","src/bytes_mut.rs;src/buf/buf_mut.rs;src/buf/uninit_slice.rs;src/lib.rs;src/bytes.rs;CHANGELOG.md;src/buf/buf_impl.rs;tests/test_bytes.rs;tests/test_buf_mut.rs;src/serde.rs",""
"bytes","bytes-nl-04","natural-language","plain-file-bm25","Where does converting an immutable byte buffer to a mutable one succeed only for uniquely owned storage and otherwise return the original buffer unchanged?","src/bytes.rs","success","1","1","1","1","1","src/bytes.rs;src/bytes_mut.rs;src/lib.rs;tests/test_bytes.rs;CHANGELOG.md;src/buf/buf_mut.rs;src/buf/uninit_slice.rs;src/buf/chain.rs;src/buf/buf_impl.rs;src/buf/iter.rs",""
"bytes","bytes-nl-05","natural-language","plain-file-bm25","Where can a mutable byte buffer attempt to reclaim existing capacity without allocating new storage, immediately succeeding when enough spare capacity already remains?","src/bytes_mut.rs","success","1","1","1","1","1","src/bytes_mut.rs;src/bytes.rs;src/lib.rs;CHANGELOG.md;tests/test_bytes.rs;src/buf/buf_mut.rs;src/buf/uninit_slice.rs;src/buf/buf_impl.rs;tests/test_buf_mut.rs;src/buf/chain.rs",""
"kotlinx-datetime","kotlinx-datetime-def-01","explicit-symbol","ocbi-hybrid","Where is BinaryDataReader implemented?","core/common/src/internal/BinaryDataReader.kt","success","1","1","1","1","1","core/common/src/internal/BinaryDataReader.kt",""
"kotlinx-datetime","kotlinx-datetime-def-02","explicit-symbol","ocbi-hybrid","Where is PropertyAccessor implemented?","core/common/src/internal/format/FieldSpec.kt","success","1","1","1","1","1","core/common/src/internal/format/FieldSpec.kt",""
"kotlinx-datetime","kotlinx-datetime-def-03","explicit-symbol","ocbi-hybrid","Where is ReducedIntConsumer implemented?","core/common/src/internal/format/parser/NumberConsumer.kt","success","1","1","1","1","1","core/common/src/internal/format/parser/NumberConsumer.kt",""
"kotlinx-datetime","kotlinx-datetime-def-04","explicit-symbol","ocbi-hybrid","Where is ParseError implemented?","core/common/src/internal/format/parser/ParseResult.kt","success","1","1","1","1","1","core/common/src/internal/format/parser/ParseResult.kt",""
"kotlinx-datetime","kotlinx-datetime-def-05","explicit-symbol","ocbi-hybrid","Where is TimeZoneRulesCommon implemented?","core/common/src/internal/tz/TimeZoneRules.kt","success","1","1","1","1","1","core/common/src/internal/tz/TimeZoneRules.kt",""
"kotlinx-datetime","kotlinx-datetime-def-06","explicit-symbol","ocbi-hybrid","Where is JulianDayOfYear implemented?","core/common/src/internal/tz/MonthDayTime.kt","success","1","1","1","1","1","core/common/src/internal/tz/MonthDayTime.kt",""
"kotlinx-datetime","kotlinx-datetime-nl-01","natural-language","ocbi-hybrid","Where is signed 64-bit multiplication made saturating rather than throwing on overflow, including the special case of negating the minimum value?","core/common/src/internal/math.kt","success","1","1","1","1","1","core/common/src/internal/math.kt;core/commonKotlin/src/internal/mathNative.kt;core/common/src/internal/tz/TimeZoneRules.kt;core/common/src/internal/format/FieldSpec.kt;core/commonKotlin/src/DeprecatedInstant.kt;core/common/src/YearMonth.kt;core/common/src/internal/format/formatter/FormatterOperation.kt;core/common/src/Clock.kt;core/common/src/DateTimeUnit.kt;core/common/src/internal/format/FieldFormatDirective.kt",""
"kotlinx-datetime","kotlinx-datetime-nl-02","natural-language","ocbi-hybrid","Where does date-time formatting avoid repeating a minus sign already supplied by an enclosing format, while optionally forcing a plus sign and passing sign coverage to nested formatting?","core/common/src/internal/format/formatter/Formatter.kt","success","0","1","0.3333333333333333","0.5","3","core/common/test/samples/format/DateTimeFormatBuilderSamples.kt;core/common/test/samples/format/DateTimeFormatSamples.kt;core/common/src/internal/format/formatter/Formatter.kt;core/common/src/format/UtcOffsetFormat.kt;core/common/src/format/DateTimeFormat.kt;core/common/src/format/DateTimeFormatBuilder.kt;core/common/src/UtcOffset.kt;core/common/src/DateTimePeriod.kt;core/common/src/format/Unicode.kt;core/common/src/internal/tz/Tzfile.kt",""
"kotlinx-datetime","kotlinx-datetime-nl-03","natural-language","ocbi-hybrid","Where are combined format conditions simplified so no conditions always succeeds, one condition is reused, and several conditions must all hold?","core/common/src/internal/format/Predicate.kt","success","0","0","0","0","","core/common/src/internal/format/formatter/Formatter.kt;core/common/test/samples/format/DateTimeComponentsFormatSamples.kt;core/common/test/samples/format/DateTimeFormatBuilderSamples.kt;benchmarks/src/jmh/kotlin/CommonFormats.kt;license/thirdparty/bionic_license.txt;core/common/src/internal/format/parser/Parser.kt;license/thirdparty/js-joda_license.txt;core/common/src/internal/format/formatter/FormatterOperation.kt;license/thirdparty/threetenbp_license.txt;LICENSE.txt",""
"kotlinx-datetime","kotlinx-datetime-nl-04","natural-language","ocbi-hybrid","Where are time-zone strings with signed offsets or UTC, GMT, and UT prefixes recognized before consulting the underlying database, including fallback when an offset is malformed?","core/common/src/internal/tz/FixedOffsetTimeZoneDatabase.kt","success","0","0","0","0","","timezones/full/common/src/BundledTimeZoneContext.kt;core/common/src/TimeZoneContext.kt;core/common/src/TimeZone.kt;core/common/src/UtcOffset.kt;core/common/src/internal/tz/TimeZoneRules.kt;core/jvm/src/TimeZoneJvm.kt;core/common/src/LocalDateTimeOffsetInfo.kt;integration-testing/js-without-timezones/common/test/TimezonesWithoutDatabaseTest.kt;core/common/src/format/DateTimeComponents.kt;core/common/test/TimeZoneTest.kt",""
"kotlinx-datetime","kotlinx-datetime-nl-05","natural-language","ocbi-hybrid","Where is a binary time-zone record read by validating its magic header and, for newer versions, discarding the first 32-bit block in favor of a second 64-bit block and trailing recurrence rules?","core/common/src/internal/tz/Tzfile.kt","success","0","1","0.25","0.43067655807339306","4","core/common/src/internal/BinaryDataReader.kt;core/androidNative/src/internal/TzdbBionic.kt;timezones/full/common/src/BundledTimeZoneContext.kt;core/common/src/internal/tz/Tzfile.kt;core/common/src/TimeZone.kt;core/common/src/TimeZoneContext.kt;core/common/src/UtcOffset.kt;core/common/src/internal/math.kt;core/common/src/internal/tz/TimeZoneRules.kt;core/common/src/format/DateTimeFormatBuilder.kt",""
"kotlinx-datetime","kotlinx-datetime-def-01","explicit-symbol","ocbi-structural","Where is BinaryDataReader implemented?","core/common/src/internal/BinaryDataReader.kt","success","1","1","1","1","1","core/common/src/internal/BinaryDataReader.kt",""
"kotlinx-datetime","kotlinx-datetime-def-02","explicit-symbol","ocbi-structural","Where is PropertyAccessor implemented?","core/common/src/internal/format/FieldSpec.kt","success","1","1","1","1","1","core/common/src/internal/format/FieldSpec.kt",""
"kotlinx-datetime","kotlinx-datetime-def-03","explicit-symbol","ocbi-structural","Where is ReducedIntConsumer implemented?","core/common/src/internal/format/parser/NumberConsumer.kt","success","1","1","1","1","1","core/common/src/internal/format/parser/NumberConsumer.kt",""
"kotlinx-datetime","kotlinx-datetime-def-04","explicit-symbol","ocbi-structural","Where is ParseError implemented?","core/common/src/internal/format/parser/ParseResult.kt","success","1","1","1","1","1","core/common/src/internal/format/parser/ParseResult.kt",""
"kotlinx-datetime","kotlinx-datetime-def-05","explicit-symbol","ocbi-structural","Where is TimeZoneRulesCommon implemented?","core/common/src/internal/tz/TimeZoneRules.kt","success","1","1","1","1","1","core/common/src/internal/tz/TimeZoneRules.kt",""
"kotlinx-datetime","kotlinx-datetime-def-06","explicit-symbol","ocbi-structural","Where is JulianDayOfYear implemented?","core/common/src/internal/tz/MonthDayTime.kt","success","1","1","1","1","1","core/common/src/internal/tz/MonthDayTime.kt",""
"kotlinx-datetime","kotlinx-datetime-nl-01","natural-language","ocbi-structural","Where is signed 64-bit multiplication made saturating rather than throwing on overflow, including the special case of negating the minimum value?","core/common/src/internal/math.kt","success","1","1","1","1","1","core/common/src/internal/math.kt;core/common/src/internal/tz/TimeZoneRules.kt;core/common/src/internal/format/FieldFormatDirective.kt;core/common/src/internal/format/formatter/FormatterOperation.kt;core/common/src/internal/format/FieldSpec.kt;core/common/src/internal/format/FormatStructure.kt;core/commonKotlin/src/DeprecatedInstant.kt;core/common/src/Instant.kt;core/common/src/LocalDateTime.kt;core/common/src/YearMonth.kt",""
"kotlinx-datetime","kotlinx-datetime-nl-02","natural-language","ocbi-structural","Where does date-time formatting avoid repeating a minus sign already supplied by an enclosing format, while optionally forcing a plus sign and passing sign coverage to nested formatting?","core/common/src/internal/format/formatter/Formatter.kt","success","0","1","0.25","0.43067655807339306","4","core/common/src/DateTimePeriod.kt;core/common/src/internal/tz/Tzfile.kt;core/common/src/internal/math.kt;core/common/src/internal/format/formatter/Formatter.kt;core/common/src/format/UtcOffsetFormat.kt;core/commonJs/src/internal/Platform.kt;core/common/src/internal/format/FieldSpec.kt;core/common/src/internal/format/FormatStructure.kt;core/common/src/format/DateTimeFormatBuilder.kt;core/common/src/LocalIsoWeekDate.kt",""
"kotlinx-datetime","kotlinx-datetime-nl-03","natural-language","ocbi-structural","Where are combined format conditions simplified so no conditions always succeeds, one condition is reused, and several conditions must all hold?","core/common/src/internal/format/Predicate.kt","success","0","0","0","0","","license/thirdparty/bionic_license.txt;license/thirdparty/js-joda_license.txt;license/thirdparty/threetenbp_license.txt;LICENSE.txt;core/common/src/LocalDate.kt;core/common/src/LocalTime.kt;core/common/src/internal/format/parser/Parser.kt;core/common/src/LocalDateTime.kt;core/common/src/internal/format/formatter/Formatter.kt;core/common/test/samples/format/DateTimeFormatBuilderSamples.kt",""
"kotlinx-datetime","kotlinx-datetime-nl-04","natural-language","ocbi-structural","Where are time-zone strings with signed offsets or UTC, GMT, and UT prefixes recognized before consulting the underlying database, including fallback when an offset is malformed?","core/common/src/internal/tz/FixedOffsetTimeZoneDatabase.kt","success","0","0","0","0","","core/common/src/TimeZoneContext.kt;timezones/full/common/src/BundledTimeZoneContext.kt;core/common/src/UtcOffset.kt;core/common/src/TimeZone.kt;core/common/src/LocalDateTimeOffsetInfo.kt;core/windows/src/internal/TimeZoneNative.kt;core/common/src/format/DateTimeComponents.kt;core/common/src/internal/tz/TimeZoneRules.kt;core/common/src/format/DateTimeFormatBuilder.kt;core/common/test/samples/TimeZoneSamples.kt",""
"kotlinx-datetime","kotlinx-datetime-nl-05","natural-language","ocbi-structural","Where is a binary time-zone record read by validating its magic header and, for newer versions, discarding the first 32-bit block in favor of a second 64-bit block and trailing recurrence rules?","core/common/src/internal/tz/Tzfile.kt","success","0","0","0","0","","core/common/src/internal/BinaryDataReader.kt;core/common/src/LocalDateTime.kt;core/common/src/TimeZone.kt;core/common/src/TimeZoneContext.kt;timezones/full/common/src/BundledTimeZoneContext.kt;core/common/src/LocalDateTimeOffsetInfo.kt;core/common/src/LocalTime.kt;core/common/src/LocalDate.kt;core/common/src/UtcOffset.kt;core/common/src/DateTimeUnit.kt",""
"kotlinx-datetime","kotlinx-datetime-def-01","explicit-symbol","codegraph","Where is BinaryDataReader implemented?","core/common/src/internal/BinaryDataReader.kt","success","1","1","1","1","1","core/common/src/internal/BinaryDataReader.kt;core/common/src/internal/tz/Tzfile.kt",""
"kotlinx-datetime","kotlinx-datetime-def-02","explicit-symbol","codegraph","Where is PropertyAccessor implemented?","core/common/src/internal/format/FieldSpec.kt","success","1","1","1","1","1","core/common/src/internal/format/FieldSpec.kt",""
"kotlinx-datetime","kotlinx-datetime-def-03","explicit-symbol","codegraph","Where is ReducedIntConsumer implemented?","core/common/src/internal/format/parser/NumberConsumer.kt","success","1","1","1","1","1","core/common/src/internal/format/parser/NumberConsumer.kt",""
"kotlinx-datetime","kotlinx-datetime-def-04","explicit-symbol","codegraph","Where is ParseError implemented?","core/common/src/internal/format/parser/ParseResult.kt","success","1","1","1","1","1","core/common/src/internal/format/parser/ParseResult.kt;core/common/src/internal/format/parser/Parser.kt",""
"kotlinx-datetime","kotlinx-datetime-def-05","explicit-symbol","codegraph","Where is TimeZoneRulesCommon implemented?","core/common/src/internal/tz/TimeZoneRules.kt","success","1","1","1","1","1","core/common/src/internal/tz/TimeZoneRules.kt;core/common/src/internal/tz/RuleBasedTimeZoneDatabase.kt;core/wasmWasi/src/internal/TimeZonesInitializer.kt;core/common/src/internal/tz/Tzfile.kt;core/commonJs/src/internal/Platform.kt;core/androidNative/src/internal/TzdbBionic.kt;core/tzdbOnFilesystem/src/internal/TzdbOnFilesystem.kt;core/windows/src/internal/TzdbInRegistry.kt",""
"kotlinx-datetime","kotlinx-datetime-def-06","explicit-symbol","codegraph","Where is JulianDayOfYear implemented?","core/common/src/internal/tz/MonthDayTime.kt","success","1","1","1","1","1","core/common/src/internal/tz/MonthDayTime.kt",""
"kotlinx-datetime","kotlinx-datetime-nl-01","natural-language","codegraph","Where is signed 64-bit multiplication made saturating rather than throwing on overflow, including the special case of negating the minimum value?","core/common/src/internal/math.kt","success","0","0","0","0","","core/common/src/format/UtcOffsetFormat.kt;core/common/src/Clock.kt;core/common/src/internal/format/FieldSpec.kt",""
"kotlinx-datetime","kotlinx-datetime-nl-02","natural-language","codegraph","Where does date-time formatting avoid repeating a minus sign already supplied by an enclosing format, while optionally forcing a plus sign and passing sign coverage to nested formatting?","core/common/src/internal/format/formatter/Formatter.kt","success","1","1","1","1","1","core/common/src/internal/format/formatter/Formatter.kt;core/common/src/format/DateTimeFormatBuilder.kt;core/common/src/format/DateTimeFormat.kt;core/common/src/internal/format/formatter/FormatterOperation.kt;core/common/src/format/DateTimeComponents.kt;core/common/src/serializers/LocalDateSerializers.kt;core/common/src/serializers/InstantSerializers.kt;core/jvm/src/DeprecatedInstant.kt;core/common/src/DeprecatedInstant.kt;core/common/src/serializers/UtcOffsetSerializers.kt",""
"kotlinx-datetime","kotlinx-datetime-nl-03","natural-language","codegraph","Where are combined format conditions simplified so no conditions always succeeds, one condition is reused, and several conditions must all hold?","core/common/src/internal/format/Predicate.kt","success","0","0","0","0","","core/common/src/internal/format/formatter/Formatter.kt;core/common/src/internal/format/FormatStructure.kt;core/common/test/samples/format/LocalDateFormatSamples.kt;core/common/test/samples/format/YearMonthFormatSamples.kt",""
"kotlinx-datetime","kotlinx-datetime-nl-04","natural-language","codegraph","Where are time-zone strings with signed offsets or UTC, GMT, and UT prefixes recognized before consulting the underlying database, including fallback when an offset is malformed?","core/common/src/internal/tz/FixedOffsetTimeZoneDatabase.kt","success","1","1","1","1","1","core/common/src/internal/tz/FixedOffsetTimeZoneDatabase.kt;core/common/src/serializers/UtcOffsetSerializers.kt;core/common/src/TimeZoneContext.kt;core/common/src/internal/tz/systemTimeZoneContext.kt;core/common/src/UtcOffset.kt;core/common/src/TimeZone.kt;core/common/src/serializers/LocalDateSerializers.kt;integration-testing/serialization/common/test/UtcOffsetSerializationTest.kt;timezones/full/common/src/BundledTimeZoneContext.kt",""
"kotlinx-datetime","kotlinx-datetime-nl-05","natural-language","codegraph","Where is a binary time-zone record read by validating its magic header and, for newer versions, discarding the first 32-bit block in favor of a second 64-bit block and trailing recurrence rules?","core/common/src/internal/tz/Tzfile.kt","success","0","1","0.25","0.43067655807339306","4","core/commonKotlin/src/UtcOffset.kt;core/common/src/internal/BinaryDataReader.kt;core/common/src/TimeZone.kt;core/common/src/internal/tz/Tzfile.kt;core/androidNative/src/internal/TzdbBionic.kt;core/commonKotlin/test/TimeZoneRulesTest.kt",""
"kotlinx-datetime","kotlinx-datetime-def-01","explicit-symbol","codebase-memory","Where is BinaryDataReader implemented?","core/common/src/internal/BinaryDataReader.kt","success","1","1","1","1","1","core/common/src/internal/BinaryDataReader.kt",""
"kotlinx-datetime","kotlinx-datetime-def-02","explicit-symbol","codebase-memory","Where is PropertyAccessor implemented?","core/common/src/internal/format/FieldSpec.kt","success","1","1","1","1","1","core/common/src/internal/format/FieldSpec.kt",""
"kotlinx-datetime","kotlinx-datetime-def-03","explicit-symbol","codebase-memory","Where is ReducedIntConsumer implemented?","core/common/src/internal/format/parser/NumberConsumer.kt","success","1","1","1","1","1","core/common/src/internal/format/parser/NumberConsumer.kt",""
"kotlinx-datetime","kotlinx-datetime-def-04","explicit-symbol","codebase-memory","Where is ParseError implemented?","core/common/src/internal/format/parser/ParseResult.kt","success","1","1","1","1","1","core/common/src/internal/format/parser/ParseResult.kt",""
"kotlinx-datetime","kotlinx-datetime-def-05","explicit-symbol","codebase-memory","Where is TimeZoneRulesCommon implemented?","core/common/src/internal/tz/TimeZoneRules.kt","success","1","1","1","1","1","core/common/src/internal/tz/TimeZoneRules.kt",""
"kotlinx-datetime","kotlinx-datetime-def-06","explicit-symbol","codebase-memory","Where is JulianDayOfYear implemented?","core/common/src/internal/tz/MonthDayTime.kt","success","1","1","1","1","1","core/common/src/internal/tz/MonthDayTime.kt",""
"kotlinx-datetime","kotlinx-datetime-nl-01","natural-language","codebase-memory","Where is signed 64-bit multiplication made saturating rather than throwing on overflow, including the special case of negating the minimum value?","core/common/src/internal/math.kt","unsupported","","","","","","",""
"kotlinx-datetime","kotlinx-datetime-nl-02","natural-language","codebase-memory","Where does date-time formatting avoid repeating a minus sign already supplied by an enclosing format, while optionally forcing a plus sign and passing sign coverage to nested formatting?","core/common/src/internal/format/formatter/Formatter.kt","unsupported","","","","","","",""
"kotlinx-datetime","kotlinx-datetime-nl-03","natural-language","codebase-memory","Where are combined format conditions simplified so no conditions always succeeds, one condition is reused, and several conditions must all hold?","core/common/src/internal/format/Predicate.kt","unsupported","","","","","","",""
"kotlinx-datetime","kotlinx-datetime-nl-04","natural-language","codebase-memory","Where are time-zone strings with signed offsets or UTC, GMT, and UT prefixes recognized before consulting the underlying database, including fallback when an offset is malformed?","core/common/src/internal/tz/FixedOffsetTimeZoneDatabase.kt","unsupported","","","","","","",""
"kotlinx-datetime","kotlinx-datetime-nl-05","natural-language","codebase-memory","Where is a binary time-zone record read by validating its magic header and, for newer versions, discarding the first 32-bit block in favor of a second 64-bit block and trailing recurrence rules?","core/common/src/internal/tz/Tzfile.kt","unsupported","","","","","","",""
"kotlinx-datetime","kotlinx-datetime-def-01","explicit-symbol","grepai","Where is BinaryDataReader implemented?","core/common/src/internal/BinaryDataReader.kt","success","1","1","1","1","1","core/common/src/internal/BinaryDataReader.kt;core/androidNative/src/internal/TzdbBionic.kt;benchmarks/src/jmh/kotlin/SerialFormatBenchmark.kt;benchmarks/src/jmh/kotlin/ParallelFormatBenchmark.kt;benchmarks/src/jmh/kotlin/CommonFormats.kt;core/common/src/serializers/DeprecatedInstantSerializers.kt;core/common/src/serializers/YearMonthSerializers.kt;core/common/src/serializers/LocalDateSerializers.kt;core/common/src/serializers/DateTimePeriodSerializers.kt;core/common/src/internal/math.kt",""
"kotlinx-datetime","kotlinx-datetime-def-02","explicit-symbol","grepai","Where is PropertyAccessor implemented?","core/common/src/internal/format/FieldSpec.kt","success","1","1","1","1","1","core/common/src/internal/format/FieldSpec.kt;core/common/src/DeprecatedInstant.kt;core/common/src/serializers/DateTimeUnitSerializers.kt;core/common/src/serializers/MonthSerializers.kt;core/common/src/Exceptions.kt;core/common/src/format/DateTimeComponents.kt;core/common/src/serializers/LocalDateSerializers.kt;core/common/src/internal/format/parser/ParserOperation.kt;core/common/src/serializers/LocalTimeSerializers.kt;core/common/src/serializers/InstantSerializers.kt",""
"kotlinx-datetime","kotlinx-datetime-def-03","explicit-symbol","grepai","Where is ReducedIntConsumer implemented?","core/common/src/internal/format/parser/NumberConsumer.kt","success","0","1","0.3333333333333333","0.5","3","core/common/src/DeprecatedInstant.kt;core/common/src/Instant.kt;core/common/src/internal/format/parser/NumberConsumer.kt;core/common/src/serializers/DeprecatedInstantSerializers.kt;core/commonKotlin/src/DeprecatedInstant.kt;core/common/src/internal/MyJvmDefaultWithoutCompatibility.kt;core/common/src/internal/format/parser/ParserOperation.kt;core/common/src/serializers/DateTimeUnitSerializers.kt;core/common/src/internal/format/FieldFormatDirective.kt;core/common/src/internal/format/formatter/Formatter.kt",""
"kotlinx-datetime","kotlinx-datetime-def-04","explicit-symbol","grepai","Where is ParseError implemented?","core/common/src/internal/format/parser/ParseResult.kt","success","1","1","1","1","1","core/common/src/internal/format/parser/ParseResult.kt;core/common/src/DateTimePeriod.kt;core/common/src/internal/format/parser/Parser.kt;core/jvm/src/YearMonthJvm.kt;buildSrc/src/main/kotlin/KotlinUserProjectInfra.kt;core/common/src/LocalIsoWeekDate.kt;core/common/src/internal/format/parser/ParserOperation.kt;core/common/src/serializers/YearMonthSerializers.kt;core/commonKotlin/src/DeprecatedInstant.kt;core/common/src/serializers/DateTimePeriodSerializers.kt",""
"kotlinx-datetime","kotlinx-datetime-def-05","explicit-symbol","grepai","Where is TimeZoneRulesCommon implemented?","core/common/src/internal/tz/TimeZoneRules.kt","success","1","1","1","1","1","core/common/src/internal/tz/TimeZoneRules.kt;timezones/full/common/src/BundledTimeZoneContext.kt;core/common/src/TimeZoneContext.kt;core/common/src/TimeZone.kt;core/wasmWasi/src/internal/TimeZonesInitializer.kt;timezones/full/commonWithoutResources/src/BundledTimeZoneContext.kt;timezones/full/wasmWasi/src/TimeZonesInitializer.kt;core/commonKotlin/src/TimeZone.kt;core/linux/src/internal/TimeZoneNative.kt;core/windows/src/internal/WindowsZoneNames.kt",""
"kotlinx-datetime","kotlinx-datetime-def-06","explicit-symbol","grepai","Where is JulianDayOfYear implemented?","core/common/src/internal/tz/MonthDayTime.kt","success","1","1","1","1","1","core/common/src/internal/tz/MonthDayTime.kt;core/windows/src/internal/TzdbInRegistry.kt;core/commonKotlin/src/Month.kt;core/commonKotlin/src/internal/dateCalculations.kt;core/commonKotlin/src/LocalDate.kt;core/common/src/YearMonth.kt;core/common/src/format/Unicode.kt;core/commonKotlin/src/YearMonth.kt;core/jvm/src/YearMonthJvm.kt;core/common/src/serializers/DateTimePeriodSerializers.kt",""
"kotlinx-datetime","kotlinx-datetime-nl-01","natural-language","grepai","Where is signed 64-bit multiplication made saturating rather than throwing on overflow, including the special case of negating the minimum value?","core/common/src/internal/math.kt","success","1","1","1","1","1","core/common/src/internal/math.kt;core/commonKotlin/src/internal/mathNative.kt;core/common/src/internal/format/FieldSpec.kt;core/common/src/DeprecatedInstant.kt;core/common/src/internal/format/formatter/FormatterOperation.kt;core/common/src/internal/format/FieldFormatDirective.kt;core/common/src/format/Unicode.kt;core/common/src/internal/tz/RuleBasedTimeZoneCalculations.kt;core/common/src/format/DateTimeFormatBuilder.kt;core/common/src/YearMonthRange.kt",""
"kotlinx-datetime","kotlinx-datetime-nl-02","natural-language","grepai","Where does date-time formatting avoid repeating a minus sign already supplied by an enclosing format, while optionally forcing a plus sign and passing sign coverage to nested formatting?","core/common/src/internal/format/formatter/Formatter.kt","success","0","0","0","0","","core/common/src/format/DateTimeFormatBuilder.kt;core/common/src/format/Unicode.kt;core/common/src/format/YearMonthFormat.kt;core/common/src/format/DateTimeFormat.kt;core/common/src/DateTimePeriod.kt;core/common/src/UtcOffset.kt;core/jvm/src/UtcOffsetJvm.kt;core/common/src/format/DateTimeComponents.kt;core/jvm/src/format/Deprecations.kt;core/common/src/serializers/UtcOffsetSerializers.kt",""
"kotlinx-datetime","kotlinx-datetime-nl-03","natural-language","grepai","Where are combined format conditions simplified so no conditions always succeeds, one condition is reused, and several conditions must all hold?","core/common/src/internal/format/Predicate.kt","success","0","0","0.1111111111111111","0.3010299956639812","9","core/common/src/internal/format/formatter/Formatter.kt;core/common/src/internal/format/FormatStructure.kt;core/common/src/format/YearMonthFormat.kt;core/common/src/internal/format/Builder.kt;core/common/src/internal/MyJvmDefaultWithoutCompatibility.kt;benchmarks/src/jmh/kotlin/FormattingBenchmark.kt;core/common/src/internal/math.kt;core/common/src/format/LocalTimeFormat.kt;core/common/src/internal/format/Predicate.kt;core/common/src/format/Unicode.kt",""
"kotlinx-datetime","kotlinx-datetime-nl-04","natural-language","grepai","Where are time-zone strings with signed offsets or UTC, GMT, and UT prefixes recognized before consulting the underlying database, including fallback when an offset is malformed?","core/common/src/internal/tz/FixedOffsetTimeZoneDatabase.kt","success","0","0","0","0","","core/common/src/TimeZone.kt;core/common/src/TimeZoneContext.kt;core/commonKotlin/src/internal/systemTimeZoneContext.kt;core/common/src/format/DateTimeComponents.kt;timezones/full/common/src/BundledTimeZoneContext.kt;core/common/src/UtcOffset.kt;timezones/full/wasmWasi/src/TimeZonesInitializer.kt;core/windows/src/internal/TzdbInRegistry.kt;core/common/src/internal/tz/TimeZoneRules.kt;core/wasmWasi/src/internal/TimeZonesInitializer.kt",""
"kotlinx-datetime","kotlinx-datetime-nl-05","natural-language","grepai","Where is a binary time-zone record read by validating its magic header and, for newer versions, discarding the first 32-bit block in favor of a second 64-bit block and trailing recurrence rules?","core/common/src/internal/tz/Tzfile.kt","success","0","0","0.1111111111111111","0.3010299956639812","9","core/wasmWasi/src/internal/TimeZonesInitializer.kt;core/common/src/internal/tz/TimeZoneRules.kt;core/darwin/src/internal/TimeZoneNative.kt;core/common/src/TimeZoneContext.kt;core/common/src/format/DateTimeFormatBuilder.kt;timezones/full/common/src/BundledTimeZoneContext.kt;core/windows/src/internal/TzdbInRegistry.kt;benchmarks/src/jmh/kotlin/TimeZoneOperations.kt;core/common/src/internal/tz/Tzfile.kt;core/common/src/internal/BinaryDataReader.kt",""
"kotlinx-datetime","kotlinx-datetime-def-01","explicit-symbol","literal-unindexed","Where is BinaryDataReader implemented?","core/common/src/internal/BinaryDataReader.kt","success","0","1","0.5","0.6309297535714575","2","core/androidNative/src/internal/TzdbBionic.kt;core/common/src/internal/BinaryDataReader.kt;core/common/src/internal/tz/Tzfile.kt;core/commonKotlin/test/TimeZoneRulesTest.kt",""
"kotlinx-datetime","kotlinx-datetime-def-02","explicit-symbol","literal-unindexed","Where is PropertyAccessor implemented?","core/common/src/internal/format/FieldSpec.kt","success","0","0","0.16666666666666666","0.3562071871080222","6","core/common/src/format/DateTimeComponents.kt;core/common/src/format/LocalDateFormat.kt;core/common/src/format/LocalTimeFormat.kt;core/common/src/format/UtcOffsetFormat.kt;core/common/src/format/YearMonthFormat.kt;core/common/src/internal/format/FieldSpec.kt",""
"kotlinx-datetime","kotlinx-datetime-def-03","explicit-symbol","literal-unindexed","Where is ReducedIntConsumer implemented?","core/common/src/internal/format/parser/NumberConsumer.kt","success","1","1","1","1","1","core/common/src/internal/format/parser/NumberConsumer.kt;core/common/src/internal/format/parser/ParserOperation.kt",""
"kotlinx-datetime","kotlinx-datetime-def-04","explicit-symbol","literal-unindexed","Where is ParseError implemented?","core/common/src/internal/format/parser/ParseResult.kt","success","1","1","1","1","1","core/common/src/internal/format/parser/ParseResult.kt;core/common/src/internal/format/parser/Parser.kt",""
"kotlinx-datetime","kotlinx-datetime-def-05","explicit-symbol","literal-unindexed","Where is TimeZoneRulesCommon implemented?","core/common/src/internal/tz/TimeZoneRules.kt","success","0","1","0.3333333333333333","0.5","3","core/androidNative/src/internal/TzdbBionic.kt;core/common/src/internal/tz/RuleBasedTimeZoneDatabase.kt;core/common/src/internal/tz/TimeZoneRules.kt;core/common/src/internal/tz/Tzfile.kt;core/commonJs/src/internal/Platform.kt;core/commonKotlin/test/TimeZoneRulesTest.kt;core/tzdbOnFilesystem/src/internal/TzdbOnFilesystem.kt;core/wasmWasi/src/internal/TimeZonesInitializer.kt;core/windows/src/internal/TzdbInRegistry.kt",""
"kotlinx-datetime","kotlinx-datetime-def-06","explicit-symbol","literal-unindexed","Where is JulianDayOfYear implemented?","core/common/src/internal/tz/MonthDayTime.kt","success","1","1","1","1","1","core/common/src/internal/tz/MonthDayTime.kt;core/common/src/internal/tz/Tzfile.kt;core/windows/src/internal/TzdbInRegistry.kt",""
"kotlinx-datetime","kotlinx-datetime-nl-01","natural-language","literal-unindexed","Where is signed 64-bit multiplication made saturating rather than throwing on overflow, including the special case of negating the minimum value?","core/common/src/internal/math.kt","success","0","0","0","0","","",""
"kotlinx-datetime","kotlinx-datetime-nl-02","natural-language","literal-unindexed","Where does date-time formatting avoid repeating a minus sign already supplied by an enclosing format, while optionally forcing a plus sign and passing sign coverage to nested formatting?","core/common/src/internal/format/formatter/Formatter.kt","success","0","0","0","0","","",""
"kotlinx-datetime","kotlinx-datetime-nl-03","natural-language","literal-unindexed","Where are combined format conditions simplified so no conditions always succeeds, one condition is reused, and several conditions must all hold?","core/common/src/internal/format/Predicate.kt","success","0","0","0","0","","",""
"kotlinx-datetime","kotlinx-datetime-nl-04","natural-language","literal-unindexed","Where are time-zone strings with signed offsets or UTC, GMT, and UT prefixes recognized before consulting the underlying database, including fallback when an offset is malformed?","core/common/src/internal/tz/FixedOffsetTimeZoneDatabase.kt","success","0","0","0","0","","",""
"kotlinx-datetime","kotlinx-datetime-nl-05","natural-language","literal-unindexed","Where is a binary time-zone record read by validating its magic header and, for newer versions, discarding the first 32-bit block in favor of a second 64-bit block and trailing recurrence rules?","core/common/src/internal/tz/Tzfile.kt","success","0","0","0","0","","",""
"kotlinx-datetime","kotlinx-datetime-def-01","explicit-symbol","plain-file-bm25","Where is BinaryDataReader implemented?","core/common/src/internal/BinaryDataReader.kt","success","0","1","0.25","0.43067655807339306","4","core/common/src/internal/tz/Tzfile.kt;core/androidNative/src/internal/TzdbBionic.kt;core/commonKotlin/test/TimeZoneRulesTest.kt;core/common/src/internal/BinaryDataReader.kt",""
"kotlinx-datetime","kotlinx-datetime-def-02","explicit-symbol","plain-file-bm25","Where is PropertyAccessor implemented?","core/common/src/internal/format/FieldSpec.kt","success","0","1","0.2","0.38685280723454163","5","core/common/src/format/LocalTimeFormat.kt;core/common/src/format/UtcOffsetFormat.kt;core/common/src/format/LocalDateFormat.kt;core/common/src/format/YearMonthFormat.kt;core/common/src/internal/format/FieldSpec.kt;core/common/src/format/DateTimeComponents.kt",""
"kotlinx-datetime","kotlinx-datetime-def-03","explicit-symbol","plain-file-bm25","Where is ReducedIntConsumer implemented?","core/common/src/internal/format/parser/NumberConsumer.kt","success","1","1","1","1","1","core/common/src/internal/format/parser/NumberConsumer.kt;core/common/src/internal/format/parser/ParserOperation.kt",""
"kotlinx-datetime","kotlinx-datetime-def-04","explicit-symbol","plain-file-bm25","Where is ParseError implemented?","core/common/src/internal/format/parser/ParseResult.kt","success","1","1","1","1","1","core/common/src/internal/format/parser/ParseResult.kt;core/common/src/internal/format/parser/Parser.kt",""
"kotlinx-datetime","kotlinx-datetime-def-05","explicit-symbol","plain-file-bm25","Where is TimeZoneRulesCommon implemented?","core/common/src/internal/tz/TimeZoneRules.kt","success","0","1","0.25","0.43067655807339306","4","core/common/src/internal/tz/RuleBasedTimeZoneDatabase.kt;core/wasmWasi/src/internal/TimeZonesInitializer.kt;core/commonJs/src/internal/Platform.kt;core/common/src/internal/tz/TimeZoneRules.kt;core/androidNative/src/internal/TzdbBionic.kt;core/tzdbOnFilesystem/src/internal/TzdbOnFilesystem.kt;core/commonKotlin/test/TimeZoneRulesTest.kt;core/windows/src/internal/TzdbInRegistry.kt;core/common/src/internal/tz/Tzfile.kt",""
"kotlinx-datetime","kotlinx-datetime-def-06","explicit-symbol","plain-file-bm25","Where is JulianDayOfYear implemented?","core/common/src/internal/tz/MonthDayTime.kt","success","1","1","1","1","1","core/common/src/internal/tz/MonthDayTime.kt;core/common/src/internal/tz/Tzfile.kt;core/windows/src/internal/TzdbInRegistry.kt",""
"kotlinx-datetime","kotlinx-datetime-nl-01","natural-language","plain-file-bm25","Where is signed 64-bit multiplication made saturating rather than throwing on overflow, including the special case of negating the minimum value?","core/common/src/internal/math.kt","success","1","1","1","1","1","core/common/src/internal/math.kt;LICENSE.txt;.github/ISSUE_TEMPLATE/01-bug-report.yml;core/common/src/LocalIsoWeekDate.kt;core/common/src/DeprecatedInstant.kt;.github/ISSUE_TEMPLATE/02-feature-request.yml;core/common/src/internal/tz/Tzfile.kt;gradlew;core/common/src/YearMonth.kt;core/common/src/LocalDateTime.kt",""
"kotlinx-datetime","kotlinx-datetime-nl-02","natural-language","plain-file-bm25","Where does date-time formatting avoid repeating a minus sign already supplied by an enclosing format, while optionally forcing a plus sign and passing sign coverage to nested formatting?","core/common/src/internal/format/formatter/Formatter.kt","success","0","0","0","0","","core/common/src/DateTimePeriod.kt;core/common/src/format/DateTimeFormatBuilder.kt;core/common/src/UtcOffset.kt;core/common/src/LocalDate.kt;.github/ISSUE_TEMPLATE/02-feature-request.yml;core/common/src/internal/tz/Tzfile.kt;README.md;core/common/src/internal/format/FieldSpec.kt;core/common/src/internal/format/parser/ParserOperation.kt;core/common/src/YearMonth.kt",""
"kotlinx-datetime","kotlinx-datetime-nl-03","natural-language","plain-file-bm25","Where are combined format conditions simplified so no conditions always succeeds, one condition is reused, and several conditions must all hold?","core/common/src/internal/format/Predicate.kt","success","0","0","0","0","","LICENSE.txt;core/common/src/internal/format/parser/Parser.kt;license/thirdparty/bionic_license.txt;license/thirdparty/threetenbp_license.txt;license/thirdparty/js-joda_license.txt;gradlew;license/thirdparty/unicode_license.txt;core/common/src/LocalIsoWeekDate.kt;core/common/src/internal/math.kt;gradlew.bat",""
"kotlinx-datetime","kotlinx-datetime-nl-04","natural-language","plain-file-bm25","Where are time-zone strings with signed offsets or UTC, GMT, and UT prefixes recognized before consulting the underlying database, including fallback when an offset is malformed?","core/common/src/internal/tz/FixedOffsetTimeZoneDatabase.kt","success","0","0","0","0","","timezones/full/common/src/BundledTimeZoneContext.kt;core/common/src/TimeZoneContext.kt;core/common/src/LocalDateTimeOffsetInfo.kt;core/common/test/format/DateTimeComponentsFormatTest.kt;timezones/full/common/test/BundledTimeZoneContextTest.kt;core/common/src/TimeZone.kt;README.md;core/common/src/format/DateTimeFormatBuilder.kt;core/windows/src/internal/TzdbInRegistry.kt;core/common/test/samples/TimeZoneSamples.kt",""
"kotlinx-datetime","kotlinx-datetime-nl-05","natural-language","plain-file-bm25","Where is a binary time-zone record read by validating its magic header and, for newer versions, discarding the first 32-bit block in favor of a second 64-bit block and trailing recurrence rules?","core/common/src/internal/tz/Tzfile.kt","success","1","1","1","1","1","core/common/src/internal/tz/Tzfile.kt;core/windows/src/internal/TzdbInRegistry.kt;README.md;core/common/src/internal/math.kt;core/common/src/format/DateTimeFormatBuilder.kt;buildSrc/src/main/kotlin/zoneInfosResourcesGenerator.kt;core/common/src/internal/BinaryDataReader.kt;core/androidNative/src/internal/TzdbBionic.kt;core/windows/test/TimeZoneRulesCompleteTest.kt;core/common/src/TimeZoneContext.kt",""
"humanizer","humanizer-def-01","explicit-symbol","ocbi-hybrid","Where is HeadingTable implemented?","src/Humanizer/HeadingTable.cs","error","0","0","0","0","","","Error: MCP error -32001: Request timed out"
"humanizer","humanizer-def-02","explicit-symbol","ocbi-hybrid","Where is RomanNumeralExtensions implemented?","src/Humanizer/RomanNumeralExtensions.cs","error","0","0","0","0","","","Error: MCP error -32001: Request timed out"
"humanizer","humanizer-def-03","explicit-symbol","ocbi-hybrid","Where is CasingExtensions implemented?","src/Humanizer/CasingExtensions.cs","error","0","0","0","0","","","Error: MCP error -32001: Request timed out"
"humanizer","humanizer-def-04","explicit-symbol","ocbi-hybrid","Where is EnglishArticle implemented?","src/Humanizer/ArticlePrefixSort.cs","error","0","0","0","0","","","Error: MCP error -32001: Request timed out"
"humanizer","humanizer-def-05","explicit-symbol","ocbi-hybrid","Where is FixedNumberOfWordsTruncator implemented?","src/Humanizer/Truncation/FixedNumberOfWordsTruncator.cs","error","0","0","0","0","","","Error: MCP error -32001: Request timed out"
"humanizer","humanizer-def-06","explicit-symbol","ocbi-hybrid","Where is DefaultTimeSpanHumanizeStrategy implemented?","src/Humanizer/TimeSpanHumanizeStrategy/DefaultTimeSpanHumanizeStrategy.cs","error","0","0","0","0","","","Error: MCP error -32001: Request timed out"
"humanizer","humanizer-nl-01","natural-language","ocbi-hybrid","Where does readable text get split on spaces, have each nonempty word normalized and capitalized, and then get joined into a compact identifier?","src/Humanizer/StringDehumanizeExtensions.cs","error","0","0","0","0","","","Error: MCP error -32001: Request timed out"
"humanizer","humanizer-nl-02","natural-language","ocbi-hybrid","Where are integer group sizes mapped to conventional names such as single, double, and triple, with a numeric hyphenated fallback for sizes without a special name?","src/Humanizer/TupleizeExtensions.cs","error","0","0","0","0","","","Error: MCP error -32001: Request timed out"
"humanizer","humanizer-nl-03","natural-language","ocbi-hybrid","Where does conversion to Chinese financial digits walk the requested culture ancestry to choose simplified or traditional characters, rejecting cultures outside both hierarchies?","src/Humanizer/ChineseFinancialNumeralExtensions.cs","error","0","0","0","0","","","Error: MCP error -32001: Request timed out"
"humanizer","humanizer-nl-04","natural-language","ocbi-hybrid","Where does converting readable text to an enumeration selected at runtime construct a generic call through reflection and rethrow the underlying exception rather than its reflection wrapper?","src/Humanizer/EnumDehumanizeExtensions.cs","error","0","0","0","0","","","Error: MCP error -32001: Request timed out"
"humanizer","humanizer-nl-05","natural-language","ocbi-hybrid","Where is text shortened to a total character-length budget that includes the marker, dropping a partial word at a whitespace boundary and returning only the marker when no whole word fits?","src/Humanizer/Truncation/DynamicLengthAndPreserveWordsTruncator.cs","error","0","0","0","0","","","Error: MCP error -32001: Request timed out"
"humanizer","humanizer-def-01","explicit-symbol","ocbi-structural","Where is HeadingTable implemented?","src/Humanizer/HeadingTable.cs","success","1","1","1","1","1","src/Humanizer/HeadingTable.cs",""
"humanizer","humanizer-def-02","explicit-symbol","ocbi-structural","Where is RomanNumeralExtensions implemented?","src/Humanizer/RomanNumeralExtensions.cs","success","1","1","1","1","1","src/Humanizer/RomanNumeralExtensions.cs",""
"humanizer","humanizer-def-03","explicit-symbol","ocbi-structural","Where is CasingExtensions implemented?","src/Humanizer/CasingExtensions.cs","success","1","1","1","1","1","src/Humanizer/CasingExtensions.cs",""
"humanizer","humanizer-def-04","explicit-symbol","ocbi-structural","Where is EnglishArticle implemented?","src/Humanizer/ArticlePrefixSort.cs","success","1","1","1","1","1","src/Humanizer/ArticlePrefixSort.cs",""
"humanizer","humanizer-def-05","explicit-symbol","ocbi-structural","Where is FixedNumberOfWordsTruncator implemented?","src/Humanizer/Truncation/FixedNumberOfWordsTruncator.cs","success","1","1","1","1","1","src/Humanizer/Truncation/FixedNumberOfWordsTruncator.cs",""
"humanizer","humanizer-def-06","explicit-symbol","ocbi-structural","Where is DefaultTimeSpanHumanizeStrategy implemented?","src/Humanizer/TimeSpanHumanizeStrategy/DefaultTimeSpanHumanizeStrategy.cs","success","1","1","1","1","1","src/Humanizer/TimeSpanHumanizeStrategy/DefaultTimeSpanHumanizeStrategy.cs",""
"humanizer","humanizer-nl-01","natural-language","ocbi-structural","Where does readable text get split on spaces, have each nonempty word normalized and capitalized, and then get joined into a compact identifier?","src/Humanizer/StringDehumanizeExtensions.cs","success","1","1","1","1","1","src/Humanizer/StringDehumanizeExtensions.cs;src/Humanizer/InflectorExtensions.cs;website/versioned_docs/version-3.0.1/scenarios/index.mdx;website/version-overrides/2.11.10/scenarios/index.mdx;website/version-overrides/2.14.1/scenarios/index.mdx;website/versioned_docs/version-2.10.1/scenarios/index.mdx;website/versioned_docs/version-2.14.1/scenarios/index.mdx;website/version-overrides/2.10.1/scenarios/index.mdx;website/versioned_docs/version-3.0.10/scenarios/index.mdx;website/versioned_docs/version-3.0.8/scenarios/index.mdx",""
"humanizer","humanizer-nl-02","natural-language","ocbi-structural","Where are integer group sizes mapped to conventional names such as single, double, and triple, with a numeric hyphenated fallback for sizes without a special name?","src/Humanizer/TupleizeExtensions.cs","success","0","0","0","0","","website/version-overrides/2.10.1/scenarios/byte-sizes-and-rates.mdx;website/versioned_docs/version-2.11.10/scenarios/byte-sizes-and-rates.mdx;website/version-overrides/2.11.10/scenarios/byte-sizes-and-rates.mdx;website/versioned_docs/version-2.10.1/scenarios/byte-sizes-and-rates.mdx;website/versioned_docs/version-2.14.1/scenarios/byte-sizes-and-rates.mdx;website/versioned_docs/version-2.13.14/scenarios/byte-sizes-and-rates.mdx;website/version-overrides/2.14.1/scenarios/byte-sizes-and-rates.mdx;website/version-overrides/2.13.14/scenarios/byte-sizes-and-rates.mdx;website/versioned_docs/version-3.0.10/scenarios/byte-sizes-and-rates.mdx;website/versioned_docs/version-3.0.8/scenarios/byte-sizes-and-rates.mdx",""
"humanizer","humanizer-nl-03","natural-language","ocbi-structural","Where does conversion to Chinese financial digits walk the requested culture ancestry to choose simplified or traditional characters, rejecting cultures outside both hierarchies?","src/Humanizer/ChineseFinancialNumeralExtensions.cs","success","1","1","1","1","1","src/Humanizer/ChineseFinancialNumeralExtensions.cs;website/docs/api/Humanizer.ChineseFinancialNumeralExtensions.md;website/docs/scenarios/numbers-in-words-and-ordinals.mdx;website/docs/languages/using-cultures.mdx;src/Humanizer/WordsToDecimalNumberExtension.cs;website/docs/whats-new/index.mdx;website/versioned_docs/version-3.0.1/scenarios/spoken-dates-and-clock-times.mdx;website/versioned_docs/version-3.0.10/scenarios/spoken-dates-and-clock-times.mdx;website/versioned_docs/version-2.14.1/scenarios/spoken-dates-and-clock-times.mdx;website/versioned_docs/version-2.13.14/scenarios/spoken-dates-and-clock-times.mdx",""
"humanizer","humanizer-nl-04","natural-language","ocbi-structural","Where does converting readable text to an enumeration selected at runtime construct a generic call through reflection and rethrow the underlying exception rather than its reflection wrapper?","src/Humanizer/EnumDehumanizeExtensions.cs","success","1","1","1","1","1","src/Humanizer/EnumDehumanizeExtensions.cs;website/docs/concepts/trimming-and-native-aot.mdx;website/versioned_docs/version-3.0.10/concepts/trimming-and-native-aot.mdx;website/versioned_docs/version-3.0.8/concepts/trimming-and-native-aot.mdx;website/versioned_docs/version-3.0.1/concepts/trimming-and-native-aot.mdx;website/versioned_docs/version-3.0.10/scenarios/enums-and-collections.mdx;website/versioned_docs/version-3.0.8/scenarios/enums-and-collections.mdx;website/versioned_docs/version-3.0.1/scenarios/enums-and-collections.mdx;website/versioned_docs/version-3.0.10/scenarios/enums-and-flags.mdx;website/versioned_docs/version-3.0.1/scenarios/enums-and-flags.mdx",""
"humanizer","humanizer-nl-05","natural-language","ocbi-structural","Where is text shortened to a total character-length budget that includes the marker, dropping a partial word at a whitespace boundary and returning only the marker when no whole word fits?","src/Humanizer/Truncation/DynamicLengthAndPreserveWordsTruncator.cs","success","1","1","1","1","1","src/Humanizer/Truncation/DynamicLengthAndPreserveWordsTruncator.cs;src/Humanizer/Truncation/DynamicNumberOfCharactersAndPreserveWordTruncator.cs;src/Humanizer/Localisation/NumberToWords/ContextualDecimalNumberToWordsConverter.cs;src/Humanizer/Inflections/InflectionBundle.Text.cs;src/Humanizer/Localisation/DateToOrdinalWords/DefaultDateOnlyToOrdinalWordConverter.cs;src/Humanizer/Localisation/NumberToWords/ConjoinedGenderedScaleNumberToWordsConverter.cs;src/Humanizer/Localisation/WordsToNumber/InvertedTensWordsToNumberConverter.cs;src/Humanizer/Localisation/NumberToWords/OrdinalPrefixScaleNumberToWordsConverter.cs;src/Humanizer/Localisation/NumberToWords/INumberToWordsConverter.cs;src/Humanizer/Localisation/NumberToWords/InvertedTensNumberToWordsConverter.cs",""
"humanizer","humanizer-def-01","explicit-symbol","codegraph","Where is HeadingTable implemented?","src/Humanizer/HeadingTable.cs","success","1","1","1","1","1","src/Humanizer/HeadingTable.cs;src/Humanizer.SourceGenerators/Generators/ProfileCatalogs/HeadingTableCatalogInput.cs;tests/Humanizer.Tests/Localisation/GeneratedLocaleData/GeneratedFormatterPhraseTableTests.cs",""
"humanizer","humanizer-def-02","explicit-symbol","codegraph","Where is RomanNumeralExtensions implemented?","src/Humanizer/RomanNumeralExtensions.cs","success","1","1","1","1","1","src/Humanizer/RomanNumeralExtensions.cs;src/Benchmarks/RomanNumeralBenchmarks.cs",""
"humanizer","humanizer-def-03","explicit-symbol","codegraph","Where is CasingExtensions implemented?","src/Humanizer/CasingExtensions.cs","success","1","1","1","1","1","src/Humanizer/CasingExtensions.cs;src/Humanizer/StringHumanizeExtensions.cs",""
"humanizer","humanizer-def-04","explicit-symbol","codegraph","Where is EnglishArticle implemented?","src/Humanizer/ArticlePrefixSort.cs","success","1","1","1","1","1","src/Humanizer/ArticlePrefixSort.cs;src/Benchmarks/EnglishArticleBenchmarks.cs",""
"humanizer","humanizer-def-05","explicit-symbol","codegraph","Where is FixedNumberOfWordsTruncator implemented?","src/Humanizer/Truncation/FixedNumberOfWordsTruncator.cs","success","1","1","1","1","1","src/Humanizer/Truncation/FixedNumberOfWordsTruncator.cs;src/Humanizer/Truncation/Truncator.cs",""
"humanizer","humanizer-def-06","explicit-symbol","codegraph","Where is DefaultTimeSpanHumanizeStrategy implemented?","src/Humanizer/TimeSpanHumanizeStrategy/DefaultTimeSpanHumanizeStrategy.cs","success","1","1","1","1","1","src/Humanizer/TimeSpanHumanizeStrategy/DefaultTimeSpanHumanizeStrategy.cs;website/docs/_examples/configuration/Program.cs;tests/Humanizer.Tests/TimeSpanHumanizeTests.cs;src/Humanizer/Configuration/Configurator.cs",""
"humanizer","humanizer-nl-01","natural-language","codegraph","Where does readable text get split on spaces, have each nonempty word normalized and capitalized, and then get joined into a compact identifier?","src/Humanizer/StringDehumanizeExtensions.cs","success","0","0","0","0","","src/Humanizer/Localisation/NumberToWords/JoinedScaleNumberToWordsConverter.cs;src/Humanizer/Localisation/NumberToWords/ContextualDecimalNumberToWordsConverter.cs;src/Humanizer/Localisation/NumberToWords/GenderedNumberToWordsConverter.cs;src/Humanizer/Localisation/NumberToWords/INumberToWordsConverter.cs;tests/Humanizer.Tests/Localisation/JoinedScaleNumberToWordsConverterTests.cs",""
"humanizer","humanizer-nl-02","natural-language","codegraph","Where are integer group sizes mapped to conventional names such as single, double, and triple, with a numeric hyphenated fallback for sizes without a special name?","src/Humanizer/TupleizeExtensions.cs","success","0","0","0","0","","src/Humanizer.Analyzers/NamespaceMigrationAnalyzer.cs;src/Humanizer.Analyzers/NamespaceMigrationCodeFixProvider.cs",""
"humanizer","humanizer-nl-03","natural-language","codegraph","Where does conversion to Chinese financial digits walk the requested culture ancestry to choose simplified or traditional characters, rejecting cultures outside both hierarchies?","src/Humanizer/ChineseFinancialNumeralExtensions.cs","success","1","1","1","1","1","src/Humanizer/ChineseFinancialNumeralExtensions.cs;src/Humanizer/Localisation/NumberToWords/EastAsianGroupedNumberToWordsConverter.cs",""
"humanizer","humanizer-nl-04","natural-language","codegraph","Where does converting readable text to an enumeration selected at runtime construct a generic call through reflection and rethrow the underlying exception rather than its reflection wrapper?","src/Humanizer/EnumDehumanizeExtensions.cs","success","0","0","0","0","","src/Humanizer/Localisation/NumberToWords/ConstructStateScaleNumberToWordsConverter.cs;src/Humanizer/Localisation/NumberToWords/IndianGroupingGenderedNumberToWordsConverter.cs;src/Humanizer/Localisation/NumberToWords/MacedonianNumberToWordsConverter.cs;src/Humanizer/Localisation/NumberToWords/GenderedNumberToWordsConverter.cs;src/Humanizer/Localisation/NumberToWords/INumberToWordsConverter.cs;src/Humanizer/GrammaticalGender.cs",""
"humanizer","humanizer-nl-05","natural-language","codegraph","Where is text shortened to a total character-length budget that includes the marker, dropping a partial word at a whitespace boundary and returning only the marker when no whole word fits?","src/Humanizer/Truncation/DynamicLengthAndPreserveWordsTruncator.cs","success","0","1","0.5","0.6309297535714575","2","src/Humanizer/Truncation/DynamicNumberOfCharactersAndPreserveWordTruncator.cs;src/Humanizer/Truncation/DynamicLengthAndPreserveWordsTruncator.cs;src/Humanizer/Localisation/NumberToWords/ContextualDecimalNumberToWordsConverter.cs;src/Humanizer/Truncation/ITruncator.cs;tests/Humanizer.Tests/CoverageGapTests.cs",""
"humanizer","humanizer-def-01","explicit-symbol","codebase-memory","Where is HeadingTable implemented?","src/Humanizer/HeadingTable.cs","success","1","1","1","1","1","src/Humanizer/HeadingTable.cs",""
"humanizer","humanizer-def-02","explicit-symbol","codebase-memory","Where is RomanNumeralExtensions implemented?","src/Humanizer/RomanNumeralExtensions.cs","success","1","1","1","1","1","src/Humanizer/RomanNumeralExtensions.cs",""
"humanizer","humanizer-def-03","explicit-symbol","codebase-memory","Where is CasingExtensions implemented?","src/Humanizer/CasingExtensions.cs","success","1","1","1","1","1","src/Humanizer/CasingExtensions.cs",""
"humanizer","humanizer-def-04","explicit-symbol","codebase-memory","Where is EnglishArticle implemented?","src/Humanizer/ArticlePrefixSort.cs","success","1","1","1","1","1","src/Humanizer/ArticlePrefixSort.cs",""
"humanizer","humanizer-def-05","explicit-symbol","codebase-memory","Where is FixedNumberOfWordsTruncator implemented?","src/Humanizer/Truncation/FixedNumberOfWordsTruncator.cs","success","1","1","1","1","1","src/Humanizer/Truncation/FixedNumberOfWordsTruncator.cs",""
"humanizer","humanizer-def-06","explicit-symbol","codebase-memory","Where is DefaultTimeSpanHumanizeStrategy implemented?","src/Humanizer/TimeSpanHumanizeStrategy/DefaultTimeSpanHumanizeStrategy.cs","success","1","1","1","1","1","src/Humanizer/TimeSpanHumanizeStrategy/DefaultTimeSpanHumanizeStrategy.cs",""
"humanizer","humanizer-nl-01","natural-language","codebase-memory","Where does readable text get split on spaces, have each nonempty word normalized and capitalized, and then get joined into a compact identifier?","src/Humanizer/StringDehumanizeExtensions.cs","unsupported","","","","","","",""
"humanizer","humanizer-nl-02","natural-language","codebase-memory","Where are integer group sizes mapped to conventional names such as single, double, and triple, with a numeric hyphenated fallback for sizes without a special name?","src/Humanizer/TupleizeExtensions.cs","unsupported","","","","","","",""
"humanizer","humanizer-nl-03","natural-language","codebase-memory","Where does conversion to Chinese financial digits walk the requested culture ancestry to choose simplified or traditional characters, rejecting cultures outside both hierarchies?","src/Humanizer/ChineseFinancialNumeralExtensions.cs","unsupported","","","","","","",""
"humanizer","humanizer-nl-04","natural-language","codebase-memory","Where does converting readable text to an enumeration selected at runtime construct a generic call through reflection and rethrow the underlying exception rather than its reflection wrapper?","src/Humanizer/EnumDehumanizeExtensions.cs","unsupported","","","","","","",""
"humanizer","humanizer-nl-05","natural-language","codebase-memory","Where is text shortened to a total character-length budget that includes the marker, dropping a partial word at a whitespace boundary and returning only the marker when no whole word fits?","src/Humanizer/Truncation/DynamicLengthAndPreserveWordsTruncator.cs","unsupported","","","","","","",""
"humanizer","humanizer-def-01","explicit-symbol","grepai","Where is HeadingTable implemented?","src/Humanizer/HeadingTable.cs","error","0","0","0","0","","","Error: grepai watcher readiness timed out"
"humanizer","humanizer-def-02","explicit-symbol","grepai","Where is RomanNumeralExtensions implemented?","src/Humanizer/RomanNumeralExtensions.cs","error","0","0","0","0","","","Error: grepai watcher readiness timed out"
"humanizer","humanizer-def-03","explicit-symbol","grepai","Where is CasingExtensions implemented?","src/Humanizer/CasingExtensions.cs","error","0","0","0","0","","","Error: grepai watcher readiness timed out"
"humanizer","humanizer-def-04","explicit-symbol","grepai","Where is EnglishArticle implemented?","src/Humanizer/ArticlePrefixSort.cs","error","0","0","0","0","","","Error: grepai watcher readiness timed out"
"humanizer","humanizer-def-05","explicit-symbol","grepai","Where is FixedNumberOfWordsTruncator implemented?","src/Humanizer/Truncation/FixedNumberOfWordsTruncator.cs","error","0","0","0","0","","","Error: grepai watcher readiness timed out"
"humanizer","humanizer-def-06","explicit-symbol","grepai","Where is DefaultTimeSpanHumanizeStrategy implemented?","src/Humanizer/TimeSpanHumanizeStrategy/DefaultTimeSpanHumanizeStrategy.cs","error","0","0","0","0","","","Error: grepai watcher readiness timed out"
"humanizer","humanizer-nl-01","natural-language","grepai","Where does readable text get split on spaces, have each nonempty word normalized and capitalized, and then get joined into a compact identifier?","src/Humanizer/StringDehumanizeExtensions.cs","error","0","0","0","0","","","Error: grepai watcher readiness timed out"
"humanizer","humanizer-nl-02","natural-language","grepai","Where are integer group sizes mapped to conventional names such as single, double, and triple, with a numeric hyphenated fallback for sizes without a special name?","src/Humanizer/TupleizeExtensions.cs","error","0","0","0","0","","","Error: grepai watcher readiness timed out"
"humanizer","humanizer-nl-03","natural-language","grepai","Where does conversion to Chinese financial digits walk the requested culture ancestry to choose simplified or traditional characters, rejecting cultures outside both hierarchies?","src/Humanizer/ChineseFinancialNumeralExtensions.cs","error","0","0","0","0","","","Error: grepai watcher readiness timed out"
"humanizer","humanizer-nl-04","natural-language","grepai","Where does converting readable text to an enumeration selected at runtime construct a generic call through reflection and rethrow the underlying exception rather than its reflection wrapper?","src/Humanizer/EnumDehumanizeExtensions.cs","error","0","0","0","0","","","Error: grepai watcher readiness timed out"
"humanizer","humanizer-nl-05","natural-language","grepai","Where is text shortened to a total character-length budget that includes the marker, dropping a partial word at a whitespace boundary and returning only the marker when no whole word fits?","src/Humanizer/Truncation/DynamicLengthAndPreserveWordsTruncator.cs","error","0","0","0","0","","","Error: grepai watcher readiness timed out"
"humanizer","humanizer-def-01","explicit-symbol","literal-unindexed","Where is HeadingTable implemented?","src/Humanizer/HeadingTable.cs","success","0","1","0.2","0.38685280723454163","5","ARCHITECTURE.md;src/Humanizer.SourceGenerators/Generators/ProfileCatalogs/HeadingTableCatalogInput.cs;src/Humanizer.SourceGenerators/HumanizerSourceGenerator.cs;src/Humanizer/HeadingExtensions.cs;src/Humanizer/HeadingTable.cs;tests/Humanizer.SourceGenerators.Tests/SourceGenerators/HumanizerSourceGeneratorTests.cs;tests/Humanizer.Tests/CoverageGapTests.cs;tests/Humanizer.Tests/Localisation/GeneratedLocaleData/GeneratedFormatterPhraseTableTests.cs",""
"humanizer","humanizer-def-02","explicit-symbol","literal-unindexed","Where is RomanNumeralExtensions implemented?","src/Humanizer/RomanNumeralExtensions.cs","success","0","1","0.5","0.6309297535714575","2","src/Benchmarks/RomanNumeralBenchmarks.cs;src/Humanizer/RomanNumeralExtensions.cs;tests/Humanizer.Tests/ApiApprover/PublicApiApprovalTest.Approve_Public_Api.DotNet10_0.verified.txt;tests/Humanizer.Tests/ApiApprover/PublicApiApprovalTest.Approve_Public_Api.DotNet11_0.verified.txt;tests/Humanizer.Tests/ApiApprover/PublicApiApprovalTest.Approve_Public_Api.DotNet8_0.verified.txt;tests/Humanizer.Tests/ApiApprover/PublicApiApprovalTest.Approve_Public_Api.Net4_8.verified.txt;tests/Humanizer.Tests/CoverageGapTests.cs;website/docs/api/Humanizer.RomanNumeralExtensions.md;website/docs/api/Humanizer.md;website/docs/api/index.md",""
"humanizer","humanizer-def-03","explicit-symbol","literal-unindexed","Where is CasingExtensions implemented?","src/Humanizer/CasingExtensions.cs","success","1","1","1","1","1","src/Humanizer/CasingExtensions.cs;src/Humanizer/StringHumanizeExtensions.cs;tests/Humanizer.Tests/ApiApprover/PublicApiApprovalTest.Approve_Public_Api.DotNet10_0.verified.txt;tests/Humanizer.Tests/ApiApprover/PublicApiApprovalTest.Approve_Public_Api.DotNet11_0.verified.txt;tests/Humanizer.Tests/ApiApprover/PublicApiApprovalTest.Approve_Public_Api.DotNet8_0.verified.txt;tests/Humanizer.Tests/ApiApprover/PublicApiApprovalTest.Approve_Public_Api.Net4_8.verified.txt;tools/docs/verify-api.ps1;website/docs/api/Humanizer.CasingExtensions.md;website/docs/api/Humanizer.StringHumanizeExtensions.md;website/docs/api/Humanizer.md",""
"humanizer","humanizer-def-04","explicit-symbol","literal-unindexed","Where is EnglishArticle implemented?","src/Humanizer/ArticlePrefixSort.cs","success","0","1","0.3333333333333333","0.5","3","src/Benchmarks/EnglishArticleBenchmarks.cs;src/Benchmarks/README.md;src/Humanizer/ArticlePrefixSort.cs;tests/Humanizer.Tests/ApiApprover/PublicApiApprovalTest.Approve_Public_Api.DotNet10_0.verified.txt;tests/Humanizer.Tests/ApiApprover/PublicApiApprovalTest.Approve_Public_Api.DotNet11_0.verified.txt;tests/Humanizer.Tests/ApiApprover/PublicApiApprovalTest.Approve_Public_Api.DotNet8_0.verified.txt;tests/Humanizer.Tests/ApiApprover/PublicApiApprovalTest.Approve_Public_Api.Net4_8.verified.txt;tests/Humanizer.Tests/ArticlePrefixSortTests.cs;website/docs/_examples/scenarios-specialized/Program.cs;website/docs/api/Humanizer.EnglishArticle.md",""
"humanizer","humanizer-def-05","explicit-symbol","literal-unindexed","Where is FixedNumberOfWordsTruncator implemented?","src/Humanizer/Truncation/FixedNumberOfWordsTruncator.cs","success","1","1","1","1","1","src/Humanizer/Truncation/FixedNumberOfWordsTruncator.cs;src/Humanizer/Truncation/Truncator.cs;tests/Humanizer.Tests/CoverageGapTests.cs;tests/Humanizer.Tests/TruncatorTests.cs",""
"humanizer","humanizer-def-06","explicit-symbol","literal-unindexed","Where is DefaultTimeSpanHumanizeStrategy implemented?","src/Humanizer/TimeSpanHumanizeStrategy/DefaultTimeSpanHumanizeStrategy.cs","success","0","1","0.3333333333333333","0.5","3","src/Humanizer/Configuration/Configurator.cs;src/Humanizer/TimeSpanHumanizeExtensions.cs;src/Humanizer/TimeSpanHumanizeStrategy/DefaultTimeSpanHumanizeStrategy.cs;tests/Humanizer.Tests/ApiApprover/PublicApiApprovalTest.Approve_Public_Api.DotNet10_0.verified.txt;tests/Humanizer.Tests/ApiApprover/PublicApiApprovalTest.Approve_Public_Api.DotNet11_0.verified.txt;tests/Humanizer.Tests/ApiApprover/PublicApiApprovalTest.Approve_Public_Api.DotNet8_0.verified.txt;tests/Humanizer.Tests/ApiApprover/PublicApiApprovalTest.Approve_Public_Api.Net4_8.verified.txt;tests/Humanizer.Tests/FractionalTimeSpanHumanizeTests.cs;tests/Humanizer.Tests/TimeSpanHumanizeTests.cs;website/docs/_examples/configuration/Program.cs",""
"humanizer","humanizer-nl-01","natural-language","literal-unindexed","Where does readable text get split on spaces, have each nonempty word normalized and capitalized, and then get joined into a compact identifier?","src/Humanizer/StringDehumanizeExtensions.cs","success","0","0","0","0","","",""
"humanizer","humanizer-nl-02","natural-language","literal-unindexed","Where are integer group sizes mapped to conventional names such as single, double, and triple, with a numeric hyphenated fallback for sizes without a special name?","src/Humanizer/TupleizeExtensions.cs","success","0","0","0","0","","",""
"humanizer","humanizer-nl-03","natural-language","literal-unindexed","Where does conversion to Chinese financial digits walk the requested culture ancestry to choose simplified or traditional characters, rejecting cultures outside both hierarchies?","src/Humanizer/ChineseFinancialNumeralExtensions.cs","success","0","0","0","0","","",""
"humanizer","humanizer-nl-04","natural-language","literal-unindexed","Where does converting readable text to an enumeration selected at runtime construct a generic call through reflection and rethrow the underlying exception rather than its reflection wrapper?","src/Humanizer/EnumDehumanizeExtensions.cs","success","0","0","0","0","","",""
"humanizer","humanizer-nl-05","natural-language","literal-unindexed","Where is text shortened to a total character-length budget that includes the marker, dropping a partial word at a whitespace boundary and returning only the marker when no whole word fits?","src/Humanizer/Truncation/DynamicLengthAndPreserveWordsTruncator.cs","success","0","0","0","0","","",""
"humanizer","humanizer-def-01","explicit-symbol","plain-file-bm25","Where is HeadingTable implemented?","src/Humanizer/HeadingTable.cs","success","1","1","1","1","1","src/Humanizer/HeadingTable.cs;src/Humanizer.SourceGenerators/Generators/ProfileCatalogs/HeadingTableCatalogInput.cs;tests/Humanizer.Tests/CoverageGapTests.cs;tests/Humanizer.SourceGenerators.Tests/SourceGenerators/HumanizerSourceGeneratorTests.cs",""
"humanizer","humanizer-def-02","explicit-symbol","plain-file-bm25","Where is RomanNumeralExtensions implemented?","src/Humanizer/RomanNumeralExtensions.cs","success","0","0","0","0","","website/docs/api/Humanizer.RomanNumeralExtensions.md;website/versioned_docs/version-3.0.1/api/Humanizer.RomanNumeralExtensions.md;website/versioned_docs/version-3.0.10/api/Humanizer.RomanNumeralExtensions.md;website/versioned_docs/version-3.0.8/api/Humanizer.RomanNumeralExtensions.md;website/versioned_docs/version-2.10.1/api/Humanizer.RomanNumeralExtensions.md;website/versioned_docs/version-2.11.10/api/Humanizer.RomanNumeralExtensions.md;website/versioned_docs/version-2.13.14/api/Humanizer.RomanNumeralExtensions.md;website/versioned_docs/version-2.14.1/api/Humanizer.RomanNumeralExtensions.md;website/version-overrides/2.10.1/scenarios/numbers-words-ordinals-roman-bytes-and-quantities.mdx;website/version-overrides/2.11.10/scenarios/numbers-words-ordinals-roman-bytes-and-quantities.mdx",""
"humanizer","humanizer-def-03","explicit-symbol","plain-file-bm25","Where is CasingExtensions implemented?","src/Humanizer/CasingExtensions.cs","success","0","0","0","0","","website/docs/api/Humanizer.CasingExtensions.md;website/versioned_docs/version-2.10.1/api/Humanizer.CasingExtensions.md;website/versioned_docs/version-2.11.10/api/Humanizer.CasingExtensions.md;website/versioned_docs/version-2.13.14/api/Humanizer.CasingExtensions.md;website/versioned_docs/version-2.14.1/api/Humanizer.CasingExtensions.md;website/versioned_docs/version-3.0.1/api/Humanizer.CasingExtensions.md;website/versioned_docs/version-3.0.10/api/Humanizer.CasingExtensions.md;website/versioned_docs/version-3.0.8/api/Humanizer.CasingExtensions.md;website/versioned_docs/version-3.0.1/api/Humanizer.StringHumanizeExtensions.md;website/versioned_docs/version-3.0.10/api/Humanizer.StringHumanizeExtensions.md",""
"humanizer","humanizer-def-04","explicit-symbol","plain-file-bm25","Where is EnglishArticle implemented?","src/Humanizer/ArticlePrefixSort.cs","success","0","0","0","0","","website/docs/api/Humanizer.EnglishArticle.md;website/versioned_docs/version-2.10.1/api/Humanizer.EnglishArticle.md;website/versioned_docs/version-2.11.10/api/Humanizer.EnglishArticle.md;website/versioned_docs/version-2.13.14/api/Humanizer.EnglishArticle.md;website/versioned_docs/version-2.14.1/api/Humanizer.EnglishArticle.md;website/versioned_docs/version-3.0.1/api/Humanizer.EnglishArticle.md;website/versioned_docs/version-3.0.10/api/Humanizer.EnglishArticle.md;website/versioned_docs/version-3.0.8/api/Humanizer.EnglishArticle.md;tests/Humanizer.Tests/ArticlePrefixSortTests.cs;src/Benchmarks/EnglishArticleBenchmarks.cs",""
"humanizer","humanizer-def-05","explicit-symbol","plain-file-bm25","Where is FixedNumberOfWordsTruncator implemented?","src/Humanizer/Truncation/FixedNumberOfWordsTruncator.cs","success","0","1","0.5","0.6309297535714575","2","src/Humanizer/Truncation/Truncator.cs;src/Humanizer/Truncation/FixedNumberOfWordsTruncator.cs;tests/Humanizer.Tests/CoverageGapTests.cs",""
"humanizer","humanizer-def-06","explicit-symbol","plain-file-bm25","Where is DefaultTimeSpanHumanizeStrategy implemented?","src/Humanizer/TimeSpanHumanizeStrategy/DefaultTimeSpanHumanizeStrategy.cs","success","0","1","0.3333333333333333","0.5","3","website/docs/api/Humanizer.DefaultTimeSpanHumanizeStrategy.md;website/scenario-api-contract.json;src/Humanizer/TimeSpanHumanizeStrategy/DefaultTimeSpanHumanizeStrategy.cs;website/docs/api/Humanizer.ITimeSpanHumanizeStrategy.md;website/docs/scenarios/localization-and-extensibility.mdx;website/docs/scenarios/dates-times-durations-and-age.mdx;website/docs/api/Humanizer.IGrammaticalCaseTimeSpanHumanizeStrategy.md;website/docs/_examples/configuration/Program.cs;tests/Humanizer.Tests/FractionalTimeSpanHumanizeTests.cs;website/docs/scenarios/durations-and-ages.mdx",""
"humanizer","humanizer-nl-01","natural-language","plain-file-bm25","Where does readable text get split on spaces, have each nonempty word normalized and capitalized, and then get joined into a compact identifier?","src/Humanizer/StringDehumanizeExtensions.cs","success","0","1","0.2","0.38685280723454163","5","src/Humanizer/InflectorExtensions.cs;src/Humanizer/Localisation/WordsToNumber/CompoundScaleWordsToNumberConverter.cs;website/docs/api/Humanizer.InflectorExtensions.md;src/Humanizer/Localisation/WordsToNumber/InvertedTensWordsToNumberConverter.cs;src/Humanizer/StringDehumanizeExtensions.cs;src/Humanizer/Localisation/WordsToNumber/GreedyCompoundWordsToNumberConverter.cs;website/versioned_docs/version-3.0.1/api/Humanizer.InflectorExtensions.md;website/versioned_docs/version-3.0.10/api/Humanizer.InflectorExtensions.md;website/versioned_docs/version-3.0.8/api/Humanizer.InflectorExtensions.md;src/Humanizer/Localisation/WordsToNumber/ScaleLeadingCompoundWordsToNumberConverter.cs",""
"humanizer","humanizer-nl-02","natural-language","plain-file-bm25","Where are integer group sizes mapped to conventional names such as single, double, and triple, with a numeric hyphenated fallback for sizes without a special name?","src/Humanizer/TupleizeExtensions.cs","success","0","0","0","0","","website/docs/scenarios/collections-and-tuples.mdx;website/docs/contributing/locale-yaml-surface-reference.mdx;website/versioned_docs/version-3.0.1/scenarios/collections-and-tuples.mdx;website/versioned_docs/version-3.0.10/scenarios/collections-and-tuples.mdx;website/versioned_docs/version-3.0.8/scenarios/collections-and-tuples.mdx;website/version-overrides/2.10.1/scenarios/collections-and-tuples.mdx;website/version-overrides/2.11.10/scenarios/collections-and-tuples.mdx;website/version-overrides/2.13.14/scenarios/collections-and-tuples.mdx;website/version-overrides/2.14.1/scenarios/collections-and-tuples.mdx;website/versioned_docs/version-2.10.1/scenarios/collections-and-tuples.mdx",""
"humanizer","humanizer-nl-03","natural-language","plain-file-bm25","Where does conversion to Chinese financial digits walk the requested culture ancestry to choose simplified or traditional characters, rejecting cultures outside both hierarchies?","src/Humanizer/ChineseFinancialNumeralExtensions.cs","success","1","1","1","1","1","src/Humanizer/ChineseFinancialNumeralExtensions.cs;website/docs/api/Humanizer.ChineseFinancialNumeralExtensions.md;website/docs/scenarios/numbers-in-words-and-ordinals.mdx;website/docs/whats-new/index.mdx;website/docs/languages/using-cultures.mdx;website/docs/scenarios/localization-and-extensibility.mdx;website/docs/scenarios/parse-number-words.mdx;website/versioned_docs/version-2.13.14/scenarios/spoken-dates-and-clock-times.mdx;website/versioned_docs/version-2.14.1/scenarios/spoken-dates-and-clock-times.mdx;website/versioned_docs/version-3.0.1/scenarios/spoken-dates-and-clock-times.mdx",""
"humanizer","humanizer-nl-04","natural-language","plain-file-bm25","Where does converting readable text to an enumeration selected at runtime construct a generic call through reflection and rethrow the underlying exception rather than its reflection wrapper?","src/Humanizer/EnumDehumanizeExtensions.cs","success","0","1","0.2","0.38685280723454163","5","website/docs/concepts/trimming-and-native-aot.mdx;website/versioned_docs/version-3.0.1/concepts/trimming-and-native-aot.mdx;website/versioned_docs/version-3.0.10/concepts/trimming-and-native-aot.mdx;website/versioned_docs/version-3.0.8/concepts/trimming-and-native-aot.mdx;src/Humanizer/EnumDehumanizeExtensions.cs;website/docs/contributing/choosing-or-extending-a-locale-engine.mdx;website/version-overrides/3.0.10/upgrading/version-3-migration.mdx;website/versioned_docs/version-3.0.10/upgrading/version-3-migration.mdx;website/docs/scenarios/enums-and-flags.mdx;src/Humanizer/EnumHumanizeExtensions.cs",""
"humanizer","humanizer-nl-05","natural-language","plain-file-bm25","Where is text shortened to a total character-length budget that includes the marker, dropping a partial word at a whitespace boundary and returning only the marker when no whole word fits?","src/Humanizer/Truncation/DynamicLengthAndPreserveWordsTruncator.cs","success","0","0","0","0","","website/docs/scenarios/truncation-and-dehumanization.mdx;website/versioned_docs/version-3.0.1/scenarios/truncation-and-dehumanization.mdx;website/versioned_docs/version-3.0.10/scenarios/truncation-and-dehumanization.mdx;website/versioned_docs/version-3.0.8/scenarios/truncation-and-dehumanization.mdx;website/version-overrides/2.10.1/scenarios/truncation-and-dehumanization.mdx;website/version-overrides/2.11.10/scenarios/truncation-and-dehumanization.mdx;website/version-overrides/2.13.14/scenarios/truncation-and-dehumanization.mdx;website/version-overrides/2.14.1/scenarios/truncation-and-dehumanization.mdx;website/versioned_docs/version-2.10.1/scenarios/truncation-and-dehumanization.mdx;website/versioned_docs/version-2.11.10/scenarios/truncation-and-dehumanization.mdx",""
"flysystem","flysystem-def-01","explicit-symbol","ocbi-hybrid","Where is WhitespacePathNormalizer implemented?","src/WhitespacePathNormalizer.php","success","1","1","1","1","1","src/WhitespacePathNormalizer.php",""
"flysystem","flysystem-def-02","explicit-symbol","ocbi-hybrid","Where is PathPrefixer implemented?","src/PathPrefixer.php","success","1","1","1","1","1","src/PathPrefixer.php",""
"flysystem","flysystem-def-03","explicit-symbol","ocbi-hybrid","Where is PortableVisibilityConverter implemented?","src/UnixVisibility/PortableVisibilityConverter.php","success","1","1","1","1","1","src/UnixVisibility/PortableVisibilityConverter.php",""
"flysystem","flysystem-def-04","explicit-symbol","ocbi-hybrid","Where is MountManager implemented?","src/MountManager.php","success","1","1","1","1","1","src/MountManager.php",""
"flysystem","flysystem-def-05","explicit-symbol","ocbi-hybrid","Where is UnableToMoveFile implemented?","src/UnableToMoveFile.php","success","1","1","1","1","1","src/UnableToMoveFile.php",""
"flysystem","flysystem-def-06","explicit-symbol","ocbi-hybrid","Where is ProxyArrayAccessToProperties implemented?","src/ProxyArrayAccessToProperties.php","success","1","1","1","1","1","src/ProxyArrayAccessToProperties.php",""
"flysystem","flysystem-nl-01","natural-language","ocbi-hybrid","Where are several public-link providers tried in order, continuing only when a provider reports it cannot generate the link and failing after every provider declines?","src/UrlGeneration/ChainedPublicUrlGenerator.php","success","0","1","0.3333333333333333","0.5","3","src/UrlGeneration/PublicUrlGenerator.php;src/Filesystem.php;src/UrlGeneration/ChainedPublicUrlGenerator.php;src/UnableToGeneratePublicUrl.php;src/SymbolicLinkEncountered.php;src/MountManager.php;src/FilesystemOperator.php;src/UnableToGenerateTemporaryUrl.php;src/UrlGeneration/TemporaryUrlGenerator.php;SECURITY.md",""
"flysystem","flysystem-nl-02","natural-language","ocbi-hybrid","Where does a public download link choose one of several configured base URLs deterministically from a checksum of the storage path, while rejecting an empty set of bases?","src/UrlGeneration/ShardedPrefixPublicUrlGenerator.php","success","0","0","0","0","","src/ChecksumProvider.php;src/MountManager.php;src/FilesystemReader.php;src/UrlGeneration/ChainedPublicUrlGenerator.php;src/Filesystem.php;src/UrlGeneration/PublicUrlGenerator.php;SECURITY.md;src/FilesystemAdapter.php;src/SymbolicLinkEncountered.php;src/UnableToResolveFilesystemMount.php",""
"flysystem","flysystem-nl-03","natural-language","ocbi-hybrid","Where is a file checksum computed by opening its readable stream, feeding that stream into a configured hashing algorithm with a default of MD5, and translating storage failures into a checksum-specific exception that retains the original cause?","src/CalculateChecksumFromStream.php","success","0","1","0.5","0.6309297535714575","2","src/ChecksumProvider.php;src/CalculateChecksumFromStream.php;src/FilesystemReader.php;src/Filesystem.php;src/MountManager.php;src/UnableToProvideChecksum.php;src/FilesystemAdapter.php;src/FilesystemOperator.php;src/UnableToCheckFileExistence.php;src/UnableToResolveFilesystemMount.php",""
"flysystem","flysystem-nl-04","natural-language","ocbi-hybrid","Where can a storage listing be filtered and transformed lazily, but sorting it by each entry’s path first materializes the entries into an array?","src/DirectoryListing.php","success","0","1","0.3333333333333333","0.5","3","src/Filesystem.php;src/FilesystemReader.php;src/DirectoryListing.php;src/StorageAttributes.php;SECURITY.md;src/FilesystemOperator.php;src/FilesystemAdapter.php;src/MountManager.php;src/DecoratedAdapter.php;src/FilesystemWriter.php",""
"flysystem","flysystem-nl-05","natural-language","ocbi-hybrid","Where does writing supplied stream contents reject non-stream resources, rewind only seekable streams that are not already at the start, and then pass the normalized destination to the storage adapter?","src/Filesystem.php","success","1","1","1","1","1","src/Filesystem.php;SECURITY.md;src/FilesystemAdapter.php;src/CalculateChecksumFromStream.php;src/InvalidStreamProvided.php;src/FilesystemOperator.php;src/DecoratedAdapter.php;src/UnableToResolveFilesystemMount.php;src/FilesystemReader.php;src/MountManager.php",""
"flysystem","flysystem-def-01","explicit-symbol","ocbi-structural","Where is WhitespacePathNormalizer implemented?","src/WhitespacePathNormalizer.php","success","1","1","1","1","1","src/WhitespacePathNormalizer.php",""
"flysystem","flysystem-def-02","explicit-symbol","ocbi-structural","Where is PathPrefixer implemented?","src/PathPrefixer.php","success","1","1","1","1","1","src/PathPrefixer.php",""
"flysystem","flysystem-def-03","explicit-symbol","ocbi-structural","Where is PortableVisibilityConverter implemented?","src/UnixVisibility/PortableVisibilityConverter.php","success","1","1","1","1","1","src/UnixVisibility/PortableVisibilityConverter.php",""
"flysystem","flysystem-def-04","explicit-symbol","ocbi-structural","Where is MountManager implemented?","src/MountManager.php","success","1","1","1","1","1","src/MountManager.php",""
"flysystem","flysystem-def-05","explicit-symbol","ocbi-structural","Where is UnableToMoveFile implemented?","src/UnableToMoveFile.php","success","1","1","1","1","1","src/UnableToMoveFile.php",""
"flysystem","flysystem-def-06","explicit-symbol","ocbi-structural","Where is ProxyArrayAccessToProperties implemented?","src/ProxyArrayAccessToProperties.php","success","1","1","1","1","1","src/ProxyArrayAccessToProperties.php",""
"flysystem","flysystem-nl-01","natural-language","ocbi-structural","Where are several public-link providers tried in order, continuing only when a provider reports it cannot generate the link and failing after every provider declines?","src/UrlGeneration/ChainedPublicUrlGenerator.php","success","0","0","0","0","","src/Filesystem.php;src/SymbolicLinkEncountered.php;src/FilesystemOperator.php;src/MountManager.php;src/FilesystemReader.php;SECURITY.md;src/UnableToCopyFile.php;src/UnableToMoveFile.php;src/UnableToGeneratePublicUrl.php;src/FilesystemWriter.php",""
"flysystem","flysystem-nl-02","natural-language","ocbi-structural","Where does a public download link choose one of several configured base URLs deterministically from a checksum of the storage path, while rejecting an empty set of bases?","src/UrlGeneration/ShardedPrefixPublicUrlGenerator.php","success","0","0","0.1111111111111111","0.3010299956639812","9","src/MountManager.php;src/Filesystem.php;SECURITY.md;src/ChecksumProvider.php;src/SymbolicLinkEncountered.php;src/FilesystemReader.php;src/UnableToResolveFilesystemMount.php;src/WhitespacePathNormalizer.php;src/UrlGeneration/ShardedPrefixPublicUrlGenerator.php;src/UnableToProvideChecksum.php",""
"flysystem","flysystem-nl-03","natural-language","ocbi-structural","Where is a file checksum computed by opening its readable stream, feeding that stream into a configured hashing algorithm with a default of MD5, and translating storage failures into a checksum-specific exception that retains the original cause?","src/CalculateChecksumFromStream.php","success","1","1","1","1","1","src/CalculateChecksumFromStream.php;src/ChecksumProvider.php;src/FilesystemReader.php;src/Filesystem.php;src/FilesystemOperator.php;src/UnableToProvideChecksum.php;src/UnableToCopyFile.php;src/UnableToMoveFile.php;src/UnableToResolveFilesystemMount.php;src/FilesystemWriter.php",""
"flysystem","flysystem-nl-04","natural-language","ocbi-structural","Where can a storage listing be filtered and transformed lazily, but sorting it by each entry’s path first materializes the entries into an array?","src/DirectoryListing.php","success","0","1","0.5","0.6309297535714575","2","src/FilesystemReader.php;src/DirectoryListing.php;src/FilesystemOperator.php;SECURITY.md;src/Filesystem.php;src/FilesystemWriter.php;src/UnableToResolveFilesystemMount.php;src/ProxyArrayAccessToProperties.php;src/ChecksumProvider.php;src/UnableToListContents.php",""
"flysystem","flysystem-nl-05","natural-language","ocbi-structural","Where does writing supplied stream contents reject non-stream resources, rewind only seekable streams that are not already at the start, and then pass the normalized destination to the storage adapter?","src/Filesystem.php","success","1","1","1","1","1","src/Filesystem.php;SECURITY.md;src/FilesystemOperator.php;src/UnableToResolveFilesystemMount.php;src/FilesystemReader.php;src/MountManager.php;src/ChecksumProvider.php;src/UnableToCopyFile.php;src/FilesystemWriter.php;src/UnableToMoveFile.php",""
"flysystem","flysystem-def-01","explicit-symbol","codegraph","Where is WhitespacePathNormalizer implemented?","src/WhitespacePathNormalizer.php","success","1","1","1","1","1","src/WhitespacePathNormalizer.php",""
"flysystem","flysystem-def-02","explicit-symbol","codegraph","Where is PathPrefixer implemented?","src/PathPrefixer.php","success","1","1","1","1","1","src/PathPrefixer.php;src/UrlGeneration/PrefixPublicUrlGenerator.php;src/UrlGeneration/ShardedPrefixPublicUrlGenerator.php",""
"flysystem","flysystem-def-03","explicit-symbol","codegraph","Where is PortableVisibilityConverter implemented?","src/UnixVisibility/PortableVisibilityConverter.php","success","1","1","1","1","1","src/UnixVisibility/PortableVisibilityConverter.php",""
"flysystem","flysystem-def-04","explicit-symbol","codegraph","Where is MountManager implemented?","src/MountManager.php","success","1","1","1","1","1","src/MountManager.php",""
"flysystem","flysystem-def-05","explicit-symbol","codegraph","Where is UnableToMoveFile implemented?","src/UnableToMoveFile.php","success","1","1","1","1","1","src/UnableToMoveFile.php;src/FilesystemAdapter.php;src/FilesystemWriter.php",""
"flysystem","flysystem-def-06","explicit-symbol","codegraph","Where is ProxyArrayAccessToProperties implemented?","src/ProxyArrayAccessToProperties.php","success","1","1","1","1","1","src/ProxyArrayAccessToProperties.php",""
"flysystem","flysystem-nl-01","natural-language","codegraph","Where are several public-link providers tried in order, continuing only when a provider reports it cannot generate the link and failing after every provider declines?","src/UrlGeneration/ChainedPublicUrlGenerator.php","success","0","1","0.2","0.38685280723454163","5","src/UnableToGeneratePublicUrl.php;src/ChecksumProvider.php;src/SymbolicLinkEncountered.php;src/FilesystemException.php;src/UrlGeneration/ChainedPublicUrlGenerator.php;src/UrlGeneration/PublicUrlGenerator.php;src/MountManager.php",""
"flysystem","flysystem-nl-02","natural-language","codegraph","Where does a public download link choose one of several configured base URLs deterministically from a checksum of the storage path, while rejecting an empty set of bases?","src/UrlGeneration/ShardedPrefixPublicUrlGenerator.php","success","0","0","0","0","","src/PathTraversalDetected.php;src/StorageAttributes.php;src/Filesystem.php;src/DirectoryListing.php;src/MountManager.php;src/PathNormalizer.php;src/Config.php",""
"flysystem","flysystem-nl-03","natural-language","codegraph","Where is a file checksum computed by opening its readable stream, feeding that stream into a configured hashing algorithm with a default of MD5, and translating storage failures into a checksum-specific exception that retains the original cause?","src/CalculateChecksumFromStream.php","success","1","1","1","1","1","src/CalculateChecksumFromStream.php;src/Filesystem.php;src/Config.php;src/UnableToProvideChecksum.php",""
"flysystem","flysystem-nl-04","natural-language","codegraph","Where can a storage listing be filtered and transformed lazily, but sorting it by each entry’s path first materializes the entries into an array?","src/DirectoryListing.php","success","1","1","1","1","1","src/DirectoryListing.php;src/CorruptedPathDetected.php;src/WhitespacePathNormalizer.php",""
"flysystem","flysystem-nl-05","natural-language","codegraph","Where does writing supplied stream contents reject non-stream resources, rewind only seekable streams that are not already at the start, and then pass the normalized destination to the storage adapter?","src/Filesystem.php","success","0","1","0.3333333333333333","0.5","3","src/FilesystemWriter.php;src/DecoratedAdapter.php;src/Filesystem.php;src/FilesystemAdapter.php;src/Config.php;src/PathNormalizer.php;src/MountManager.php",""
"flysystem","flysystem-def-01","explicit-symbol","codebase-memory","Where is WhitespacePathNormalizer implemented?","src/WhitespacePathNormalizer.php","success","1","1","1","1","1","src/WhitespacePathNormalizer.php",""
"flysystem","flysystem-def-02","explicit-symbol","codebase-memory","Where is PathPrefixer implemented?","src/PathPrefixer.php","success","1","1","1","1","1","src/PathPrefixer.php",""
"flysystem","flysystem-def-03","explicit-symbol","codebase-memory","Where is PortableVisibilityConverter implemented?","src/UnixVisibility/PortableVisibilityConverter.php","success","1","1","1","1","1","src/UnixVisibility/PortableVisibilityConverter.php",""
"flysystem","flysystem-def-04","explicit-symbol","codebase-memory","Where is MountManager implemented?","src/MountManager.php","success","1","1","1","1","1","src/MountManager.php",""
"flysystem","flysystem-def-05","explicit-symbol","codebase-memory","Where is UnableToMoveFile implemented?","src/UnableToMoveFile.php","success","1","1","1","1","1","src/UnableToMoveFile.php",""
"flysystem","flysystem-def-06","explicit-symbol","codebase-memory","Where is ProxyArrayAccessToProperties implemented?","src/ProxyArrayAccessToProperties.php","success","1","1","1","1","1","src/ProxyArrayAccessToProperties.php",""
"flysystem","flysystem-nl-01","natural-language","codebase-memory","Where are several public-link providers tried in order, continuing only when a provider reports it cannot generate the link and failing after every provider declines?","src/UrlGeneration/ChainedPublicUrlGenerator.php","unsupported","","","","","","",""
"flysystem","flysystem-nl-02","natural-language","codebase-memory","Where does a public download link choose one of several configured base URLs deterministically from a checksum of the storage path, while rejecting an empty set of bases?","src/UrlGeneration/ShardedPrefixPublicUrlGenerator.php","unsupported","","","","","","",""
"flysystem","flysystem-nl-03","natural-language","codebase-memory","Where is a file checksum computed by opening its readable stream, feeding that stream into a configured hashing algorithm with a default of MD5, and translating storage failures into a checksum-specific exception that retains the original cause?","src/CalculateChecksumFromStream.php","unsupported","","","","","","",""
"flysystem","flysystem-nl-04","natural-language","codebase-memory","Where can a storage listing be filtered and transformed lazily, but sorting it by each entry’s path first materializes the entries into an array?","src/DirectoryListing.php","unsupported","","","","","","",""
"flysystem","flysystem-nl-05","natural-language","codebase-memory","Where does writing supplied stream contents reject non-stream resources, rewind only seekable streams that are not already at the start, and then pass the normalized destination to the storage adapter?","src/Filesystem.php","unsupported","","","","","","",""
"flysystem","flysystem-def-01","explicit-symbol","grepai","Where is WhitespacePathNormalizer implemented?","src/WhitespacePathNormalizer.php","success","1","1","1","1","1","src/WhitespacePathNormalizer.php;src/PathNormalizer.php;src/UrlGeneration/PrefixPublicUrlGenerator.php;src/CorruptedPathDetected.php;src/ResolveIdenticalPathConflict.php;src/UrlGeneration/PublicUrlGenerator.php;src/PathPrefixer.php;src/FilesystemReader.php;src/ChecksumAlgoIsNotSupported.php;src/UrlGeneration/TemporaryUrlGenerator.php",""
"flysystem","flysystem-def-02","explicit-symbol","grepai","Where is PathPrefixer implemented?","src/PathPrefixer.php","success","1","1","1","1","1","src/PathPrefixer.php;src/UrlGeneration/PrefixPublicUrlGenerator.php;src/PathNormalizer.php;src/PathTraversalDetected.php;src/DecoratedAdapter.php;src/UrlGeneration/ShardedPrefixPublicUrlGenerator.php;src/WhitespacePathNormalizer.php;src/CorruptedPathDetected.php;src/MountManager.php;src/FilesystemReader.php",""
"flysystem","flysystem-def-03","explicit-symbol","grepai","Where is PortableVisibilityConverter implemented?","src/UnixVisibility/PortableVisibilityConverter.php","success","1","1","1","1","1","src/UnixVisibility/PortableVisibilityConverter.php;src/PortableVisibilityGuard.php;src/UnixVisibility/VisibilityConverter.php;src/InvalidVisibilityProvided.php;src/UnableToCheckFileExistence.php;src/UrlGeneration/PublicUrlGenerator.php;src/Visibility.php;src/UnableToSetVisibility.php;src/UrlGeneration/ChainedPublicUrlGenerator.php;src/UnableToCheckDirectoryExistence.php",""
"flysystem","flysystem-def-04","explicit-symbol","grepai","Where is MountManager implemented?","src/MountManager.php","success","1","1","1","1","1","src/MountManager.php;src/UnableToResolveFilesystemMount.php;src/UnixVisibility/PortableVisibilityConverter.php;composer.json;src/UnableToMountFilesystem.php;src/UrlGeneration/PrefixPublicUrlGenerator.php;src/UrlGeneration/ShardedPrefixPublicUrlGenerator.php;src/UnableToRetrieveMetadata.php;src/ChecksumAlgoIsNotSupported.php;src/FilesystemOperator.php",""
"flysystem","flysystem-def-05","explicit-symbol","grepai","Where is UnableToMoveFile implemented?","src/UnableToMoveFile.php","success","0","1","0.2","0.38685280723454163","5","src/UnableToMountFilesystem.php;src/UnableToResolveFilesystemMount.php;src/UnableToCheckDirectoryExistence.php;src/UnableToCheckFileExistence.php;src/UnableToMoveFile.php;src/UnableToListContents.php;src/UnableToReadFile.php;src/UnableToRetrieveMetadata.php;src/UnableToCheckExistence.php;src/UnableToWriteFile.php",""
"flysystem","flysystem-def-06","explicit-symbol","grepai","Where is ProxyArrayAccessToProperties implemented?","src/ProxyArrayAccessToProperties.php","success","1","1","1","1","1","src/ProxyArrayAccessToProperties.php;src/ChecksumAlgoIsNotSupported.php;src/FileAttributes.php;src/DirectoryAttributes.php;src/UnableToProvideChecksum.php;src/CalculateChecksumFromStream.php;src/PortableVisibilityGuard.php;src/UnableToWriteFile.php;src/InvalidVisibilityProvided.php;src/WhitespacePathNormalizer.php",""
"flysystem","flysystem-nl-01","natural-language","grepai","Where are several public-link providers tried in order, continuing only when a provider reports it cannot generate the link and failing after every provider declines?","src/UrlGeneration/ChainedPublicUrlGenerator.php","success","1","1","1","1","1","src/UrlGeneration/ChainedPublicUrlGenerator.php;src/UrlGeneration/PublicUrlGenerator.php;src/UnableToGeneratePublicUrl.php;src/UrlGeneration/TemporaryUrlGenerator.php;src/UnableToGenerateTemporaryUrl.php;src/MountManager.php;src/UnableToResolveFilesystemMount.php;src/UrlGeneration/PrefixPublicUrlGenerator.php;src/UnableToListContents.php;src/UnableToCheckFileExistence.php",""
"flysystem","flysystem-nl-02","natural-language","grepai","Where does a public download link choose one of several configured base URLs deterministically from a checksum of the storage path, while rejecting an empty set of bases?","src/UrlGeneration/ShardedPrefixPublicUrlGenerator.php","success","0","0","0","0","","src/UrlGeneration/ChainedPublicUrlGenerator.php;src/UrlGeneration/PublicUrlGenerator.php;src/ChecksumProvider.php;src/UnableToGeneratePublicUrl.php;src/MountManager.php;src/UrlGeneration/PrefixPublicUrlGenerator.php;src/UnableToGenerateTemporaryUrl.php;src/UnableToProvideChecksum.php;src/InvalidStreamProvided.php;src/ChecksumAlgoIsNotSupported.php",""
"flysystem","flysystem-nl-03","natural-language","grepai","Where is a file checksum computed by opening its readable stream, feeding that stream into a configured hashing algorithm with a default of MD5, and translating storage failures into a checksum-specific exception that retains the original cause?","src/CalculateChecksumFromStream.php","success","0","1","0.5","0.6309297535714575","2","src/ChecksumProvider.php;src/CalculateChecksumFromStream.php;src/UnableToProvideChecksum.php;src/ChecksumAlgoIsNotSupported.php;src/UnableToMountFilesystem.php;src/UnableToCheckExistence.php;src/UnableToCheckFileExistence.php;src/UnableToCheckDirectoryExistence.php;src/InvalidStreamProvided.php;src/MountManager.php",""
"flysystem","flysystem-nl-04","natural-language","grepai","Where can a storage listing be filtered and transformed lazily, but sorting it by each entry’s path first materializes the entries into an array?","src/DirectoryListing.php","success","1","1","1","1","1","src/DirectoryListing.php;src/StorageAttributes.php;src/UnableToListContents.php;src/FilesystemReader.php;src/UnixVisibility/VisibilityConverter.php;src/UnixVisibility/PortableVisibilityConverter.php;src/FilesystemOperationFailed.php;src/FilesystemOperator.php;src/UnableToDeleteDirectory.php;src/UnreadableFileEncountered.php",""
"flysystem","flysystem-nl-05","natural-language","grepai","Where does writing supplied stream contents reject non-stream resources, rewind only seekable streams that are not already at the start, and then pass the normalized destination to the storage adapter?","src/Filesystem.php","success","0","1","0.5","0.6309297535714575","2","src/CalculateChecksumFromStream.php;src/Filesystem.php;src/InvalidStreamProvided.php;src/UnableToMountFilesystem.php;src/UnableToProvideChecksum.php;src/FilesystemOperator.php;src/FilesystemWriter.php;src/UnableToSetVisibility.php;src/UnableToResolveFilesystemMount.php;src/UnableToListContents.php",""
"flysystem","flysystem-def-01","explicit-symbol","literal-unindexed","Where is WhitespacePathNormalizer implemented?","src/WhitespacePathNormalizer.php","success","0","1","0.3333333333333333","0.5","3","SECURITY.md;src/Filesystem.php;src/WhitespacePathNormalizer.php",""
"flysystem","flysystem-def-02","explicit-symbol","literal-unindexed","Where is PathPrefixer implemented?","src/PathPrefixer.php","success","1","1","1","1","1","src/PathPrefixer.php;src/UrlGeneration/PrefixPublicUrlGenerator.php;src/UrlGeneration/ShardedPrefixPublicUrlGenerator.php",""
"flysystem","flysystem-def-03","explicit-symbol","literal-unindexed","Where is PortableVisibilityConverter implemented?","src/UnixVisibility/PortableVisibilityConverter.php","success","1","1","1","1","1","src/UnixVisibility/PortableVisibilityConverter.php",""
"flysystem","flysystem-def-04","explicit-symbol","literal-unindexed","Where is MountManager implemented?","src/MountManager.php","success","1","1","1","1","1","src/MountManager.php",""
"flysystem","flysystem-def-05","explicit-symbol","literal-unindexed","Where is UnableToMoveFile implemented?","src/UnableToMoveFile.php","success","0","1","0.2","0.38685280723454163","5","src/Filesystem.php;src/FilesystemAdapter.php;src/FilesystemWriter.php;src/MountManager.php;src/UnableToMoveFile.php",""
"flysystem","flysystem-def-06","explicit-symbol","literal-unindexed","Where is ProxyArrayAccessToProperties implemented?","src/ProxyArrayAccessToProperties.php","success","0","1","0.3333333333333333","0.5","3","src/DirectoryAttributes.php;src/FileAttributes.php;src/ProxyArrayAccessToProperties.php",""
"flysystem","flysystem-nl-01","natural-language","literal-unindexed","Where are several public-link providers tried in order, continuing only when a provider reports it cannot generate the link and failing after every provider declines?","src/UrlGeneration/ChainedPublicUrlGenerator.php","success","0","0","0","0","","",""
"flysystem","flysystem-nl-02","natural-language","literal-unindexed","Where does a public download link choose one of several configured base URLs deterministically from a checksum of the storage path, while rejecting an empty set of bases?","src/UrlGeneration/ShardedPrefixPublicUrlGenerator.php","success","0","0","0","0","","",""
"flysystem","flysystem-nl-03","natural-language","literal-unindexed","Where is a file checksum computed by opening its readable stream, feeding that stream into a configured hashing algorithm with a default of MD5, and translating storage failures into a checksum-specific exception that retains the original cause?","src/CalculateChecksumFromStream.php","success","0","0","0","0","","",""
"flysystem","flysystem-nl-04","natural-language","literal-unindexed","Where can a storage listing be filtered and transformed lazily, but sorting it by each entry’s path first materializes the entries into an array?","src/DirectoryListing.php","success","0","0","0","0","","",""
"flysystem","flysystem-nl-05","natural-language","literal-unindexed","Where does writing supplied stream contents reject non-stream resources, rewind only seekable streams that are not already at the start, and then pass the normalized destination to the storage adapter?","src/Filesystem.php","success","0","0","0","0","","",""
"flysystem","flysystem-def-01","explicit-symbol","plain-file-bm25","Where is WhitespacePathNormalizer implemented?","src/WhitespacePathNormalizer.php","success","1","1","1","1","1","src/WhitespacePathNormalizer.php;SECURITY.md;src/Filesystem.php",""
"flysystem","flysystem-def-02","explicit-symbol","plain-file-bm25","Where is PathPrefixer implemented?","src/PathPrefixer.php","success","0","1","0.3333333333333333","0.5","3","src/UrlGeneration/PrefixPublicUrlGenerator.php;src/UrlGeneration/ShardedPrefixPublicUrlGenerator.php;src/PathPrefixer.php",""
"flysystem","flysystem-def-03","explicit-symbol","plain-file-bm25","Where is PortableVisibilityConverter implemented?","src/UnixVisibility/PortableVisibilityConverter.php","success","1","1","1","1","1","src/UnixVisibility/PortableVisibilityConverter.php",""
"flysystem","flysystem-def-04","explicit-symbol","plain-file-bm25","Where is MountManager implemented?","src/MountManager.php","success","1","1","1","1","1","src/MountManager.php",""
"flysystem","flysystem-def-05","explicit-symbol","plain-file-bm25","Where is UnableToMoveFile implemented?","src/UnableToMoveFile.php","success","1","1","1","1","1","src/UnableToMoveFile.php;src/FilesystemWriter.php;src/FilesystemAdapter.php;src/MountManager.php;src/Filesystem.php",""
"flysystem","flysystem-def-06","explicit-symbol","plain-file-bm25","Where is ProxyArrayAccessToProperties implemented?","src/ProxyArrayAccessToProperties.php","success","1","1","1","1","1","src/ProxyArrayAccessToProperties.php;src/DirectoryAttributes.php;src/FileAttributes.php",""
"flysystem","flysystem-nl-01","natural-language","plain-file-bm25","Where are several public-link providers tried in order, continuing only when a provider reports it cannot generate the link and failing after every provider declines?","src/UrlGeneration/ChainedPublicUrlGenerator.php","success","0","0","0","0","","src/SymbolicLinkEncountered.php;SECURITY.md;LICENSE;src/UnableToCopyFile.php;src/UnableToMoveFile.php;src/FilesystemOperator.php;src/FilesystemReader.php;src/FilesystemWriter.php;src/Filesystem.php;src/UnableToGeneratePublicUrl.php",""
"flysystem","flysystem-nl-02","natural-language","plain-file-bm25","Where does a public download link choose one of several configured base URLs deterministically from a checksum of the storage path, while rejecting an empty set of bases?","src/UrlGeneration/ShardedPrefixPublicUrlGenerator.php","success","0","0","0.14285714285714285","0.3333333333333333","7","SECURITY.md;src/Filesystem.php;src/ChecksumProvider.php;composer.json;src/MountManager.php;src/WhitespacePathNormalizer.php;src/UrlGeneration/ShardedPrefixPublicUrlGenerator.php;LICENSE;src/SymbolicLinkEncountered.php;src/FilesystemReader.php",""
"flysystem","flysystem-nl-03","natural-language","plain-file-bm25","Where is a file checksum computed by opening its readable stream, feeding that stream into a configured hashing algorithm with a default of MD5, and translating storage failures into a checksum-specific exception that retains the original cause?","src/CalculateChecksumFromStream.php","success","1","1","1","1","1","src/CalculateChecksumFromStream.php;src/ChecksumProvider.php;SECURITY.md;src/Filesystem.php;src/FilesystemReader.php;src/MountManager.php;LICENSE;composer.json;src/UnableToGeneratePublicUrl.php;src/UnableToGenerateTemporaryUrl.php",""
"flysystem","flysystem-nl-04","natural-language","plain-file-bm25","Where can a storage listing be filtered and transformed lazily, but sorting it by each entry’s path first materializes the entries into an array?","src/DirectoryListing.php","success","0","1","0.3333333333333333","0.5","3","SECURITY.md;LICENSE;src/DirectoryListing.php;src/FilesystemReader.php;src/FilesystemWriter.php;src/Filesystem.php;composer.json;src/FilesystemOperator.php;src/ProxyArrayAccessToProperties.php;src/MountManager.php",""
"flysystem","flysystem-nl-05","natural-language","plain-file-bm25","Where does writing supplied stream contents reject non-stream resources, rewind only seekable streams that are not already at the start, and then pass the normalized destination to the storage adapter?","src/Filesystem.php","success","0","1","0.5","0.6309297535714575","2","SECURITY.md;src/Filesystem.php;LICENSE;src/UnableToCopyFile.php;src/FilesystemWriter.php;src/UnableToMoveFile.php;src/DecoratedAdapter.php;src/UnableToResolveFilesystemMount.php;src/MountManager.php;src/FilesystemOperator.php",""
"sequel","sequel-def-01","explicit-symbol","ocbi-hybrid","Where is UpdateOrCreate implemented?","lib/sequel/plugins/update_or_create.rb","success","1","1","1","1","1","lib/sequel/plugins/update_or_create.rb",""
"sequel","sequel-def-02","explicit-symbol","ocbi-hybrid","Where is UpdatePrimaryKey implemented?","lib/sequel/plugins/update_primary_key.rb","success","1","1","1","1","1","lib/sequel/plugins/update_primary_key.rb",""
"sequel","sequel-def-03","explicit-symbol","ocbi-hybrid","Where is WhitelistSecurity implemented?","lib/sequel/plugins/whitelist_security.rb","success","1","1","1","1","1","lib/sequel/plugins/whitelist_security.rb",""
"sequel","sequel-def-04","explicit-symbol","ocbi-hybrid","Where is ValidationContexts implemented?","lib/sequel/plugins/validation_contexts.rb","success","1","1","1","1","1","lib/sequel/plugins/validation_contexts.rb",""
"sequel","sequel-def-05","explicit-symbol","ocbi-hybrid","Where is ASTTransformer implemented?","lib/sequel/ast_transformer.rb","success","1","1","1","1","1","lib/sequel/ast_transformer.rb",""
"sequel","sequel-def-06","explicit-symbol","ocbi-hybrid","Where is PlaceholderLiteralizer implemented?","lib/sequel/dataset/placeholder_literalizer.rb;lib/sequel/extensions/pg_auto_parameterize.rb","success","1","1","1","1","1","lib/sequel/dataset/placeholder_literalizer.rb;lib/sequel/extensions/pg_auto_parameterize.rb",""
"sequel","sequel-nl-01","natural-language","ocbi-hybrid","Where do per-thread timezone overrides take precedence over global settings, including a sentinel that explicitly requests no timezone instead of falling back to the global value?","lib/sequel/extensions/thread_local_timezones.rb","success","1","1","1","1","1","lib/sequel/extensions/thread_local_timezones.rb;lib/sequel/timezones.rb;lib/sequel/extensions/named_timezones.rb;lib/sequel/adapters/oracle.rb;spec/extensions/thread_local_timezones_spec.rb;doc/release_notes/3.5.0.txt;doc/release_notes/3.4.0.txt;doc/release_notes/5.23.0.txt;spec/integration/timezone_test.rb;lib/sequel/database/misc.rb",""
"sequel","sequel-nl-02","natural-language","ocbi-hybrid","Where is a checked-out database connection temporarily returned to the pool during a block, reacquired in cleanup, and required to be the identical object before transaction rollback is considered safe?","lib/sequel/extensions/temporarily_release_connection.rb","success","0","1","0.25","0.43067655807339306","4","lib/sequel/database/transactions.rb;lib/sequel/extensions/transaction_connection_validator.rb;lib/sequel/adapters/ibmdb.rb;lib/sequel/extensions/temporarily_release_connection.rb;lib/sequel/adapters/jdbc/transactions.rb;lib/sequel/extensions/connection_validator.rb;lib/sequel/connection_pool/timed_queue.rb;lib/sequel/core.rb;lib/sequel/extensions/query_blocker.rb;lib/sequel/connection_pool/sharded_timed_queue.rb",""
"sequel","sequel-nl-03","natural-language","ocbi-hybrid","Where are connection failures while starting a transaction retried only before user code has run, with retry refused if the pool would return the same broken connection and a bounded retry count?","lib/sequel/extensions/transaction_connection_validator.rb","success","1","1","1","1","1","lib/sequel/extensions/transaction_connection_validator.rb;lib/sequel/connection_pool/threaded.rb;lib/sequel/connection_pool/timed_queue.rb;lib/sequel/connection_pool/sharded_timed_queue.rb;lib/sequel/database/transactions.rb;doc/release_notes/3.45.0.txt;doc/release_notes/5.77.0.txt;lib/sequel/extensions/connection_expiration.rb;lib/sequel/extensions/connection_validator.rb;lib/sequel/connection_pool/sharded_threaded.rb",""
"sequel","sequel-nl-04","natural-language","ocbi-hybrid","Where does SQL generation hold one pooled connection while composing ordinary select and modification statements, but bypass that checkout when the dataset already contains a raw SQL string?","lib/sequel/extensions/synchronize_sql.rb","success","0","0","0","0","","lib/sequel/adapters/jdbc/postgresql.rb;lib/sequel/adapters/jdbc/mysql.rb;lib/sequel/adapters/jdbc/derby.rb;lib/sequel/adapters/sqlite.rb;doc/release_notes/2.6.0.txt;lib/sequel/connection_pool/threaded.rb;lib/sequel/adapters/mysql2.rb;lib/sequel/dataset/prepared_statements.rb;lib/sequel/adapters/shared/access.rb;doc/release_notes/4.40.0.txt",""
"sequel","sequel-nl-05","natural-language","ocbi-hybrid","Where is the non-sharded, single-threaded pool implemented as a lazily created single connection that is reused for blocks, disconnected on recognized connection errors, and reported as size zero or one?","lib/sequel/connection_pool/single.rb","success","0","1","0.3333333333333333","0.5","3","lib/sequel/connection_pool/sharded_single.rb;lib/sequel/adapters/jdbc/h2.rb;lib/sequel/connection_pool/single.rb;lib/sequel/adapters/jdbc/sqlite.rb;lib/sequel/connection_pool/sharded_threaded.rb;lib/sequel/plugins/eager_each.rb;lib/sequel/connection_pool/sharded_timed_queue.rb;lib/sequel/connection_pool.rb;lib/sequel/database/connecting.rb;lib/sequel/extensions/connection_validator.rb",""
"sequel","sequel-nl-06","natural-language","ocbi-hybrid","Where are model validation messages accumulated by attribute and formatted with attribute names, while specially marked literal messages omit that prefix and multi-attribute names are joined with “and”?","lib/sequel/model/errors.rb","success","0","1","0.5","0.6309297535714575","2","lib/sequel/plugins/validation_helpers.rb;lib/sequel/model/errors.rb;doc/release_notes/1.1.txt;doc/release_notes/2.7.0.txt;lib/sequel/plugins/boolean_readers.rb;lib/sequel/plugins/nested_attributes.rb;lib/sequel/extensions/pg_row.rb;spec/model/associations_spec.rb;doc/release_notes/3.19.0.txt;lib/sequel/model/base.rb",""
"sequel","sequel-def-01","explicit-symbol","ocbi-structural","Where is UpdateOrCreate implemented?","lib/sequel/plugins/update_or_create.rb","success","1","1","1","1","1","lib/sequel/plugins/update_or_create.rb",""
"sequel","sequel-def-02","explicit-symbol","ocbi-structural","Where is UpdatePrimaryKey implemented?","lib/sequel/plugins/update_primary_key.rb","success","1","1","1","1","1","lib/sequel/plugins/update_primary_key.rb",""
"sequel","sequel-def-03","explicit-symbol","ocbi-structural","Where is WhitelistSecurity implemented?","lib/sequel/plugins/whitelist_security.rb","success","1","1","1","1","1","lib/sequel/plugins/whitelist_security.rb",""
"sequel","sequel-def-04","explicit-symbol","ocbi-structural","Where is ValidationContexts implemented?","lib/sequel/plugins/validation_contexts.rb","success","1","1","1","1","1","lib/sequel/plugins/validation_contexts.rb",""
"sequel","sequel-def-05","explicit-symbol","ocbi-structural","Where is ASTTransformer implemented?","lib/sequel/ast_transformer.rb","success","1","1","1","1","1","lib/sequel/ast_transformer.rb",""
"sequel","sequel-def-06","explicit-symbol","ocbi-structural","Where is PlaceholderLiteralizer implemented?","lib/sequel/dataset/placeholder_literalizer.rb;lib/sequel/extensions/pg_auto_parameterize.rb","success","1","1","1","1","1","lib/sequel/dataset/placeholder_literalizer.rb;lib/sequel/extensions/pg_auto_parameterize.rb",""
"sequel","sequel-nl-01","natural-language","ocbi-structural","Where do per-thread timezone overrides take precedence over global settings, including a sentinel that explicitly requests no timezone instead of falling back to the global value?","lib/sequel/extensions/thread_local_timezones.rb","success","1","1","1","1","1","lib/sequel/extensions/thread_local_timezones.rb;lib/sequel/extensions/query_blocker.rb;lib/sequel/adapters/oracle.rb;lib/sequel/database/misc.rb;lib/sequel/adapters/shared/oracle.rb;lib/sequel/database/features.rb;spec/extensions/thread_local_timezones_spec.rb;doc/release_notes/3.4.0.txt;doc/release_notes/3.5.0.txt;doc/release_notes/3.11.0.txt",""
"sequel","sequel-nl-02","natural-language","ocbi-structural","Where is a checked-out database connection temporarily returned to the pool during a block, reacquired in cleanup, and required to be the identical object before transaction rollback is considered safe?","lib/sequel/extensions/temporarily_release_connection.rb","success","0","0","0","0","","lib/sequel/database/transactions.rb;lib/sequel/adapters/ibmdb.rb;lib/sequel/database/connecting.rb;lib/sequel/adapters/jdbc.rb;lib/sequel/database/misc.rb;lib/sequel/adapters/amalgalite.rb;lib/sequel/adapters/sqlite.rb;lib/sequel/adapters/oracle.rb;lib/sequel/adapters/tinytds.rb;lib/sequel/adapters/postgres.rb",""
"sequel","sequel-nl-03","natural-language","ocbi-structural","Where are connection failures while starting a transaction retried only before user code has run, with retry refused if the pool would return the same broken connection and a bounded retry count?","lib/sequel/extensions/transaction_connection_validator.rb","success","1","1","1","1","1","lib/sequel/extensions/transaction_connection_validator.rb;lib/sequel/database/transactions.rb;lib/sequel/connection_pool/threaded.rb;doc/release_notes/3.45.0.txt;doc/release_notes/5.77.0.txt;lib/sequel/extensions/connection_expiration.rb;doc/release_notes/5.85.0.txt;lib/sequel/extensions/connection_validator.rb;doc/release_notes/3.41.0.txt;lib/sequel/connection_pool/sharded_threaded.rb",""
"sequel","sequel-nl-04","natural-language","ocbi-structural","Where does SQL generation hold one pooled connection while composing ordinary select and modification statements, but bypass that checkout when the dataset already contains a raw SQL string?","lib/sequel/extensions/synchronize_sql.rb","success","0","0","0","0","","lib/sequel/adapters/sqlite.rb;lib/sequel/connection_pool/threaded.rb;lib/sequel/dataset/prepared_statements.rb;doc/release_notes/2.6.0.txt;doc/release_notes/4.40.0.txt;doc/release_notes/5.85.0.txt;lib/sequel/adapters/shared/mssql.rb;doc/release_notes/4.10.0.txt;doc/release_notes/4.9.0.txt;lib/sequel/dataset/sql.rb",""
"sequel","sequel-nl-05","natural-language","ocbi-structural","Where is the non-sharded, single-threaded pool implemented as a lazily created single connection that is reused for blocks, disconnected on recognized connection errors, and reported as size zero or one?","lib/sequel/connection_pool/single.rb","success","0","0","0.16666666666666666","0.3562071871080222","6","lib/sequel/adapters/jdbc/h2.rb;lib/sequel/adapters/jdbc/sqlite.rb;lib/sequel/plugins/eager_each.rb;lib/sequel/connection_pool.rb;lib/sequel/connection_pool/sharded_single.rb;lib/sequel/connection_pool/single.rb;lib/sequel/connection_pool/sharded_timed_queue.rb;lib/sequel/connection_pool/sharded_threaded.rb;lib/sequel/connection_pool/timed_queue.rb;lib/sequel/connection_pool/threaded.rb",""
"sequel","sequel-nl-06","natural-language","ocbi-structural","Where are model validation messages accumulated by attribute and formatted with attribute names, while specially marked literal messages omit that prefix and multi-attribute names are joined with “and”?","lib/sequel/model/errors.rb","success","1","1","1","1","1","lib/sequel/model/errors.rb;lib/sequel/plugins/validation_helpers.rb;lib/sequel/plugins/boolean_readers.rb;doc/release_notes/2.7.0.txt;lib/sequel/extensions/pg_row.rb;lib/sequel/model/base.rb;doc/release_notes/3.1.0.txt;spec/extensions/association_multi_add_remove_spec.rb;spec/model/associations_spec.rb;doc/release_notes/5.8.0.txt",""
"sequel","sequel-def-01","explicit-symbol","codegraph","Where is UpdateOrCreate implemented?","lib/sequel/plugins/update_or_create.rb","success","1","1","1","1","1","lib/sequel/plugins/update_or_create.rb",""
"sequel","sequel-def-02","explicit-symbol","codegraph","Where is UpdatePrimaryKey implemented?","lib/sequel/plugins/update_primary_key.rb","success","1","1","1","1","1","lib/sequel/plugins/update_primary_key.rb",""
"sequel","sequel-def-03","explicit-symbol","codegraph","Where is WhitelistSecurity implemented?","lib/sequel/plugins/whitelist_security.rb","success","1","1","1","1","1","lib/sequel/plugins/whitelist_security.rb",""
"sequel","sequel-def-04","explicit-symbol","codegraph","Where is ValidationContexts implemented?","lib/sequel/plugins/validation_contexts.rb","success","1","1","1","1","1","lib/sequel/plugins/validation_contexts.rb",""
"sequel","sequel-def-05","explicit-symbol","codegraph","Where is ASTTransformer implemented?","lib/sequel/ast_transformer.rb","success","1","1","1","1","1","lib/sequel/ast_transformer.rb",""
"sequel","sequel-def-06","explicit-symbol","codegraph","Where is PlaceholderLiteralizer implemented?","lib/sequel/dataset/placeholder_literalizer.rb;lib/sequel/extensions/pg_auto_parameterize.rb","success","1","1","1","1","1","lib/sequel/dataset/placeholder_literalizer.rb;lib/sequel/extensions/pg_auto_parameterize.rb",""
"sequel","sequel-nl-01","natural-language","codegraph","Where do per-thread timezone overrides take precedence over global settings, including a sentinel that explicitly requests no timezone instead of falling back to the global value?","lib/sequel/extensions/thread_local_timezones.rb","success","0","0","0","0","","lib/sequel/model/base.rb;lib/sequel/extensions/named_timezones.rb;lib/sequel/connection_pool/sharded_threaded.rb;lib/sequel/connection_pool/threaded.rb;lib/sequel/connection_pool.rb;lib/sequel/plugins/lazy_attributes.rb;lib/sequel/plugins/nested_attributes.rb;lib/sequel/plugins/composition.rb;lib/sequel/plugins/enum.rb;lib/sequel/plugins/inverted_subsets.rb",""
"sequel","sequel-nl-02","natural-language","codegraph","Where is a checked-out database connection temporarily returned to the pool during a block, reacquired in cleanup, and required to be the identical object before transaction rollback is considered safe?","lib/sequel/extensions/temporarily_release_connection.rb","success","0","0","0","0","","lib/sequel/database/transactions.rb;lib/sequel/database/connecting.rb;lib/sequel/connection_pool/single.rb;lib/sequel/connection_pool.rb;lib/sequel/database/features.rb;lib/sequel/database/schema_methods.rb;lib/sequel/database/query.rb;lib/sequel/core.rb;lib/sequel/extensions/pg_auto_parameterize.rb",""
"sequel","sequel-nl-03","natural-language","codegraph","Where are connection failures while starting a transaction retried only before user code has run, with retry refused if the pool would return the same broken connection and a bounded retry count?","lib/sequel/extensions/transaction_connection_validator.rb","success","0","1","0.3333333333333333","0.5","3","lib/sequel/connection_pool/single.rb;lib/sequel/connection_pool/threaded.rb;lib/sequel/extensions/transaction_connection_validator.rb;lib/sequel/connection_pool.rb",""
"sequel","sequel-nl-04","natural-language","codegraph","Where does SQL generation hold one pooled connection while composing ordinary select and modification statements, but bypass that checkout when the dataset already contains a raw SQL string?","lib/sequel/extensions/synchronize_sql.rb","success","0","0","0","0","","lib/sequel/dataset/sql.rb;lib/sequel/extensions/sqlite_json_ops.rb;lib/sequel/sql.rb",""
"sequel","sequel-nl-05","natural-language","codegraph","Where is the non-sharded, single-threaded pool implemented as a lazily created single connection that is reused for blocks, disconnected on recognized connection errors, and reported as size zero or one?","lib/sequel/connection_pool/single.rb","success","0","0","0","0","","lib/sequel/connection_pool/sharded_single.rb;lib/sequel/connection_pool/sharded_threaded.rb;lib/sequel/adapters/mock.rb;lib/sequel/connection_pool.rb;lib/sequel/connection_pool/threaded.rb",""
"sequel","sequel-nl-06","natural-language","codegraph","Where are model validation messages accumulated by attribute and formatted with attribute names, while specially marked literal messages omit that prefix and multi-attribute names are joined with “and”?","lib/sequel/model/errors.rb","success","0","0","0","0","","spec/extensions/lazy_attributes_spec.rb;lib/sequel/model/exceptions.rb;lib/sequel/adapters/ibmdb.rb;lib/sequel/plugins/pg_auto_constraint_validations.rb;lib/sequel/model/base.rb",""
"sequel","sequel-def-01","explicit-symbol","codebase-memory","Where is UpdateOrCreate implemented?","lib/sequel/plugins/update_or_create.rb","success","1","1","1","1","1","lib/sequel/plugins/update_or_create.rb",""
"sequel","sequel-def-02","explicit-symbol","codebase-memory","Where is UpdatePrimaryKey implemented?","lib/sequel/plugins/update_primary_key.rb","success","1","1","1","1","1","lib/sequel/plugins/update_primary_key.rb",""
"sequel","sequel-def-03","explicit-symbol","codebase-memory","Where is WhitelistSecurity implemented?","lib/sequel/plugins/whitelist_security.rb","success","1","1","1","1","1","lib/sequel/plugins/whitelist_security.rb",""
"sequel","sequel-def-04","explicit-symbol","codebase-memory","Where is ValidationContexts implemented?","lib/sequel/plugins/validation_contexts.rb","success","1","1","1","1","1","lib/sequel/plugins/validation_contexts.rb",""
"sequel","sequel-def-05","explicit-symbol","codebase-memory","Where is ASTTransformer implemented?","lib/sequel/ast_transformer.rb","success","1","1","1","1","1","lib/sequel/ast_transformer.rb",""
"sequel","sequel-def-06","explicit-symbol","codebase-memory","Where is PlaceholderLiteralizer implemented?","lib/sequel/dataset/placeholder_literalizer.rb;lib/sequel/extensions/pg_auto_parameterize.rb","success","1","1","1","1","1","lib/sequel/dataset/placeholder_literalizer.rb;lib/sequel/extensions/pg_auto_parameterize.rb",""
"sequel","sequel-nl-01","natural-language","codebase-memory","Where do per-thread timezone overrides take precedence over global settings, including a sentinel that explicitly requests no timezone instead of falling back to the global value?","lib/sequel/extensions/thread_local_timezones.rb","unsupported","","","","","","",""
"sequel","sequel-nl-02","natural-language","codebase-memory","Where is a checked-out database connection temporarily returned to the pool during a block, reacquired in cleanup, and required to be the identical object before transaction rollback is considered safe?","lib/sequel/extensions/temporarily_release_connection.rb","unsupported","","","","","","",""
"sequel","sequel-nl-03","natural-language","codebase-memory","Where are connection failures while starting a transaction retried only before user code has run, with retry refused if the pool would return the same broken connection and a bounded retry count?","lib/sequel/extensions/transaction_connection_validator.rb","unsupported","","","","","","",""
"sequel","sequel-nl-04","natural-language","codebase-memory","Where does SQL generation hold one pooled connection while composing ordinary select and modification statements, but bypass that checkout when the dataset already contains a raw SQL string?","lib/sequel/extensions/synchronize_sql.rb","unsupported","","","","","","",""
"sequel","sequel-nl-05","natural-language","codebase-memory","Where is the non-sharded, single-threaded pool implemented as a lazily created single connection that is reused for blocks, disconnected on recognized connection errors, and reported as size zero or one?","lib/sequel/connection_pool/single.rb","unsupported","","","","","","",""
"sequel","sequel-nl-06","natural-language","codebase-memory","Where are model validation messages accumulated by attribute and formatted with attribute names, while specially marked literal messages omit that prefix and multi-attribute names are joined with “and”?","lib/sequel/model/errors.rb","unsupported","","","","","","",""
"sequel","sequel-def-01","explicit-symbol","grepai","Where is UpdateOrCreate implemented?","lib/sequel/plugins/update_or_create.rb","error","0","0","0","0","","","Error: grepai watcher readiness timed out"
"sequel","sequel-def-02","explicit-symbol","grepai","Where is UpdatePrimaryKey implemented?","lib/sequel/plugins/update_primary_key.rb","error","0","0","0","0","","","Error: grepai watcher readiness timed out"
"sequel","sequel-def-03","explicit-symbol","grepai","Where is WhitelistSecurity implemented?","lib/sequel/plugins/whitelist_security.rb","error","0","0","0","0","","","Error: grepai watcher readiness timed out"
"sequel","sequel-def-04","explicit-symbol","grepai","Where is ValidationContexts implemented?","lib/sequel/plugins/validation_contexts.rb","error","0","0","0","0","","","Error: grepai watcher readiness timed out"
"sequel","sequel-def-05","explicit-symbol","grepai","Where is ASTTransformer implemented?","lib/sequel/ast_transformer.rb","error","0","0","0","0","","","Error: grepai watcher readiness timed out"
"sequel","sequel-def-06","explicit-symbol","grepai","Where is PlaceholderLiteralizer implemented?","lib/sequel/dataset/placeholder_literalizer.rb;lib/sequel/extensions/pg_auto_parameterize.rb","error","0","0","0","0","","","Error: grepai watcher readiness timed out"
"sequel","sequel-nl-01","natural-language","grepai","Where do per-thread timezone overrides take precedence over global settings, including a sentinel that explicitly requests no timezone instead of falling back to the global value?","lib/sequel/extensions/thread_local_timezones.rb","error","0","0","0","0","","","Error: grepai watcher readiness timed out"
"sequel","sequel-nl-02","natural-language","grepai","Where is a checked-out database connection temporarily returned to the pool during a block, reacquired in cleanup, and required to be the identical object before transaction rollback is considered safe?","lib/sequel/extensions/temporarily_release_connection.rb","error","0","0","0","0","","","Error: grepai watcher readiness timed out"
"sequel","sequel-nl-03","natural-language","grepai","Where are connection failures while starting a transaction retried only before user code has run, with retry refused if the pool would return the same broken connection and a bounded retry count?","lib/sequel/extensions/transaction_connection_validator.rb","error","0","0","0","0","","","Error: grepai watcher readiness timed out"
"sequel","sequel-nl-04","natural-language","grepai","Where does SQL generation hold one pooled connection while composing ordinary select and modification statements, but bypass that checkout when the dataset already contains a raw SQL string?","lib/sequel/extensions/synchronize_sql.rb","error","0","0","0","0","","","Error: grepai watcher readiness timed out"
"sequel","sequel-nl-05","natural-language","grepai","Where is the non-sharded, single-threaded pool implemented as a lazily created single connection that is reused for blocks, disconnected on recognized connection errors, and reported as size zero or one?","lib/sequel/connection_pool/single.rb","error","0","0","0","0","","","Error: grepai watcher readiness timed out"
"sequel","sequel-nl-06","natural-language","grepai","Where are model validation messages accumulated by attribute and formatted with attribute names, while specially marked literal messages omit that prefix and multi-attribute names are joined with “and”?","lib/sequel/model/errors.rb","error","0","0","0","0","","","Error: grepai watcher readiness timed out"
"sequel","sequel-def-01","explicit-symbol","literal-unindexed","Where is UpdateOrCreate implemented?","lib/sequel/plugins/update_or_create.rb","success","1","1","1","1","1","lib/sequel/plugins/update_or_create.rb;spec/extensions/update_or_create_spec.rb;www/pages/plugins.html.erb",""
"sequel","sequel-def-02","explicit-symbol","literal-unindexed","Where is UpdatePrimaryKey implemented?","lib/sequel/plugins/update_primary_key.rb","success","0","1","0.5","0.6309297535714575","2","doc/CHANGELOG.old;lib/sequel/plugins/update_primary_key.rb;spec/extensions/update_primary_key_spec.rb;spec/integration/plugin_test.rb;www/pages/plugins.html.erb",""
"sequel","sequel-def-03","explicit-symbol","literal-unindexed","Where is WhitelistSecurity implemented?","lib/sequel/plugins/whitelist_security.rb","success","0","1","0.5","0.6309297535714575","2","lib/sequel/plugins/blacklist_security.rb;lib/sequel/plugins/whitelist_security.rb;www/pages/plugins.html.erb",""
"sequel","sequel-def-04","explicit-symbol","literal-unindexed","Where is ValidationContexts implemented?","lib/sequel/plugins/validation_contexts.rb","success","1","1","1","1","1","lib/sequel/plugins/validation_contexts.rb;www/pages/plugins.html.erb",""
"sequel","sequel-def-05","explicit-symbol","literal-unindexed","Where is ASTTransformer implemented?","lib/sequel/ast_transformer.rb","success","0","1","0.2","0.38685280723454163","5","doc/CHANGELOG.old;doc/release_notes/3.24.0.txt;doc/release_notes/4.11.0.txt;doc/release_notes/4.37.0.txt;lib/sequel/ast_transformer.rb;spec/core/dataset_spec.rb",""
"sequel","sequel-def-06","explicit-symbol","literal-unindexed","Where is PlaceholderLiteralizer implemented?","lib/sequel/dataset/placeholder_literalizer.rb;lib/sequel/extensions/pg_auto_parameterize.rb","success","0","0","0.1","0.17723928678404774","10","CHANGELOG;doc/CHANGELOG.old;doc/release_notes/4.10.0.txt;doc/release_notes/4.15.0.txt;doc/release_notes/4.42.0.txt;doc/release_notes/4.9.0.txt;doc/release_notes/5.65.0.txt;doc/release_notes/5.90.0.txt;lib/sequel/dataset/misc.rb;lib/sequel/dataset/placeholder_literalizer.rb",""
"sequel","sequel-nl-01","natural-language","literal-unindexed","Where do per-thread timezone overrides take precedence over global settings, including a sentinel that explicitly requests no timezone instead of falling back to the global value?","lib/sequel/extensions/thread_local_timezones.rb","success","0","0","0","0","","",""
"sequel","sequel-nl-02","natural-language","literal-unindexed","Where is a checked-out database connection temporarily returned to the pool during a block, reacquired in cleanup, and required to be the identical object before transaction rollback is considered safe?","lib/sequel/extensions/temporarily_release_connection.rb","success","0","0","0","0","","",""
"sequel","sequel-nl-03","natural-language","literal-unindexed","Where are connection failures while starting a transaction retried only before user code has run, with retry refused if the pool would return the same broken connection and a bounded retry count?","lib/sequel/extensions/transaction_connection_validator.rb","success","0","0","0","0","","",""
"sequel","sequel-nl-04","natural-language","literal-unindexed","Where does SQL generation hold one pooled connection while composing ordinary select and modification statements, but bypass that checkout when the dataset already contains a raw SQL string?","lib/sequel/extensions/synchronize_sql.rb","success","0","0","0","0","","",""
"sequel","sequel-nl-05","natural-language","literal-unindexed","Where is the non-sharded, single-threaded pool implemented as a lazily created single connection that is reused for blocks, disconnected on recognized connection errors, and reported as size zero or one?","lib/sequel/connection_pool/single.rb","success","0","0","0","0","","",""
"sequel","sequel-nl-06","natural-language","literal-unindexed","Where are model validation messages accumulated by attribute and formatted with attribute names, while specially marked literal messages omit that prefix and multi-attribute names are joined with “and”?","lib/sequel/model/errors.rb","success","0","0","0","0","","",""
"sequel","sequel-def-01","explicit-symbol","plain-file-bm25","Where is UpdateOrCreate implemented?","lib/sequel/plugins/update_or_create.rb","success","0","1","0.5","0.6309297535714575","2","spec/extensions/update_or_create_spec.rb;lib/sequel/plugins/update_or_create.rb;www/pages/plugins.html.erb",""
"sequel","sequel-def-02","explicit-symbol","plain-file-bm25","Where is UpdatePrimaryKey implemented?","lib/sequel/plugins/update_primary_key.rb","success","1","1","1","1","1","lib/sequel/plugins/update_primary_key.rb;spec/extensions/update_primary_key_spec.rb;www/pages/plugins.html.erb;spec/integration/plugin_test.rb;doc/CHANGELOG.old",""
"sequel","sequel-def-03","explicit-symbol","plain-file-bm25","Where is WhitelistSecurity implemented?","lib/sequel/plugins/whitelist_security.rb","success","0","1","0.5","0.6309297535714575","2","lib/sequel/plugins/blacklist_security.rb;lib/sequel/plugins/whitelist_security.rb;www/pages/plugins.html.erb",""
"sequel","sequel-def-04","explicit-symbol","plain-file-bm25","Where is ValidationContexts implemented?","lib/sequel/plugins/validation_contexts.rb","success","1","1","1","1","1","lib/sequel/plugins/validation_contexts.rb;www/pages/plugins.html.erb",""
"sequel","sequel-def-05","explicit-symbol","plain-file-bm25","Where is ASTTransformer implemented?","lib/sequel/ast_transformer.rb","success","1","1","1","1","1","lib/sequel/ast_transformer.rb;doc/release_notes/4.37.0.txt;doc/release_notes/4.11.0.txt;doc/release_notes/3.24.0.txt;spec/core/dataset_spec.rb;doc/CHANGELOG.old",""
"sequel","sequel-def-06","explicit-symbol","plain-file-bm25","Where is PlaceholderLiteralizer implemented?","lib/sequel/dataset/placeholder_literalizer.rb;lib/sequel/extensions/pg_auto_parameterize.rb","success","0","1","0.5","0.6240505200038379","2","doc/release_notes/5.65.0.txt;lib/sequel/dataset/placeholder_literalizer.rb;doc/release_notes/4.15.0.txt;spec/core/placeholder_literalizer_spec.rb;lib/sequel/extensions/pg_auto_parameterize.rb;spec/extensions/auto_literal_strings_spec.rb;doc/release_notes/5.90.0.txt;doc/release_notes/4.9.0.txt;doc/release_notes/4.10.0.txt;doc/release_notes/4.42.0.txt",""
"sequel","sequel-nl-01","natural-language","plain-file-bm25","Where do per-thread timezone overrides take precedence over global settings, including a sentinel that explicitly requests no timezone instead of falling back to the global value?","lib/sequel/extensions/thread_local_timezones.rb","success","1","1","1","1","1","lib/sequel/extensions/thread_local_timezones.rb;doc/release_notes/3.5.0.txt;doc/release_notes/3.4.0.txt;doc/release_notes/3.48.0.txt;doc/release_notes/3.11.0.txt;spec/extensions/thread_local_timezones_spec.rb;doc/release_notes/3.29.0.txt;doc/release_notes/4.48.0.txt;doc/CHANGELOG.old;doc/release_notes/3.35.0.txt",""
"sequel","sequel-nl-02","natural-language","plain-file-bm25","Where is a checked-out database connection temporarily returned to the pool during a block, reacquired in cleanup, and required to be the identical object before transaction rollback is considered safe?","lib/sequel/extensions/temporarily_release_connection.rb","success","1","1","1","1","1","lib/sequel/extensions/temporarily_release_connection.rb;spec/extensions/temporarily_release_connection_spec.rb;doc/release_notes/5.81.0.txt;doc/testing.rdoc;doc/release_notes/3.41.0.txt;lib/sequel/extensions/transaction_connection_validator.rb;doc/release_notes/5.77.0.txt;doc/release_notes/5.0.0.txt;CHANGELOG;lib/sequel/core.rb",""
"sequel","sequel-nl-03","natural-language","plain-file-bm25","Where are connection failures while starting a transaction retried only before user code has run, with retry refused if the pool would return the same broken connection and a bounded retry count?","lib/sequel/extensions/transaction_connection_validator.rb","success","1","1","1","1","1","lib/sequel/extensions/transaction_connection_validator.rb;doc/release_notes/3.45.0.txt;lib/sequel/extensions/connection_validator.rb;doc/release_notes/5.77.0.txt;lib/sequel/database/transactions.rb;spec/core/database_spec.rb;doc/testing.rdoc;CHANGELOG;lib/sequel/connection_pool/sharded_threaded.rb;doc/transactions.rdoc",""
"sequel","sequel-nl-04","natural-language","plain-file-bm25","Where does SQL generation hold one pooled connection while composing ordinary select and modification statements, but bypass that checkout when the dataset already contains a raw SQL string?","lib/sequel/extensions/synchronize_sql.rb","success","0","0","0","0","","doc/release_notes/4.9.0.txt;lib/sequel/adapters/postgres.rb;doc/security.rdoc;lib/sequel/plugins/prepared_statements.rb;doc/release_notes/3.9.0.txt;doc/CHANGELOG.old;doc/release_notes/3.8.0.txt;CHANGELOG;doc/migration.rdoc;www/pages/plugins.html.erb",""
"sequel","sequel-nl-05","natural-language","plain-file-bm25","Where is the non-sharded, single-threaded pool implemented as a lazily created single connection that is reused for blocks, disconnected on recognized connection errors, and reported as size zero or one?","lib/sequel/connection_pool/single.rb","success","0","0","0","0","","doc/release_notes/3.8.0.txt;lib/sequel/extensions/arbitrary_servers.rb;spec/core/connection_pool_spec.rb;lib/sequel/database/misc.rb;spec/extensions/connection_validator_spec.rb;spec/extensions/connection_expiration_spec.rb;lib/sequel/connection_pool.rb;CHANGELOG;lib/sequel/extensions/connection_expiration.rb;doc/CHANGELOG.old",""
"sequel","sequel-nl-06","natural-language","plain-file-bm25","Where are model validation messages accumulated by attribute and formatted with attribute names, while specially marked literal messages omit that prefix and multi-attribute names are joined with “and”?","lib/sequel/model/errors.rb","success","0","1","0.3333333333333333","0.5","3","doc/validations.rdoc;spec/model/validations_spec.rb;lib/sequel/model/errors.rb;lib/sequel/plugins/validation_helpers.rb;lib/sequel/adapters/shared/postgres.rb;doc/release_notes/2.7.0.txt;doc/release_notes/3.1.0.txt;doc/release_notes/2.12.0.txt;doc/release_notes/3.26.0.txt;lib/sequel/plugins/validation_class_methods.rb",""
